path,type,size,mode,uid,gid,mtime,scope,install_class,source,source_reference,sha256,notes
/bin,directory,0,0700,508,20,1498803204,common-installed-snapshot,base-dump-structural,S8000-2.tar,bin,,metadata from modern tar wrapper
/bin/.contents,file,2222,0664,3,0,469763031,common-installed-snapshot,base-dump-inventory,S8000-2.tar,bin/.contents,5e012e1184e6f1937f248f26583d7adf16e07033336d5e9e33a8dcf1fb4ac274,mode/uid/gid recovered from parent .contents
/bin/adb,file,48822,0751,3,0,469762886,common-installed-snapshot,base-dump-inventory,S8000-2.tar,bin/adb,56fdc57f2682105f67b1100ca4c6ab4fa0dcd467e0085a8e16dcb375d91d1467,mode/uid/gid recovered from parent .contents
/bin/ar,file,12908,0751,3,0,469762833,common-installed-snapshot,base-dump-inventory,S8000-2.tar,bin/ar,ca9525f79942c3060d36cde20781e02a5d6a07cd1fb310c5d111e8a764c7a859,mode/uid/gid recovered from parent .contents
/bin/bc,file,14336,0751,3,0,469762896,common-installed-snapshot,base-dump-inventory,S8000-2.tar,bin/bc,0f60ae3a24c0a6dfb8679198d568e094ced2ebde57a7cdb8b19fbe94b101fb8d,mode/uid/gid recovered from parent .contents
/bin/cas,file,91724,0751,3,0,534374110,common-installed-snapshot,base-dump-inventory,S8000-2.tar,bin/cas,fb3564b50592ab0c7aa418256a4c8e42f0e30f29ba188927167f74db3d26f78b,mode/uid/gid recovered from parent .contents
/bin/cat,file,5538,0751,3,0,469762837,common-installed-snapshot,base-dump-inventory,S8000-2.tar,bin/cat,bd593d2e653b747cf0c4e9b64ef947107668020ec760df7e129a8fb1edd9b743,mode/uid/gid recovered from parent .contents
/bin/cc,file,15146,0751,3,0,534374088,common-installed-snapshot,base-dump-inventory,S8000-2.tar,bin/cc,2aa5e8750f6f6bb6cf73286e57538928c57438d3abe5cbac136fddf7d14832a1,mode/uid/gid recovered from parent .contents
/bin/chgrp,file,8888,0751,3,0,469762906,common-installed-snapshot,base-dump-inventory,S8000-2.tar,bin/chgrp,fd5313da74fba2cbe839f5ccf69f1b32b860a2db62148476957936cab633c2b8,mode/uid/gid recovered from parent .contents
/bin/chkdiff,file,1487,0755,3,0,469762826,common-installed-snapshot,base-dump-inventory,S8000-2.tar,bin/chkdiff,caa3fc97346e0440064002e4d19fb32ea2bbd99f4d14dc4e08d723c2c7e2c77d,mode/uid/gid recovered from parent .contents
/bin/chkin,file,18072,0751,3,0,469762824,common-installed-snapshot,base-dump-inventory,S8000-2.tar,bin/chkin,84b541f941a91b9144254378bbd2f6536057b2320402001c0364500e066d005f,mode/uid/gid recovered from parent .contents
/bin/chkout,file,12244,0751,3,0,469762825,common-installed-snapshot,base-dump-inventory,S8000-2.tar,bin/chkout,aefec27db2c2eca0ff91087b13b3a6ccf2f9bcbff9e3090f14d46b81c942c584,mode/uid/gid recovered from parent .contents
/bin/chkwhat,file,6364,0751,3,0,469762826,common-installed-snapshot,base-dump-inventory,S8000-2.tar,bin/chkwhat,1693b7c57a9d77876e7efa40542eb2532076874132038ac749579d89eab8abad,mode/uid/gid recovered from parent .contents
/bin/chmod,file,4668,0751,3,0,469762837,common-installed-snapshot,base-dump-inventory,S8000-2.tar,bin/chmod,469f3f0c69ca1b24b8670ac86d9b06fdcd18ce5415b0d40a86bd737e6207d4da,mode/uid/gid recovered from parent .contents
/bin/chown,file,8734,0751,3,0,469762907,common-installed-snapshot,base-dump-inventory,S8000-2.tar,bin/chown,572c3360d3fb0cd8effe4b02a50a7f187e83b04214a620311457914fd2172cd2,mode/uid/gid recovered from parent .contents
/bin/cmp,file,7378,0751,3,0,469762838,common-installed-snapshot,base-dump-inventory,S8000-2.tar,bin/cmp,cc0eb5e4927fceba72f3315ea68286028d93818b7fd39dea10966e27db13bb23,mode/uid/gid recovered from parent .contents
/bin/cp,file,9378,0751,3,0,469762838,common-installed-snapshot,base-dump-inventory,S8000-2.tar,bin/cp,8b4fba9dedbff3ee9a86b0f36d2c02a3ef57ddf808a7170383e8886d3cf30172,mode/uid/gid recovered from parent .contents
/bin/csh,file,46326,0751,3,0,469762829,common-installed-snapshot,base-dump-inventory,S8000-2.tar,bin/csh,0e994a84b9f1cfc12d67e768d24f29194cc9b20fa377b644d4ed081ce5b1f6da,mode/uid/gid recovered from parent .contents
/bin/date,file,9248,0751,3,0,469762839,common-installed-snapshot,base-dump-inventory,S8000-2.tar,bin/date,d339d73964d0974cdd1a9834968c1e50f4b5707c746b47812cb66e0ba767b9fd,mode/uid/gid recovered from parent .contents
/bin/dc,file,24384,0751,3,0,469762831,common-installed-snapshot,base-dump-inventory,S8000-2.tar,bin/dc,683e6df805ee5727928870e476988774a6b3ccc0ec59486e41bf57889e7bfe39,mode/uid/gid recovered from parent .contents
/bin/dd,file,8612,0751,3,0,469762840,common-installed-snapshot,base-dump-inventory,S8000-2.tar,bin/dd,be4aa9d98896a83faa1432b8b8705373fb0089ceb72df227ffe97196cb9acd64,mode/uid/gid recovered from parent .contents
/bin/df,file,7380,4751,3,0,469762840,common-installed-snapshot,base-dump-inventory,S8000-2.tar,bin/df,c0f3d88968aadad570e21c2da5b664b31cbf66f07cc394d63fdb8c3c32acef72,mode/uid/gid recovered from parent .contents
/bin/diff,file,12258,0751,3,0,469762841,common-installed-snapshot,base-dump-inventory,S8000-2.tar,bin/diff,af128aa7705f1b7a4f91ec56695dcd74b4b1dbf3b5605368335bb6256c65141f,mode/uid/gid recovered from parent .contents
/bin/dog,file,8330,0751,3,0,469762842,common-installed-snapshot,base-dump-inventory,S8000-2.tar,bin/dog,7d2f8dc344be8dd212cbd641c965c4ab944ba4dd8e2b8def4953107be0859266,mode/uid/gid recovered from parent .contents
/bin/du,file,6738,0751,3,0,469762842,common-installed-snapshot,base-dump-inventory,S8000-2.tar,bin/du,e69474eeb3b53c1aed52f18b5c648c3d112262c02c068d3dfe8741b4ae3d0bdd,mode/uid/gid recovered from parent .contents
/bin/echo,file,1938,0751,3,0,469762842,common-installed-snapshot,base-dump-inventory,S8000-2.tar,bin/echo,ef389ef5adf82e1da0b1827e87c35f006be922e7d34093ea4f851a176758d8bf,mode/uid/gid recovered from parent .contents
/bin/echo2,file,1834,0751,3,0,469762843,common-installed-snapshot,base-dump-inventory,S8000-2.tar,bin/echo2,a41b8ffdeb76bd709399ff979bc11e3e753db9e0c0a2cb3459aa18154568efa3,mode/uid/gid recovered from parent .contents
/bin/ed,file,22972,0751,3,0,469762844,common-installed-snapshot,base-dump-inventory,S8000-2.tar,bin/ed,fc00f61e698d9359d0c5fcee35a2553c69d8067755bcac304b5a33902f5481bc,mode/uid/gid recovered from parent .contents
/bin/edit,file,68358,0751,3,0,469762890,common-installed-snapshot,base-dump-inventory,S8000-2.tar,bin/edit,7b9cacbfd784ce1a9b54b46af8ac6cc543b978db0ce47a0a172fe8d99323da9d,mode/uid/gid recovered from parent .contents
/bin/egrep,file,12618,0751,3,0,469762846,common-installed-snapshot,base-dump-inventory,S8000-2.tar,bin/egrep,06a53fa223dab6da8789f66e2788a3b137930da5518e4a087d7964c9f5866bfd,mode/uid/gid recovered from parent .contents
/bin/env,file,6090,0751,0,0,469762908,common-installed-snapshot,base-dump-inventory,S8000-2.tar,bin/env,f8fcb9f32f8cf1875c244b38486c1859d8633b9f15811e614da2e6a4db70d758,mode/uid/gid recovered from parent .contents
/bin/ex,file,68358,0751,3,0,469762890,common-installed-snapshot,base-dump-inventory,S8000-2.tar,bin/ex,7b9cacbfd784ce1a9b54b46af8ac6cc543b978db0ce47a0a172fe8d99323da9d,mode/uid/gid recovered from parent .contents
/bin/file,file,11146,0751,3,0,469762847,common-installed-snapshot,base-dump-inventory,S8000-2.tar,bin/file,1f1c1a9d3745147aadc045e7ac8089a813a88503df7754beda19dcbc0cb7ef18,mode/uid/gid recovered from parent .contents
/bin/find,file,15612,0751,3,0,469762848,common-installed-snapshot,base-dump-inventory,S8000-2.tar,bin/find,0e4a7a158e19b7f2924313b4790c5065440102a56e91146f3e0f3ef575cdad0a,mode/uid/gid recovered from parent .contents
/bin/getfile,file,10184,0751,3,0,469762852,common-installed-snapshot,base-dump-inventory,S8000-2.tar,bin/getfile,3ddbf9a160463b20608c9d5af05182a768a4d5c2c21503df8c34347e25247160,mode/uid/gid recovered from parent .contents
/bin/gets,file,6052,0751,3,0,469762852,common-installed-snapshot,base-dump-inventory,S8000-2.tar,bin/gets,9af567c7e5ddf6a121d91189620548f9c8193a310a0ab53745d52e90b2925e3b,mode/uid/gid recovered from parent .contents
/bin/gpasswd,file,14302,4751,0,0,469762853,common-installed-snapshot,base-dump-inventory,S8000-2.tar,bin/gpasswd,77498d72eab333959f03c7dde2e29df56187c24d5c054ca2a646db37f16480a9,mode/uid/gid recovered from parent .contents
/bin/grep,file,10194,0751,3,0,469762854,common-installed-snapshot,base-dump-inventory,S8000-2.tar,bin/grep,ce271409652c7f7bd16aadd5e7efb5faaa8a7c9ae5d2ac277eeadaa38c73cd6c,mode/uid/gid recovered from parent .contents
/bin/hd,file,7526,0751,3,0,469762864,common-installed-snapshot,base-dump-inventory,S8000-2.tar,bin/hd,e1421683115d9ee8ab23747cafb878b2cf3f527cec56fd68ae45a531aeee40ae,mode/uid/gid recovered from parent .contents
/bin/kill,file,4388,0751,3,0,469762854,common-installed-snapshot,base-dump-inventory,S8000-2.tar,bin/kill,8e5e08730dc8a6c1bef1d36e7e51173b49899049ffe79ab095298d482fd0542c,mode/uid/gid recovered from parent .contents
/bin/last,file,12132,0751,3,0,469762911,common-installed-snapshot,base-dump-inventory,S8000-2.tar,bin/last,60b4370492e16e5920b02f78210d439e6598fe1cb418720403f1d8db3eb99cc6,mode/uid/gid recovered from parent .contents
/bin/ld,file,22212,0751,3,0,469762832,common-installed-snapshot,base-dump-inventory,S8000-2.tar,bin/ld,66743ceaadbc138d6a9c75143fed37d5a64353e50579294c5ccbb2ec019e904c,mode/uid/gid recovered from parent .contents
/bin/ln,file,9378,0751,3,0,469762838,common-installed-snapshot,base-dump-inventory,S8000-2.tar,bin/ln,8b4fba9dedbff3ee9a86b0f36d2c02a3ef57ddf808a7170383e8886d3cf30172,mode/uid/gid recovered from parent .contents
/bin/local,file,8642,0751,3,0,469762855,common-installed-snapshot,base-dump-inventory,S8000-2.tar,bin/local,982c1f312fa63c21e886c10c0219f3625402c67810eb1c6d0b1d960f8153ab35,mode/uid/gid recovered from parent .contents
/bin/login,file,18198,4751,0,0,469762856,common-installed-snapshot,base-dump-inventory,S8000-2.tar,bin/login,cbd641164adf5533ecf397e69e6f029611e1ac618f33333e812398d0dc4fde83,mode/uid/gid recovered from parent .contents
/bin/ls,file,13512,0751,3,0,469762857,common-installed-snapshot,base-dump-inventory,S8000-2.tar,bin/ls,fcbaee046f8014fe4abd28726dbe7459676d4d939a74a1da5da76a6e19d9fa68,mode/uid/gid recovered from parent .contents
/bin/mail,file,18984,4751,0,0,469762858,common-installed-snapshot,base-dump-inventory,S8000-2.tar,bin/mail,c927c2daff35e52cb6fa9904cfc20bdb9ab89d42b2adcca5f29890ab46bc93cf,mode/uid/gid recovered from parent .contents
/bin/make,file,39048,0751,3,0,469762898,common-installed-snapshot,base-dump-inventory,S8000-2.tar,bin/make,b2708af8faf49e542cdadd2aac10f2d0560db9782c4e0b8d730aeeb8b4335bff,mode/uid/gid recovered from parent .contents
/bin/mkdir,file,4766,4751,0,0,469762859,common-installed-snapshot,base-dump-inventory,S8000-2.tar,bin/mkdir,2ccff5b5b9e306411ff0878fe8db0d897305f134041c218c96fee95265e7df37,mode/uid/gid recovered from parent .contents
/bin/more,file,19204,0751,3,0,469762882,common-installed-snapshot,base-dump-inventory,S8000-2.tar,bin/more,340a876bb803e295bf9ffa0e633987553011cb094dc07af64072100b56d4d763,mode/uid/gid recovered from parent .contents
/bin/mv,file,9378,4751,0,0,469762859,common-installed-snapshot,base-dump-inventory,S8000-2.tar,bin/mv,8b4fba9dedbff3ee9a86b0f36d2c02a3ef57ddf808a7170383e8886d3cf30172,mode/uid/gid recovered from parent .contents
/bin/newgrp,file,12882,4751,0,0,469762860,common-installed-snapshot,base-dump-inventory,S8000-2.tar,bin/newgrp,0103754982a425b19b95eb08c11fc5bfe6f2eaae7e50fdddd4598190b8ea9e0d,mode/uid/gid recovered from parent .contents
/bin/nice,file,7218,0751,3,0,469762861,common-installed-snapshot,base-dump-inventory,S8000-2.tar,bin/nice,aa9f17ff4ff5d246659c9633c7d26f763ea57cd5bbcb382cdbc4b0689cf15be6,mode/uid/gid recovered from parent .contents
/bin/nl,file,11518,0751,3,0,469762862,common-installed-snapshot,base-dump-inventory,S8000-2.tar,bin/nl,73ea2441c6cb058d3b123e8b79991734e7be9a5fe3faf349e5c4ad700efec528,mode/uid/gid recovered from parent .contents
/bin/nm,file,12026,0751,3,0,469762862,common-installed-snapshot,base-dump-inventory,S8000-2.tar,bin/nm,989765bf75c156c666bc84f7f5eddd3e837e528940b8a2ef8486191f8a221b04,mode/uid/gid recovered from parent .contents
/bin/nohup,file,5942,0751,3,0,469762863,common-installed-snapshot,base-dump-inventory,S8000-2.tar,bin/nohup,e275328666d270aaae6950d1394795da33983308412506ffabbcd74456997ac0,mode/uid/gid recovered from parent .contents
/bin/od,file,7526,0751,3,0,469762864,common-installed-snapshot,base-dump-inventory,S8000-2.tar,bin/od,e1421683115d9ee8ab23747cafb878b2cf3f527cec56fd68ae45a531aeee40ae,mode/uid/gid recovered from parent .contents
/bin/page,file,19204,0751,3,0,469762882,common-installed-snapshot,base-dump-inventory,S8000-2.tar,bin/page,340a876bb803e295bf9ffa0e633987553011cb094dc07af64072100b56d4d763,mode/uid/gid recovered from parent .contents
/bin/passwd,file,14554,4751,0,0,469762865,common-installed-snapshot,base-dump-inventory,S8000-2.tar,bin/passwd,f06d74358ac7c7d339a86aaee08d84c97b4a5adb35b9e042fcff84eb9d9121c7,mode/uid/gid recovered from parent .contents
/bin/pr,file,12928,0751,3,0,469762865,common-installed-snapshot,base-dump-inventory,S8000-2.tar,bin/pr,b78ff1b59bd70d7fbea9a7697ee379419fa0fc09f2a88852e244680425936e9e,mode/uid/gid recovered from parent .contents
/bin/printenv,file,3998,0751,3,0,469762866,common-installed-snapshot,base-dump-inventory,S8000-2.tar,bin/printenv,4602277d681c45f5b3f175012bcd09ecb6ef72a20f397c4b75b89f0832d629e6,mode/uid/gid recovered from parent .contents
/bin/ps,file,23386,0751,3,0,469762867,common-installed-snapshot,base-dump-inventory,S8000-2.tar,bin/ps,0f8bd6e1b600a32583dd1cf49696b7210aa0ad8a683f09b0100bd6f255e6ddb6,mode/uid/gid recovered from parent .contents
/bin/pstat,file,15792,0751,3,0,469762868,common-installed-snapshot,base-dump-inventory,S8000-2.tar,bin/pstat,91789e194633fb36b78aaf9eddb357c0c076cc530b2f3dc7ae8233132f652b62,mode/uid/gid recovered from parent .contents
/bin/putfile,file,10018,0751,3,0,469762883,common-installed-snapshot,base-dump-inventory,S8000-2.tar,bin/putfile,d4d5c32ad75c85101f1c5bfb20c8cbdd3d47469e995121e60e9fdc04cc64c697,mode/uid/gid recovered from parent .contents
/bin/pwd,file,4494,0751,3,0,469762869,common-installed-snapshot,base-dump-inventory,S8000-2.tar,bin/pwd,0eb826530034aacbe2409c89749290f7334f4df5432b7fbcb1b2a01f544f806a,mode/uid/gid recovered from parent .contents
/bin/regcmp,file,8844,0751,3,0,469762906,common-installed-snapshot,base-dump-inventory,S8000-2.tar,bin/regcmp,c1b492a1f5a58f63f4a9a61318b8e5c2155a0405c66fd8eb10aedc13f5d3c877,mode/uid/gid recovered from parent .contents
/bin/remote,file,15346,0751,3,0,469762870,common-installed-snapshot,base-dump-inventory,S8000-2.tar,bin/remote,9b0aff68fc89a05488c456a369e714864402d196bdffc9153f1b64ec935b4473,mode/uid/gid recovered from parent .contents
/bin/rm,file,9666,0751,3,0,469762870,common-installed-snapshot,base-dump-inventory,S8000-2.tar,bin/rm,545aa1b52aaf2556e14dc99f9edc2793194bd6004f91a093c42c0b21eaa92ff4,mode/uid/gid recovered from parent .contents
/bin/rmail,file,18984,4751,0,0,469762858,common-installed-snapshot,base-dump-inventory,S8000-2.tar,bin/rmail,c927c2daff35e52cb6fa9904cfc20bdb9ab89d42b2adcca5f29890ab46bc93cf,mode/uid/gid recovered from parent .contents
/bin/rmdir,file,5374,4751,0,0,469762871,common-installed-snapshot,base-dump-inventory,S8000-2.tar,bin/rmdir,989876340afb544e8e24bc926016f9d76a0d358a22cdd880f093dfe9d5fbe131,mode/uid/gid recovered from parent .contents
/bin/rsh,file,24052,0751,3,0,469762892,common-installed-snapshot,base-dump-inventory,S8000-2.tar,bin/rsh,7e2084ca356afc22f9cdbbe3b858f8f711e330a9fd7a538363be414594b7d5d4,mode/uid/gid recovered from parent .contents
/bin/scc,file,15146,0751,3,0,534374092,common-installed-snapshot,base-dump-inventory,S8000-2.tar,bin/scc,2aa5e8750f6f6bb6cf73286e57538928c57438d3abe5cbac136fddf7d14832a1,mode/uid/gid recovered from parent .contents
/bin/sh,file,24052,0751,3,0,469762892,common-installed-snapshot,base-dump-inventory,S8000-2.tar,bin/sh,7e2084ca356afc22f9cdbbe3b858f8f711e330a9fd7a538363be414594b7d5d4,mode/uid/gid recovered from parent .contents
/bin/size,file,6210,0751,3,0,469762871,common-installed-snapshot,base-dump-inventory,S8000-2.tar,bin/size,9b9d7961c9d590b22d75889407cdb666c48f9fb8b05d9e031ee837a8b99c30b5,mode/uid/gid recovered from parent .contents
/bin/sld,file,46138,0751,3,0,534374121,common-installed-snapshot,base-dump-inventory,S8000-2.tar,bin/sld,216368964f458aac1573c9cc0f8e7c022339f8af712253dfb4c932eb48c25dc8,mode/uid/gid recovered from parent .contents
/bin/sleep,file,4316,0751,3,0,469762872,common-installed-snapshot,base-dump-inventory,S8000-2.tar,bin/sleep,c3e2deddb919a7b9206bd8da63e58789cdcfa722b53dd1ba3f0d0ca9da753554,mode/uid/gid recovered from parent .contents
/bin/sort,file,12528,0751,3,0,469762872,common-installed-snapshot,base-dump-inventory,S8000-2.tar,bin/sort,d34f1be255d68d49b0a8318277fb095b05ee90d3d3610abf46d93bb46ab4c418,mode/uid/gid recovered from parent .contents
/bin/stty,file,15928,0751,3,0,469762873,common-installed-snapshot,base-dump-inventory,S8000-2.tar,bin/stty,2d8850b290e391cd30c586cfd01e864bf85f7798b69e9d28b1cbc111168054dc,mode/uid/gid recovered from parent .contents
/bin/su,file,14216,4751,0,0,469762881,common-installed-snapshot,base-dump-inventory,S8000-2.tar,bin/su,8070e4d7ebfbd173403d2041cc4cf0e41fde134d74aa01108e5ebe56a2f4b1f0,mode/uid/gid recovered from parent .contents
/bin/sum,file,5060,0751,3,0,469762874,common-installed-snapshot,base-dump-inventory,S8000-2.tar,bin/sum,3eac68f955f28baec957674f451cda2a88b4b4e51bf59dce12aba6774a243310,mode/uid/gid recovered from parent .contents
/bin/sync,file,188,0751,3,0,469762874,common-installed-snapshot,base-dump-inventory,S8000-2.tar,bin/sync,9084e62f95347d68e86e58c4ab68f5d186da5c6d122fae3af8de2a7e0de09a53,mode/uid/gid recovered from parent .contents
/bin/tail,file,5660,0751,3,0,469762874,common-installed-snapshot,base-dump-inventory,S8000-2.tar,bin/tail,ba4c3a62f4aab868733a4ffa7b8ebe4dedac658be12b34956ebff700b61c0cab,mode/uid/gid recovered from parent .contents
/bin/tar,file,21142,0751,3,0,469762876,common-installed-snapshot,base-dump-inventory,S8000-2.tar,bin/tar,db986780675e081171f31dd622c7c42fc70b72f076fc011ede552385d78e8b63,mode/uid/gid recovered from parent .contents
/bin/tee,file,1074,0751,3,0,469762876,common-installed-snapshot,base-dump-inventory,S8000-2.tar,bin/tee,0fc8a7306e55ddefe7295476dca955ba7fb3160cf19faa60784445868dac7b04,mode/uid/gid recovered from parent .contents
/bin/test,file,2478,0751,3,0,469762876,common-installed-snapshot,base-dump-inventory,S8000-2.tar,bin/test,cab66a2343114431e12335a3335f54d5b35014c246882a1c1fecd3498c353117,mode/uid/gid recovered from parent .contents
/bin/time,file,7812,0751,3,0,469762877,common-installed-snapshot,base-dump-inventory,S8000-2.tar,bin/time,57350507a8f19610de71c6c10c22cfca3c3e8e7fd552d25988eba692d4bea819,mode/uid/gid recovered from parent .contents
/bin/touch,file,9474,0751,3,0,469762877,common-installed-snapshot,base-dump-inventory,S8000-2.tar,bin/touch,028bb5d34389db4ddb31c83d166515518bced2612c1b1c03233be69f9c37a9de,mode/uid/gid recovered from parent .contents
/bin/tr,file,6532,0751,3,0,469762878,common-installed-snapshot,base-dump-inventory,S8000-2.tar,bin/tr,298d483625ca9856ef762efc14479d494479d25c08e34ce149ae03666dea84d8,mode/uid/gid recovered from parent .contents
/bin/uname,file,2886,0751,3,0,469762906,common-installed-snapshot,base-dump-inventory,S8000-2.tar,bin/uname,964b0be32ce2e4c95fa47d393113c77c121f6dd046c22cea9d631c36081c01b7,mode/uid/gid recovered from parent .contents
/bin/uucp,file,27406,4111,2,0,469762846,common-installed-snapshot,base-dump-inventory,S8000-2.tar,bin/uucp,cdd57b6ec477fe639e1be9600c2a7cc8da8da2c66db6f911fd0181feebebeba9,mode/uid/gid recovered from parent .contents
/bin/uulog,file,15190,4111,2,0,469762849,common-installed-snapshot,base-dump-inventory,S8000-2.tar,bin/uulog,86726da9b34e9f304729b0f2156c3b926be0684970eedd6b11c7c34515204e4a,mode/uid/gid recovered from parent .contents
/bin/uuname,file,6906,4111,2,0,469762910,common-installed-snapshot,base-dump-inventory,S8000-2.tar,bin/uuname,e45390930885e2403c7868825ea48e40fa7ea9582cb05fdea5817e18e359b88f,mode/uid/gid recovered from parent .contents
/bin/uupick,file,1925,0555,2,0,469762908,common-installed-snapshot,base-dump-inventory,S8000-2.tar,bin/uupick,db6e37e40e568953b018230d44af40ce4294826401bbf34d8a759ad7a72b240a,mode/uid/gid recovered from parent .contents
/bin/uustat,file,19452,4111,2,0,469762910,common-installed-snapshot,base-dump-inventory,S8000-2.tar,bin/uustat,90b406215012f4d52eabd0389db2b3fb30f5e3ed84d2276dd99316e8823c04d4,mode/uid/gid recovered from parent .contents
/bin/uuto,file,993,0555,2,0,469762908,common-installed-snapshot,base-dump-inventory,S8000-2.tar,bin/uuto,3d039c50eaa5eead987108d6c4ecf7232907610bc9c288f404d98356b73d67e6,mode/uid/gid recovered from parent .contents
/bin/uux,file,26320,4111,2,0,469762851,common-installed-snapshot,base-dump-inventory,S8000-2.tar,bin/uux,ab8208914d65bc1a4f79e7dcd047c9477037f9e44b0030f378bf14b7bb305bdc,mode/uid/gid recovered from parent .contents
/bin/vi,file,68358,0751,3,0,469762890,common-installed-snapshot,base-dump-inventory,S8000-2.tar,bin/vi,7b9cacbfd784ce1a9b54b46af8ac6cc543b978db0ce47a0a172fe8d99323da9d,mode/uid/gid recovered from parent .contents
/bin/view,file,68358,0751,3,0,469762890,common-installed-snapshot,base-dump-inventory,S8000-2.tar,bin/view,7b9cacbfd784ce1a9b54b46af8ac6cc543b978db0ce47a0a172fe8d99323da9d,mode/uid/gid recovered from parent .contents
/bin/whereis,file,6444,0751,3,0,469762879,common-installed-snapshot,base-dump-inventory,S8000-2.tar,bin/whereis,7df2002c6de43b46424254a1ef7cfd7bd236ddf0dff4c4b52fcb4f54c09f480c,mode/uid/gid recovered from parent .contents
/bin/who,file,11540,0751,3,0,469762879,common-installed-snapshot,base-dump-inventory,S8000-2.tar,bin/who,2a8cf81ad609e1e43eddb4b4720b34410c3513bc9cb20140d5b88160ec35d25b,mode/uid/gid recovered from parent .contents
/bin/whodo,file,713,0755,3,0,469762880,common-installed-snapshot,base-dump-inventory,S8000-2.tar,bin/whodo,3f9fc4ddac37ab62e3c2b73161aad380c8d39ef3905eff6b49b1ed90e5642fc8,mode/uid/gid recovered from parent .contents
/bin/write,file,7346,0751,3,0,469762880,common-installed-snapshot,base-dump-inventory,S8000-2.tar,bin/write,96e75ad32427b8606e78a18a68f93b6b2d457fd6643d329f2de026d578a44be0,mode/uid/gid recovered from parent .contents
/core,file,8448,0600,508,20,564904231,common-installed-snapshot,unclassified-installed-snapshot,S8000-2.tar,core,711df298f23f0f683eca1c74dc0ce45963b57e74224e96eeb7a6456b15617eb0,metadata from modern tar wrapper
/dev,directory,0,0700,508,20,1498803204,common-installed-snapshot,base-dump-structural,S8000-2.tar,dev,,metadata from modern tar wrapper
/dev/.contents,file,1452,0664,3,0,469763049,common-installed-snapshot,base-dump-inventory,S8000-2.tar,dev/.contents,596701eb105f326d5e24fb7a19be5af4b807c6a41f7bd07d45fcec5ae5cf96d5,mode/uid/gid recovered from parent .contents
/etc,directory,0,0700,508,20,1498803204,common-installed-snapshot,base-dump-structural,S8000-2.tar,etc,,metadata from modern tar wrapper
/etc/.contents,file,1628,0664,3,0,469763339,common-installed-snapshot,base-dump-inventory,S8000-2.tar,etc/.contents,3caad185986e82bb65a92589c98d3d20841afc00a59e1ec0dc72fa2131ca01fc,mode/uid/gid recovered from parent .contents
/etc/adduser,file,5532,0700,0,0,469762965,common-installed-snapshot,base-dump-inventory,S8000-2.tar,etc/adduser,5e5b4777c65f8e76069791896d1858e159d7b6bb2ac13904a4776c0d0cdac47f,mode/uid/gid recovered from parent .contents
/etc/checklist,file,38,0644,3,0,469762974,common-installed-snapshot,base-dump-inventory,S8000-2.tar,etc/checklist,52259ea32b8f47c9659a61f3d1bec0237c5255176abb5cb8f39cb3eadb737a6e,mode/uid/gid recovered from parent .contents
/etc/chmog,file,9984,4750,0,0,469762967,common-installed-snapshot,base-dump-inventory,S8000-2.tar,etc/chmog,da2979bd33ca7891fdcced5a234748b48bad732f43464a2859dcbc9a645b80b8,mode/uid/gid recovered from parent .contents
/etc/chog,file,9984,4750,0,0,469762967,common-installed-snapshot,base-dump-inventory,S8000-2.tar,etc/chog,da2979bd33ca7891fdcced5a234748b48bad732f43464a2859dcbc9a645b80b8,mode/uid/gid recovered from parent .contents
/etc/chroot,file,6356,0700,0,0,469762998,common-installed-snapshot,base-dump-inventory,S8000-2.tar,etc/chroot,1f874436bc76bf53035c5e2421193228288a6448c3865de1112c56b3eea27d11,mode/uid/gid recovered from parent .contents
/etc/clri,file,4562,4750,3,0,469762967,common-installed-snapshot,base-dump-inventory,S8000-2.tar,etc/clri,01d4d8e810fcc368a0029337bdb391af4efedd6c08793b527ec7ca7dd2539d1b,mode/uid/gid recovered from parent .contents
/etc/cron,file,6778,0700,3,0,469762968,common-installed-snapshot,base-dump-inventory,S8000-2.tar,etc/cron,4c1b9ec9a2da0a83a80fa3c2cffa2b9e59d2609a044f0172fe0bddb6cf1fd274,mode/uid/gid recovered from parent .contents
/etc/cshprofile,file,71,0644,3,0,469762991,common-installed-snapshot,base-dump-inventory,S8000-2.tar,etc/cshprofile,af0d5b234c54e0807a1bc94bec7f387f37d9bfcbf6d6791524a5d39f3a377815,mode/uid/gid recovered from parent .contents
/etc/datem,file,11008,0700,0,0,469762971,common-installed-snapshot,base-dump-inventory,S8000-2.tar,etc/datem,47d9599fce1d655197b0d1f3afe130765134471995dfc5d6d2a861ee05b26b12,mode/uid/gid recovered from parent .contents
/etc/dcheck,file,5390,4750,3,0,469762969,common-installed-snapshot,base-dump-inventory,S8000-2.tar,etc/dcheck,bdf99a204038af6269ba02ec11564eb422933aa17d5bc933b4836a8486181692,mode/uid/gid recovered from parent .contents
/etc/ddate,file,88,0600,3,0,664331623,common-installed-snapshot,base-dump-inventory,S8000-2.tar,etc/ddate,bc6956c9ec623198df5202e499e90f8307f2360f524b3b2d3e3ca7f65993fe00,mode/uid/gid recovered from parent .contents
/etc/devnm,file,5360,0750,3,0,469762997,common-installed-snapshot,base-dump-inventory,S8000-2.tar,etc/devnm,a95de582ac8a136aec583053450b572c58baa13c41e58f41f1a7aa47bf3228fd,mode/uid/gid recovered from parent .contents
/etc/down,file,749,0700,0,0,469762969,common-installed-snapshot,base-dump-inventory,S8000-2.tar,etc/down,33fee89ebba95d272f8c11926602549fbc74c84e6f22a92efc4c056d17f3603b,mode/uid/gid recovered from parent .contents
/etc/dqueuer,file,38766,4700,0,0,469762984,common-installed-snapshot,base-dump-inventory,S8000-2.tar,etc/dqueuer,b88237c5115ff0ece7f742282262d95afeca3628a98cb19829ef92c66ff624ec,mode/uid/gid recovered from parent .contents
/etc/dump,file,14826,0750,3,0,469762970,common-installed-snapshot,base-dump-inventory,S8000-2.tar,etc/dump,4c3fa8a352db5ab8b5d8b3e03bdc9922d679c4c8667b9024881e8f7b37eb06be,mode/uid/gid recovered from parent .contents
/etc/dumpdir,file,227,4751,3,0,469762970,common-installed-snapshot,base-dump-inventory,S8000-2.tar,etc/dumpdir,dd0492267f562b1d92f39883efdce2524d7ce65702dc92414be396c67afb9bc3,mode/uid/gid recovered from parent .contents
/etc/fsck,file,22600,4750,3,0,469762991,common-installed-snapshot,base-dump-inventory,S8000-2.tar,etc/fsck,ab5bae4f35fb28ee1d7824a6c42d518964e00633bd1d29591b84922ffcf6a21e,mode/uid/gid recovered from parent .contents
/etc/fsdb,file,17134,0700,0,0,469762985,common-installed-snapshot,base-dump-inventory,S8000-2.tar,etc/fsdb,a24df6b7119fe698bf6112c26a79c484ca07bcc37f4f0f7c580764cc401c32c0,mode/uid/gid recovered from parent .contents
/etc/group,file,43,0644,0,0,661837292,common-installed-snapshot,base-dump-inventory,S8000-2.tar,etc/group,20116024f530deed67cb8216daa3078b4a7b7c3db8f25a470abfb4c3053ae0e2,mode/uid/gid recovered from parent .contents
/etc/halt,file,643,0700,0,0,469762971,common-installed-snapshot,base-dump-inventory,S8000-2.tar,etc/halt,15b281e159d1c5a0d062a207b90360f198b691d2b1b5911d40f15c41a3cca287,mode/uid/gid recovered from parent .contents
/etc/icheck,file,8612,4750,3,0,469762973,common-installed-snapshot,base-dump-inventory,S8000-2.tar,etc/icheck,0fc9e277ca32b537eb52b456864c8c23f83151e6b81716c9a3c24c8cfae96a62,mode/uid/gid recovered from parent .contents
/etc/icpcntrl,file,9604,0500,0,0,469763324,common-installed-snapshot,base-dump-inventory,S8000-2.tar,etc/icpcntrl,1559f29ddcd8f9f8f17d897a6db2fb50606e1feb8639cd56de19038a7a14387c,mode/uid/gid recovered from parent .contents
/etc/icpload,file,13212,0500,0,0,469763323,common-installed-snapshot,base-dump-inventory,S8000-2.tar,etc/icpload,d4539be65632b77a39b2314b0ab1f035646d3de43e6b75318f826899158f967f,mode/uid/gid recovered from parent .contents
/etc/inittab,file,455,0664,0,0,534457626,common-installed-snapshot,base-dump-inventory,S8000-2.tar,etc/inittab,f383b6520bc1fde907d4eb050650946ca1d2fee51d6758f5ab391e91962a1cc3,mode/uid/gid recovered from parent .contents
/etc/install,file,4489,0750,3,0,469762998,common-installed-snapshot,base-dump-inventory,S8000-2.tar,etc/install,5747f6d47a34bc5ba893eaac02f82a94f6f21a32654b984d40e33958a3acb46b,mode/uid/gid recovered from parent .contents
/etc/kdb,file,8328,4700,0,0,469762981,common-installed-snapshot,base-dump-inventory,S8000-2.tar,etc/kdb,54fdae50ed6f8410cb975420b97f03d6baa86bf1a4574f64f127267eb1ec827f,mode/uid/gid recovered from parent .contents
/etc/killall,file,10336,0700,0,0,469762996,common-installed-snapshot,base-dump-inventory,S8000-2.tar,etc/killall,280e96b91afcfa23e6f020e90cd1f853c33d71797ca2b4b30a6d43e96aa46c2c,mode/uid/gid recovered from parent .contents
/etc/labelit,file,10878,4750,0,0,469762965,common-installed-snapshot,base-dump-inventory,S8000-2.tar,etc/labelit,240d7fbaa0eb36db20f61556dcacbe34ecab9ec4de0cb9db760fb5ee62bf3e60,mode/uid/gid recovered from parent .contents
/etc/link,file,326,0700,0,0,469762974,common-installed-snapshot,base-dump-inventory,S8000-2.tar,etc/link,b5915261df682f835592e6d3109e9ae2a3756ff4b202e42da888f12c3e596f13,mode/uid/gid recovered from parent .contents
/etc/login,file,18198,4751,0,0,469762856,common-installed-snapshot,base-dump-inventory,S8000-2.tar,etc/login,cbd641164adf5533ecf397e69e6f029611e1ac618f33333e812398d0dc4fde83,mode/uid/gid recovered from parent .contents
/etc/makenewfs,file,4410,0000,0,0,462,common-installed-snapshot,base-dump-inventory,S8000-2.tar,etc/makenewfs,5283540b80f0f1e1b64bf726662ba288408bd7811f6076490cad131f755a8aa7,mode/uid/gid recovered from parent .contents
/etc/makewhatis,file,672,0700,3,0,469763322,common-installed-snapshot,base-dump-inventory,S8000-2.tar,etc/makewhatis,bc4343573bdd48dbb4edfc0c0061db4ff3cc0d6377087b02d8bbe986c44d035f,mode/uid/gid recovered from parent .contents
/etc/man.dbmgr,file,763,0700,0,0,534435226,common-installed-snapshot,base-dump-inventory,S8000-2.tar,etc/man.dbmgr,76eb37e61b25327abb254acbbd04486fc84864553305e8507eb76091799dce11,mode/uid/gid recovered from parent .contents
/etc/mfs,file,411,0750,3,0,469762974,common-installed-snapshot,base-dump-inventory,S8000-2.tar,etc/mfs,a860102e6c41a1bd0a61d92e1d430376c355fb40b71d92aadb40f2a85d7390be,mode/uid/gid recovered from parent .contents
/etc/mkfs,file,10678,0700,0,0,469762975,common-installed-snapshot,base-dump-inventory,S8000-2.tar,etc/mkfs,88b10e665fd6628bb77f17b46fe97e939717b8bdbf9dbccafbd1eb95434b6ed7,mode/uid/gid recovered from parent .contents
/etc/mkmt,file,2644,0750,3,0,469762989,common-installed-snapshot,base-dump-inventory,S8000-2.tar,etc/mkmt,3d22767927658476d1799a321b0a4b4b19abee50d925fb7c857c4a90ae27e233,mode/uid/gid recovered from parent .contents
/etc/mknod,file,6718,4751,0,0,469762976,common-installed-snapshot,base-dump-inventory,S8000-2.tar,etc/mknod,93bc754e6bae9405525fb7aed99276a9cdbba5b5e3db4aefdaad52092ff061ae,mode/uid/gid recovered from parent .contents
/etc/mktape,file,7540,0700,0,0,469762976,common-installed-snapshot,base-dump-inventory,S8000-2.tar,etc/mktape,b4525372dcd45d217053b05301e4c030b3a7341bb5df5403fa7258d0dcaec6db,mode/uid/gid recovered from parent .contents
/etc/mnttab,file,280,0644,0,0,664328462,common-installed-snapshot,base-dump-inventory,S8000-2.tar,etc/mnttab,e5eb6ef905f09590f4fe6aeb7953cf57fb04a7831b6a4768cb233e2e399d8363,mode/uid/gid recovered from parent .contents
/etc/model,file,6104,0700,0,0,469762999,common-installed-snapshot,base-dump-inventory,S8000-2.tar,etc/model,86f83ed8b4a834404dc5d5f62d380143466f59f08ca3571eb019b3c28e844c34,mode/uid/gid recovered from parent .contents
/etc/motd,file,0,0664,3,0,664326996,common-installed-snapshot,base-dump-inventory,S8000-2.tar,etc/motd,e3b0c44298fc1c149afbf4c8996fb92427ae41e4649b934ca495991b7852b855,mode/uid/gid recovered from parent .contents
/etc/motd_old,file,630,0600,508,20,534436027,common-installed-snapshot,unclassified-installed-snapshot,S8000-2.tar,etc/motd_old,5af4788da207e98cf4da71217d7e53df345664e92dd9e4ffbc00427d4123de39,metadata from modern tar wrapper
/etc/mount,file,9714,4750,0,0,469762977,common-installed-snapshot,base-dump-inventory,S8000-2.tar,etc/mount,97c3f7db1907169b8e27cbf2b4438c1a246e97c6af84faa26ce126585fbd4d7b,mode/uid/gid recovered from parent .contents
/etc/mvdir,file,588,0700,0,0,469762998,common-installed-snapshot,base-dump-inventory,S8000-2.tar,etc/mvdir,a9bd9b2c759ee8e8274651d5d4c9e755d6bbd19bc82221609f5c0587d0991b7c,mode/uid/gid recovered from parent .contents
/etc/ncheck,file,8774,4750,3,0,469762978,common-installed-snapshot,base-dump-inventory,S8000-2.tar,etc/ncheck,dd779b92695a37c0b7714305c8be774fc7a55b76bd7f7be63b8343a770663ad5,mode/uid/gid recovered from parent .contents
/etc/opasswd,file,1081,0600,508,20,661837282,common-installed-snapshot,unclassified-installed-snapshot,S8000-2.tar,etc/opasswd,5cd0f74e031dc77990247f37b8c4331aabb1f6db6349fabd66b355bf80be5f27,metadata from modern tar wrapper
/etc/package,file,4946,0700,0,0,469762978,common-installed-snapshot,base-dump-inventory,S8000-2.tar,etc/package,6c47472f28baf7eaa8716024786f4035b05438134bde548a1aab98e0e754cfc6,mode/uid/gid recovered from parent .contents
/etc/passwd,file,1093,0644,0,0,661837290,common-installed-snapshot,base-dump-inventory,S8000-2.tar,etc/passwd,e8107681163b5d201f9e97b4daf3ca44487b67dea2918edff3b1c491f5d212eb,mode/uid/gid recovered from parent .contents
/etc/profile,file,71,0644,3,0,534435748,common-installed-snapshot,base-dump-inventory,S8000-2.tar,etc/profile,9bd69365726a9c6228970774af71afeadf83dfa9ff319552c53b43a4822817b8,mode/uid/gid recovered from parent .contents
/etc/rc,file,849,0744,0,0,560909921,common-installed-snapshot,base-dump-inventory,S8000-2.tar,etc/rc,34e75f8d3dcd890baa51fb98f71a6b13b786ecc67d67911b597ad52aaaa34bca,mode/uid/gid recovered from parent .contents
/etc/rc_csh,file,1184,0744,0,0,661887911,common-installed-snapshot,base-dump-inventory,S8000-2.tar,etc/rc_csh,6fc0837f67582b878f9151431111dd753825d5bc30bf6e8bea567872e3cc5120,mode/uid/gid recovered from parent .contents
/etc/rc_csho,file,1247,0700,508,20,661822632,common-installed-snapshot,unclassified-installed-snapshot,S8000-2.tar,etc/rc_csho,a148f4640874d81ec38abbeedd6732571540bb349986621a584e809187169b4d,metadata from modern tar wrapper
/etc/rco,file,792,0700,508,20,560909495,common-installed-snapshot,unclassified-installed-snapshot,S8000-2.tar,etc/rco,763766e6725c96b302398a232a250a71c4b12327ce6aa21e18f7d3a2e8608aca,metadata from modern tar wrapper
/etc/reservrc,file,991,0700,3,0,541456265,common-installed-snapshot,base-dump-inventory,S8000-2.tar,etc/reservrc,6a13025bfe95c7ee94f9f60028778029c9bc681f89790804d4bbb9a39221cf02,mode/uid/gid recovered from parent .contents
/etc/restor,file,20128,0750,3,0,469762979,common-installed-snapshot,base-dump-inventory,S8000-2.tar,etc/restor,0f69cfa09568c5fe4dd5114272f671f4cd71ab711d8477d1b019cee7076ff6fc,mode/uid/gid recovered from parent .contents
/etc/rmuser,file,956,0700,0,0,469762974,common-installed-snapshot,base-dump-inventory,S8000-2.tar,etc/rmuser,e972bdca6c8a52ccb523c2bcfbd348661c73dc1c3dd4604fcfd9ad3f1d7682e4,mode/uid/gid recovered from parent .contents
/etc/setlp,file,6936,0700,0,0,469762981,common-installed-snapshot,base-dump-inventory,S8000-2.tar,etc/setlp,00640f41558ea30b8af28cd201d24e7765a3ab7d079f5875fc03e04315bea349,mode/uid/gid recovered from parent .contents
/etc/setmnt,file,5928,0700,0,0,469762964,common-installed-snapshot,base-dump-inventory,S8000-2.tar,etc/setmnt,384433ce184a12fe67ab3d447084316fac3381226cd321a8738f6b5cb89e68b5,mode/uid/gid recovered from parent .contents
/etc/shut,file,9860,0700,0,0,469762974,common-installed-snapshot,base-dump-inventory,S8000-2.tar,etc/shut,fa1d76fc8b5930f98f7bb0048cd29d2512f620989698e1067ab4d3bed4487e7d,mode/uid/gid recovered from parent .contents
/etc/sysgen,file,11970,0750,0,0,469762980,common-installed-snapshot,base-dump-inventory,S8000-2.tar,etc/sysgen,0262f40f349424ec82026628cd45a0c32449f932d5c786355e888445338a15ac,mode/uid/gid recovered from parent .contents
/etc/taperrc,file,991,0700,3,0,541456265,common-installed-snapshot,base-dump-inventory,S8000-2.tar,etc/taperrc,6a13025bfe95c7ee94f9f60028778029c9bc681f89790804d4bbb9a39221cf02,mode/uid/gid recovered from parent .contents
/etc/termcap,file,10221,0644,3,0,560212498,common-installed-snapshot,base-dump-inventory,S8000-2.tar,etc/termcap,a88560f734c8f6b44f178fc8f7f62c9c978616dc509e1171eb612d4321d825f0,mode/uid/gid recovered from parent .contents
/etc/termcap.org,file,11202,0600,508,20,469762992,common-installed-snapshot,unclassified-installed-snapshot,S8000-2.tar,etc/termcap.org,92250d30edcd6999ff50c712fed0378de62fb71a279e0d120b2ab006ef5ab46f,metadata from modern tar wrapper
/etc/termcap.others,file,30714,0644,3,0,469762994,common-installed-snapshot,base-dump-inventory,S8000-2.tar,etc/termcap.others,19b5ae8c53a977af886a7902855710621c4182084a73f2db864729a4b86d7da0,mode/uid/gid recovered from parent .contents
/etc/ttyconfig,file,8404,0700,0,0,469762986,common-installed-snapshot,base-dump-inventory,S8000-2.tar,etc/ttyconfig,806adafe054248cb3dadc1b9a16c1621fb5e16315acf1b1e36a67d8815b9a5cd,mode/uid/gid recovered from parent .contents
/etc/ttytype,file,70,0644,3,0,663655324,common-installed-snapshot,base-dump-inventory,S8000-2.tar,etc/ttytype,8404a2f88dbe3f5ec4304c89b0079e2970908785735942a49ed9da699238f7ed,mode/uid/gid recovered from parent .contents
/etc/umfs,file,411,0750,3,0,469762974,common-installed-snapshot,base-dump-inventory,S8000-2.tar,etc/umfs,a860102e6c41a1bd0a61d92e1d430376c355fb40b71d92aadb40f2a85d7390be,mode/uid/gid recovered from parent .contents
/etc/umount,file,6146,4750,0,0,469762987,common-installed-snapshot,base-dump-inventory,S8000-2.tar,etc/umount,69c3561ee65b9b7c8e9b75e08d9f2cbe946278c06f50a7216002cbe38598759b,mode/uid/gid recovered from parent .contents
/etc/unlink,file,304,0700,0,0,469762987,common-installed-snapshot,base-dump-inventory,S8000-2.tar,etc/unlink,99b16efc681ec3d0b5d17c0e4cb69dc3ecff98cbeaefd5bf627d5b925f501a7e,mode/uid/gid recovered from parent .contents
/etc/update,file,588,0700,3,0,469762987,common-installed-snapshot,base-dump-inventory,S8000-2.tar,etc/update,d2a12a697d5cdb75c8c4f7f91e1c31ad4530bfce292af7d5993d1d085a803f53,mode/uid/gid recovered from parent .contents
/etc/upkeep,file,18290,4750,0,0,469762988,common-installed-snapshot,base-dump-inventory,S8000-2.tar,etc/upkeep,52aa26b0124b84776281f20c53defaba1447de68799da18044c8bb0c8919ec5f,mode/uid/gid recovered from parent .contents
/etc/utmp,file,120,0644,3,0,664328480,common-installed-snapshot,base-dump-inventory,S8000-2.tar,etc/utmp,80d16d5b8305c2a66f72a9e6bcc7887d4126571ca12abfa8e9e46fbb3a1a7f30,mode/uid/gid recovered from parent .contents
/etc/wall,file,5800,4750,3,0,469762989,common-installed-snapshot,base-dump-inventory,S8000-2.tar,etc/wall,ac325274d34cd9a1885c8f00ff0ae9abc3cecc3b69e9ae9e40630ddbea92a888,mode/uid/gid recovered from parent .contents
/etc/wbz,file,10478,0700,0,0,469763000,common-installed-snapshot,base-dump-inventory,S8000-2.tar,etc/wbz,6b3db2dc2d27b3728cd2c7114e36ec4cea37baa689ed31461a6bd11a348b03bc,mode/uid/gid recovered from parent .contents
/etc/whois,file,54,0600,508,20,661837293,common-installed-snapshot,unclassified-installed-snapshot,S8000-2.tar,etc/whois,d7e9143dd55d0f66d7d84fa8b066ece073ff6c96a1cdb2d672cc15907bf9003a,metadata from modern tar wrapper
/lib,directory,0,0700,508,20,1498803204,common-installed-snapshot,base-dump-structural,S8000-2.tar,lib,,metadata from modern tar wrapper
/lib/.contents,file,572,0664,3,0,469763345,common-installed-snapshot,base-dump-inventory,S8000-2.tar,lib/.contents,d8afe70365469c57a17827b63910b6012b20a915ff174eac295094ebfdbb7d7c,mode/uid/gid recovered from parent .contents
/lib/clist,file,5918,0751,3,0,469762955,common-installed-snapshot,base-dump-inventory,S8000-2.tar,lib/clist,9e21af0f8fe560783712ea2591a952a303055b9f05f7299eccdf8b5b8455d200,mode/uid/gid recovered from parent .contents
/lib/cnvt.o,file,732,0644,3,0,469762956,common-installed-snapshot,base-dump-inventory,S8000-2.tar,lib/cnvt.o,a86a85563128554b70cb0432fde1bd3c14027fbf5903df3f37702985c27cdf7d,mode/uid/gid recovered from parent .contents
/lib/codgen,file,79094,0751,3,0,534373984,common-installed-snapshot,base-dump-inventory,S8000-2.tar,lib/codgen,ed236affb42a4c09da292417d28518b5cb0225f6d101207095a39c2cae0858e3,mode/uid/gid recovered from parent .contents
/lib/cparse,file,83926,0751,3,0,534373949,common-installed-snapshot,base-dump-inventory,S8000-2.tar,lib/cparse,2cec3fbf9275e385b27fcf7262337b59aea8fc8937a4a72c3cfd171ae4e867bd,mode/uid/gid recovered from parent .contents
/lib/cpp,file,21132,0751,3,0,534374007,common-installed-snapshot,base-dump-inventory,S8000-2.tar,lib/cpp,7b63d398dff774af8d81a5332d10e3b9dbc6f37ce1f599a75f75dc8ba2b7a04a,mode/uid/gid recovered from parent .contents
/lib/crt0.o,file,226,0644,3,0,469762923,common-installed-snapshot,base-dump-inventory,S8000-2.tar,lib/crt0.o,cf7e3630e99ae3da7cf133bcd6a10a0ac50cb618c5f4b5718df48f783d18aaa6,mode/uid/gid recovered from parent .contents
/lib/doprnt.o,file,6256,0644,3,0,469762956,common-installed-snapshot,base-dump-inventory,S8000-2.tar,lib/doprnt.o,46a0bb46e5f01def1d7f1bd24581efed9b271d8dc76383d060083f85da512d1a,mode/uid/gid recovered from parent .contents
/lib/ex2.13strings,file,5833,0644,3,0,469762912,common-installed-snapshot,base-dump-inventory,S8000-2.tar,lib/ex2.13strings,14c86e6022036a88beddb37167d451f6d34b0b50b242c7fc297cd9ee4eb3697d,mode/uid/gid recovered from parent .contents
/lib/libc.a,file,99980,0644,3,0,534374039,common-installed-snapshot,base-dump-inventory,S8000-2.tar,lib/libc.a,6c92c0b045ae25610b2f0a573facd080daf5b1f6fa5d055489f04d21ec09ea8c,mode/uid/gid recovered from parent .contents
/lib/libl.a,file,2458,0644,3,0,469763324,common-installed-snapshot,base-dump-inventory,S8000-2.tar,lib/libl.a,73ec3828a32e783b4201e6c677c30d8fed3f5befae6f2eddbd309ff5dc3ea944,mode/uid/gid recovered from parent .contents
/lib/libm.a,file,23526,0644,3,0,469762954,common-installed-snapshot,base-dump-inventory,S8000-2.tar,lib/libm.a,8dab40994c721d1ce1173dcc6bb36d3f3e0b59d39b205422bb060db606ae5ad4,mode/uid/gid recovered from parent .contents
/lib/liby.a,file,410,0644,3,0,469763324,common-installed-snapshot,base-dump-inventory,S8000-2.tar,lib/liby.a,7e037d303c0cc29b31f246519d0b587816e4239a8a119bd402c382053f9b3350,mode/uid/gid recovered from parent .contents
/lib/malloc.o,file,2644,0600,508,20,534374178,common-installed-snapshot,unclassified-installed-snapshot,S8000-2.tar,lib/malloc.o,6fa391c5eff1d837aa0820b60c9bea6fee150ac6163990c78ff259669cc490f5,metadata from modern tar wrapper
/lib/mcrt0.o,file,578,0644,3,0,469762955,common-installed-snapshot,base-dump-inventory,S8000-2.tar,lib/mcrt0.o,c215628a3eb032306da061e119642514886604b87ed47ad7aa2d7db4291f6440,mode/uid/gid recovered from parent .contents
/lib/popt,file,26366,0751,3,0,534374013,common-installed-snapshot,base-dump-inventory,S8000-2.tar,lib/popt,1a378677390ef18dcc006017ce5479e955ca19387a2d63a6c4f703e87e1b7fd3,mode/uid/gid recovered from parent .contents
/lib/scnvt.o,file,850,0644,3,0,469762913,common-installed-snapshot,base-dump-inventory,S8000-2.tar,lib/scnvt.o,43f63659f4937b36509addfc16c65daa19489ae5ee8b955af3888e297d42229a,mode/uid/gid recovered from parent .contents
/lib/scodgen,file,82122,0751,3,0,534374001,common-installed-snapshot,base-dump-inventory,S8000-2.tar,lib/scodgen,0fb0ee8e3e3fd56b6a4ba5d84758c98e266b819578f170835e511b8470a17f70,mode/uid/gid recovered from parent .contents
/lib/scparse,file,84494,0751,3,0,534373967,common-installed-snapshot,base-dump-inventory,S8000-2.tar,lib/scparse,4d106e9ae0a5d9166a81c96b3ff6ebf2b58f85327a52b97e784131f6a7e9c8c3,mode/uid/gid recovered from parent .contents
/lib/scrt0.o,file,304,0644,3,0,469762944,common-installed-snapshot,base-dump-inventory,S8000-2.tar,lib/scrt0.o,32ca59cf42ff387905ffb783f8706e42570ec51f7bfe967b17ca050d3540f5b6,mode/uid/gid recovered from parent .contents
/lib/sdoprnt.o,file,7014,0644,3,0,469762914,common-installed-snapshot,base-dump-inventory,S8000-2.tar,lib/sdoprnt.o,2040f3b2acea9dd85d87c199b8285c936d4ed0e176f8a5a408b26bd9b8a5230b,mode/uid/gid recovered from parent .contents
/lib/slibc.a,file,119046,0644,3,0,534374260,common-installed-snapshot,base-dump-inventory,S8000-2.tar,lib/slibc.a,cb20e66dbedb1c4d7e2b7adb4f85d1596871d94426ebc78cdd6bfcee2561a5e1,mode/uid/gid recovered from parent .contents
/lib/slibl.a,file,2956,0644,3,0,469763324,common-installed-snapshot,base-dump-inventory,S8000-2.tar,lib/slibl.a,2ad8b0ab5f36d1bdfaccc0a808f39d947ae02ce19cb485ec8fa78a2cae3c9f6d,mode/uid/gid recovered from parent .contents
/lib/slibm.a,file,25508,0644,3,0,469762952,common-installed-snapshot,base-dump-inventory,S8000-2.tar,lib/slibm.a,ed2d2a9be78d95a933b04f5179a1550274e602a8afe0005250e61d6cd6e4237b,mode/uid/gid recovered from parent .contents
/lib/sliby.a,file,476,0644,3,0,469763325,common-installed-snapshot,base-dump-inventory,S8000-2.tar,lib/sliby.a,3ae84283eab6bcc7dccf7ee5feb8e351d968be4b780df3cfc93bc83c91769238,mode/uid/gid recovered from parent .contents
/lib/smcrt0.o,file,772,0644,3,0,469762955,common-installed-snapshot,base-dump-inventory,S8000-2.tar,lib/smcrt0.o,15af4ccf934239d77b5b9c18a5777b308187d49a37740cf9e5a464267fef13cf,mode/uid/gid recovered from parent .contents
/lib/spopt,file,26626,0751,3,0,534374019,common-installed-snapshot,base-dump-inventory,S8000-2.tar,lib/spopt,c1db961a5eb38430ce9bf80577171e5d1b4301a43fb200cebfe2d16fdb747ce1,mode/uid/gid recovered from parent .contents
/lost+found,directory,0,0700,508,20,1498803204,common-installed-snapshot,base-dump-structural,S8000-2.tar,lost+found,,metadata from modern tar wrapper
/lost+found/.contents,file,22,0664,3,0,469763068,common-installed-snapshot,base-dump-inventory,S8000-2.tar,lost+found/.contents,d61fa2ad3da604d47b714c71be63320783c6cd3aebdf586ad62b4920c16cc8a6,mode/uid/gid recovered from parent .contents
/tmp,directory,0,0700,508,20,1498803204,common-installed-snapshot,base-dump-structural,S8000-2.tar,tmp,,metadata from modern tar wrapper
/tmp/man,directory,0,0700,508,20,1498803204,common-installed-snapshot,unclassified-installed-snapshot,S8000-2.tar,tmp/man,,metadata from modern tar wrapper
/tmp/man/cat.1C,file,2373,0600,508,20,663667409,common-installed-snapshot,unclassified-installed-snapshot,S8000-2.tar,tmp/man/cat.1C,2611ff3e7a46ca0b21d8124bab4703e935254143c8168980d1acbc417a692767,metadata from modern tar wrapper
/tmp/man/dd.1C,file,5687,0600,508,20,663655026,common-installed-snapshot,unclassified-installed-snapshot,S8000-2.tar,tmp/man/dd.1C,253b14b9d6c5b0e77dcdc037c20c879e2f60e21a37e00248b10a5cc8d59d5117,metadata from modern tar wrapper
/tmp/man/dump.MC,file,5936,0600,508,20,664329400,common-installed-snapshot,unclassified-installed-snapshot,S8000-2.tar,tmp/man/dump.MC,1837f2ea7dbc060c0b7ee3ecc128195d29b1521a52a86f0fd93919f4f5ed09fe,metadata from modern tar wrapper
/tmp/man/ff.MC,file,4914,0600,508,20,663699299,common-installed-snapshot,unclassified-installed-snapshot,S8000-2.tar,tmp/man/ff.MC,81b7dc08cc4f3dbc45e2f9db5438df614daad6588ecae1497efcc36319d25b73,metadata from modern tar wrapper
/tmp/man/find.1C,file,6428,0600,508,20,663736969,common-installed-snapshot,unclassified-installed-snapshot,S8000-2.tar,tmp/man/find.1C,5a950953fed351488cd652fd2f1408795f1a85b9c26bb1a28a18a46bd83a1521,metadata from modern tar wrapper
/tmp/man/grep.1C,file,5749,0600,508,20,663700987,common-installed-snapshot,unclassified-installed-snapshot,S8000-2.tar,tmp/man/grep.1C,a40149494a20cb7252ba75e0a540e9294a1fa34bd7c0a435c40038ee9af0f3d5,metadata from modern tar wrapper
/tmp/man/kdb.MC,file,1748,0600,508,20,663663100,common-installed-snapshot,unclassified-installed-snapshot,S8000-2.tar,tmp/man/kdb.MC,6b1cd1a733a3a5b13060b0c26da9ebed172d94352225f2eeb1f3ae6d08e60753,metadata from modern tar wrapper
/tmp/man/news.1C,file,2704,0600,508,20,663653186,common-installed-snapshot,unclassified-installed-snapshot,S8000-2.tar,tmp/man/news.1C,a115deb031c9eaab3cb4ac33459b4c628d809783a892561b05a5e1737bb2eea2,metadata from modern tar wrapper
/tmp/mi020388,file,0,0600,508,20,574708058,common-installed-snapshot,unclassified-installed-snapshot,S8000-2.tar,tmp/mi020388,e3b0c44298fc1c149afbf4c8996fb92427ae41e4649b934ca495991b7852b855,metadata from modern tar wrapper
/tmp/queuer,directory,0,0700,508,20,1498803204,common-installed-snapshot,unclassified-installed-snapshot,S8000-2.tar,tmp/queuer,,metadata from modern tar wrapper
/tmp/queuer/T000141,file,25960,0600,508,20,664333153,common-installed-snapshot,unclassified-installed-snapshot,S8000-2.tar,tmp/queuer/T000141,86169c8fe96578cc8b90a7bd4963c724a1f5e1df251f1440a3597e9692dacf7c,metadata from modern tar wrapper
/tmp/queuer/T000493,file,2,0600,508,20,662783927,common-installed-snapshot,unclassified-installed-snapshot,S8000-2.tar,tmp/queuer/T000493,ebac39306c5bf1d08a6fed48883a022a6e98cb5e9d058ae4f473a0ae9ea38fb5,metadata from modern tar wrapper
/tmp/queuer/T019780,file,0,0600,508,20,561054015,common-installed-snapshot,unclassified-installed-snapshot,S8000-2.tar,tmp/queuer/T019780,e3b0c44298fc1c149afbf4c8996fb92427ae41e4649b934ca495991b7852b855,metadata from modern tar wrapper
/usr,directory,0,0700,508,20,1498803204,common-installed-snapshot,base-dump-structural,S8000-2.tar,usr,,metadata from modern tar wrapper
/usr/.contents,file,374,0664,3,0,469764515,common-installed-snapshot,base-dump-inventory,S8000-2.tar,usr/.contents,0d1abadcc56841ea1ded208e15415ac093a8c7a08dc967246dd96dd8a5b3794b,mode/uid/gid recovered from parent .contents
/usr/acu,directory,0,0775,3,0,1498803204,common-installed-snapshot,base-dump-inventory,S8000-2.tar,usr/acu,,mode/uid/gid recovered from parent .contents
/usr/acu/.contents,file,66,0664,3,0,469764655,common-installed-snapshot,base-dump-inventory,S8000-2.tar,usr/acu/.contents,a50b4d6f40ff6c32341e5770a3272fa904a4a6c0053eb18ab44f9fb8fc118d65,mode/uid/gid recovered from parent .contents
/usr/acu/acucap,file,239,0644,3,0,469764508,common-installed-snapshot,base-dump-inventory,S8000-2.tar,usr/acu/acucap,8befd8064b766be9060043dcb5156a871a56ab5a9913d4fd344ecdfd2cbbe972,mode/uid/gid recovered from parent .contents
/usr/acu/acutype,file,328,0644,3,0,469764508,common-installed-snapshot,base-dump-inventory,S8000-2.tar,usr/acu/acutype,53a794239fe1c4d3565fc94f205903869f8c2e3a6d04ab4b5fb1a97bd54f610c,mode/uid/gid recovered from parent .contents
/usr/adm,directory,0,0770,6,0,1498803204,common-installed-snapshot,base-dump-inventory,S8000-2.tar,usr/adm,,mode/uid/gid recovered from parent .contents
/usr/adm/.contents,file,44,0664,3,0,469763752,common-installed-snapshot,base-dump-inventory,S8000-2.tar,usr/adm/.contents,5b577935a1364086205f377552c29b6c19109da91748c6df23f842672f26d1d7,mode/uid/gid recovered from parent .contents
/usr/adm/osulog,file,30,0600,508,20,587675846,common-installed-snapshot,unclassified-installed-snapshot,S8000-2.tar,usr/adm/osulog,c18447c9e3350224427a132692518ede4a2fdb3a21e5adb6d97cf9c9abbb5fcb,metadata from modern tar wrapper
/usr/adm/wtmp,file,11180,0664,0,0,664328480,common-installed-snapshot,base-dump-inventory,S8000-2.tar,usr/adm/wtmp,b4e810e289328f31122389701ab2970e41c4ff54a0cc499e3e2f1f76432de1b2,mode/uid/gid recovered from parent .contents
/usr/bin,directory,0,0755,3,0,1498803204,common-installed-snapshot,base-dump-inventory,S8000-2.tar,usr/bin,,mode/uid/gid recovered from parent .contents
/usr/bin/.contents,file,2772,0664,3,0,469764634,common-installed-snapshot,base-dump-inventory,S8000-2.tar,usr/bin/.contents,786e6f8e736906fef35d898143c863dc38b9f95488a750f8a723537bd5603be6,mode/uid/gid recovered from parent .contents
/usr/bin/300,file,4842,0751,3,0,469764491,common-installed-snapshot,base-dump-inventory,S8000-2.tar,usr/bin/300,991d086d58323c75cd07c57f61354dae4940eb23e7682ad8084f1381445b3092,mode/uid/gid recovered from parent .contents
/usr/bin/300s,file,4936,0751,3,0,469764491,common-installed-snapshot,base-dump-inventory,S8000-2.tar,usr/bin/300s,e5f8f883945dbfdffb3ea61c1737efaf00cdc5ae8f836fa264accd1b39cdf228,mode/uid/gid recovered from parent .contents
/usr/bin/450,file,4622,0751,3,0,469764492,common-installed-snapshot,base-dump-inventory,S8000-2.tar,usr/bin/450,5cd5d0417485e02b1a45ed884b362824282e22913ecc39e534e485e1d84253f6,mode/uid/gid recovered from parent .contents
/usr/bin/LOAD,file,8130,0751,3,0,469764489,common-installed-snapshot,base-dump-inventory,S8000-2.tar,usr/bin/LOAD,db938fe258e0520773943a6cac3e20136b5b3dd05fff914e0b836a332467849b,mode/uid/gid recovered from parent .contents
/usr/bin/MP,file,92,0700,508,20,534451293,common-installed-snapshot,unclassified-installed-snapshot,S8000-2.tar,usr/bin/MP,21157b51d1e51ceaf84e96fdf477ff2a656558ad3c76edae19d0f692ed66ae3b,metadata from modern tar wrapper
/usr/bin/SEND,file,5194,0751,3,0,469764489,common-installed-snapshot,base-dump-inventory,S8000-2.tar,usr/bin/SEND,64cba5c77804be234ffc4280d007eb67d30828955064ccf3904248e4975a8f4b,mode/uid/gid recovered from parent .contents
/usr/bin/SYS,file,3534,0751,3,0,469764488,common-installed-snapshot,base-dump-inventory,S8000-2.tar,usr/bin/SYS,0c159b470471370c46388bbce68d2cdf8c3cb8335d92c1255ad1aa4b48e4b888,mode/uid/gid recovered from parent .contents
/usr/bin/apropos,file,6808,0751,3,0,469764488,common-installed-snapshot,base-dump-inventory,S8000-2.tar,usr/bin/apropos,2639bf837a461904d6470b39a487ad9eba9733797afac02864e80419f5c51e05,mode/uid/gid recovered from parent .contents
/usr/bin/at,file,12338,0751,3,0,469763377,common-installed-snapshot,base-dump-inventory,S8000-2.tar,usr/bin/at,cea1694b1394781a9879c316d7b8a3f5b8abf17ea4e940225d7e6972dc4f02b8,mode/uid/gid recovered from parent .contents
/usr/bin/awk,file,50302,0751,3,0,469763381,common-installed-snapshot,base-dump-inventory,S8000-2.tar,usr/bin/awk,ad252644e7277be7cdb7e1bc48484b6642f8ff889902a114d485831bbcd9c4f1,mode/uid/gid recovered from parent .contents
/usr/bin/banner,file,5242,0751,3,0,469763400,common-installed-snapshot,base-dump-inventory,S8000-2.tar,usr/bin/banner,af3b5e6a3d2d58cc8d99a522706c2eed15b7e5900b736b033b52bf9095f18417,mode/uid/gid recovered from parent .contents
/usr/bin/basename,file,209,0755,3,0,469763400,common-installed-snapshot,base-dump-inventory,S8000-2.tar,usr/bin/basename,bfa74a465d9216b164b3cd426ab559891160be247a61ff75efadcdec959b0387,mode/uid/gid recovered from parent .contents
/usr/bin/bcheck,file,33048,0751,3,0,469764471,common-installed-snapshot,base-dump-inventory,S8000-2.tar,usr/bin/bcheck,54f01ea85fb9f0f6616d9e05972af4887baf0bef40fa08bf5fbb34c4c3c4ae16,mode/uid/gid recovered from parent .contents
/usr/bin/cal,file,4952,0751,3,0,469763401,common-installed-snapshot,base-dump-inventory,S8000-2.tar,usr/bin/cal,30d12a2528b27b0bf3fa420cac5f2e04b90ed2f2c22f69ec16bd12b48de880f8,mode/uid/gid recovered from parent .contents
/usr/bin/calendar,file,380,0755,3,0,469763381,common-installed-snapshot,base-dump-inventory,S8000-2.tar,usr/bin/calendar,535fbcca9f02821a54823428b6b26aa87c059acf36f02ec20820c268de5ad27a,mode/uid/gid recovered from parent .contents
/usr/bin/cb,file,7190,0751,3,0,469763405,common-installed-snapshot,base-dump-inventory,S8000-2.tar,usr/bin/cb,3ec29a0ca40ffed3bf0d0f079a40e3d629b5b895689f5eac50a2fd03fd62475e,mode/uid/gid recovered from parent .contents
/usr/bin/checkcw,file,7472,0751,3,0,469764476,common-installed-snapshot,base-dump-inventory,S8000-2.tar,usr/bin/checkcw,fff3c1f7e2557d99965f2b307e2fdbd70b101d47f08cc50f0c6494d4a9517ba2,mode/uid/gid recovered from parent .contents
/usr/bin/checkeq,file,6314,0751,3,0,469763405,common-installed-snapshot,base-dump-inventory,S8000-2.tar,usr/bin/checkeq,5fe54e71ae38d7a9ca2c1229699fd7861883cc78ff9633940cec12404e0a5995,mode/uid/gid recovered from parent .contents
/usr/bin/clear,file,5032,0751,0,0,469763430,common-installed-snapshot,base-dump-inventory,S8000-2.tar,usr/bin/clear,3a86fee89fadb9405d43a73c096e90b486c9f6b746b650e9a35cf8be72abadb5,mode/uid/gid recovered from parent .contents
/usr/bin/code,file,6878,0751,3,0,469763406,common-installed-snapshot,base-dump-inventory,S8000-2.tar,usr/bin/code,ba372ed5fc6432d1f8eeb9e57ef81bc17cb2feaa76341d37516cbb89012d46fe,mode/uid/gid recovered from parent .contents
/usr/bin/col,file,6720,0751,3,0,469763407,common-installed-snapshot,base-dump-inventory,S8000-2.tar,usr/bin/col,bdf3fd5b1dfc3f8c031d2bb0e168d4d8f5ae33cd1d3dc965067092b704dcdb9d,mode/uid/gid recovered from parent .contents
/usr/bin/comm,file,7110,0751,3,0,469763407,common-installed-snapshot,base-dump-inventory,S8000-2.tar,usr/bin/comm,1ae906efafb847c85c1418b3a7ca60c23ad52f35ca9f7dd7dd836a577b16ae54,mode/uid/gid recovered from parent .contents
/usr/bin/cpio,file,22024,0755,3,0,469763410,common-installed-snapshot,base-dump-inventory,S8000-2.tar,usr/bin/cpio,31d1726940ecd7dbdf167e8b3edc74a2fec43a75f30a9353f69ec3c11a0b68e8,mode/uid/gid recovered from parent .contents
/usr/bin/cref,file,12646,0751,3,0,469763382,common-installed-snapshot,base-dump-inventory,S8000-2.tar,usr/bin/cref,cb5a6922e072b7685b9c87ecc59032d4738bcbd19691dfe820d5c582ed731bd8,mode/uid/gid recovered from parent .contents
/usr/bin/crypt,file,6148,0700,508,20,534626368,common-installed-snapshot,unclassified-installed-snapshot,S8000-2.tar,usr/bin/crypt,81e47cdfbc11f7af8c554b83d4a4f01fb5ff4d53801209a9b8eeb01f9511ab8d,metadata from modern tar wrapper
/usr/bin/csplit,file,11834,0751,3,0,469763413,common-installed-snapshot,base-dump-inventory,S8000-2.tar,usr/bin/csplit,8ef969f81efa0ee0df829bca2d871cdcd74d3bb8b4285b9c79f7b4684d900b64,mode/uid/gid recovered from parent .contents
/usr/bin/ct,file,16664,4751,3,0,469763396,common-installed-snapshot,base-dump-inventory,S8000-2.tar,usr/bin/ct,6a6f5c8459ad1cf1ee9d87eae9a7ac40900ed81aaefb120d8dd0c29840f55ac1,mode/uid/gid recovered from parent .contents
/usr/bin/ctags,file,18462,0751,3,0,469763384,common-installed-snapshot,base-dump-inventory,S8000-2.tar,usr/bin/ctags,89229e73a4a2eb3aa305b6cf3944cfa903deb785433106f2c0c22153abe5eee6,mode/uid/gid recovered from parent .contents
/usr/bin/cu,file,16856,0751,3,0,469763414,common-installed-snapshot,base-dump-inventory,S8000-2.tar,usr/bin/cu,e07877b94bd4af036bb844d61afb589660aef558d6dd6b6e3443081537718a9c,mode/uid/gid recovered from parent .contents
/usr/bin/cut,file,3596,0751,3,0,469763416,common-installed-snapshot,base-dump-inventory,S8000-2.tar,usr/bin/cut,7129d5410626b49f35833b56e931192774ec9f5edab96f5a570ad7728008cb79,mode/uid/gid recovered from parent .contents
/usr/bin/cw,file,13272,0751,3,0,469764497,common-installed-snapshot,base-dump-inventory,S8000-2.tar,usr/bin/cw,53ee709cd03044b9a5cdddb1426fa5bbb68c437a3a271a52cbadb5565fc1b77f,mode/uid/gid recovered from parent .contents
/usr/bin/cxref,file,644,0755,3,0,469763416,common-installed-snapshot,base-dump-inventory,S8000-2.tar,usr/bin/cxref,a99075103f96ac56e3ab8036baec0cfcd145417a993f87daaba9fb13da8c7a42,mode/uid/gid recovered from parent .contents
/usr/bin/daytime,file,5940,0751,3,0,469763416,common-installed-snapshot,base-dump-inventory,S8000-2.tar,usr/bin/daytime,56f9f6155a049ae75adb2dc9cef42220c3174c1662ce5a6d6cf449246f024d4b,mode/uid/gid recovered from parent .contents
/usr/bin/delta,file,39028,0700,508,20,534374069,common-installed-snapshot,unclassified-installed-snapshot,S8000-2.tar,usr/bin/delta,76b9b962246a016ef27cb671fe06dabd58eba9a77947422a58d0b164121bfd05,metadata from modern tar wrapper
/usr/bin/deroff,file,18760,0751,3,0,469763418,common-installed-snapshot,base-dump-inventory,S8000-2.tar,usr/bin/deroff,e9fb8d06b871379a1a65754592ae9f1f387664e04da4b51a0ab331799976b54b,mode/uid/gid recovered from parent .contents
/usr/bin/diff3,file,342,0755,3,0,469763420,common-installed-snapshot,base-dump-inventory,S8000-2.tar,usr/bin/diff3,9b5ad41c8a631854f81c0db6fe241fec826dc1c92f63a497244967b3b60dab79,mode/uid/gid recovered from parent .contents
/usr/bin/diffmk,file,368,0755,3,0,469763421,common-installed-snapshot,base-dump-inventory,S8000-2.tar,usr/bin/diffmk,8e28e769b2e6417ef7903c64d0c5d83580c8a548156b01dd22fbf1c0b54e2c9a,mode/uid/gid recovered from parent .contents
/usr/bin/dircmp,file,1454,0755,3,0,469763421,common-installed-snapshot,base-dump-inventory,S8000-2.tar,usr/bin/dircmp,e2e85b9db153a29be6402800c9dfc2a227aaf0128f1ed3b35382900b58c65104,mode/uid/gid recovered from parent .contents
/usr/bin/dirname,file,209,0755,3,0,469763400,common-installed-snapshot,base-dump-inventory,S8000-2.tar,usr/bin/dirname,bfa74a465d9216b164b3cd426ab559891160be247a61ff75efadcdec959b0387,mode/uid/gid recovered from parent .contents
/usr/bin/eqn,file,30016,0751,3,0,469764486,common-installed-snapshot,base-dump-inventory,S8000-2.tar,usr/bin/eqn,a59f127d5a958faeb34dfbc533d8d0906f052ffb08cb3415153447415a52ef07,mode/uid/gid recovered from parent .contents
/usr/bin/error,file,23850,0751,3,0,469763389,common-installed-snapshot,base-dump-inventory,S8000-2.tar,usr/bin/error,cd9e41ef06e293e697b521e1d77794cbd763f8b2b0567dd720a32767ee014392,mode/uid/gid recovered from parent .contents
/usr/bin/expand,file,6536,0751,3,0,469763424,common-installed-snapshot,base-dump-inventory,S8000-2.tar,usr/bin/expand,985cf3e852ec595fd80331bb646445a5c0bf8f2849a521de231bdf0c1bfdf37d,mode/uid/gid recovered from parent .contents
/usr/bin/expr,file,11342,0751,3,0,469763425,common-installed-snapshot,base-dump-inventory,S8000-2.tar,usr/bin/expr,a8eb982e84de8d9f012b399a8aeb6756b07df89c22b394d132e7e075af528251,mode/uid/gid recovered from parent .contents
/usr/bin/false,file,58,0755,3,0,469763425,common-installed-snapshot,base-dump-inventory,S8000-2.tar,usr/bin/false,800c24f985821991adaea18f48bb00816b0aad45cc675763dff84e2feec1584d,mode/uid/gid recovered from parent .contents
/usr/bin/fgrep,file,8954,0751,3,0,469763425,common-installed-snapshot,base-dump-inventory,S8000-2.tar,usr/bin/fgrep,091be527f98ac245c04267e513d9c07341570eb5b974c7772b08213410ba2c63,mode/uid/gid recovered from parent .contents
/usr/bin/flow,file,16566,0751,3,0,469763394,common-installed-snapshot,base-dump-inventory,S8000-2.tar,usr/bin/flow,46b7f07a0c4eda010fbc258875cfa5745e8388a36eb067355e5853f6fd9489d5,mode/uid/gid recovered from parent .contents
/usr/bin/get,file,36376,0700,508,20,534374075,common-installed-snapshot,unclassified-installed-snapshot,S8000-2.tar,usr/bin/get,8c940e69275f6d5f677ca5384ffd799a729497f0b58cecec4d010a2610e99d6a,metadata from modern tar wrapper
/usr/bin/getNAME,file,6196,0751,3,0,469764484,common-installed-snapshot,base-dump-inventory,S8000-2.tar,usr/bin/getNAME,af37c592fdbf46dcdabec9b5c63750ca33612d999ac589df55f9c4b51adcfbac,mode/uid/gid recovered from parent .contents
/usr/bin/getopt,file,4900,0755,3,0,469763426,common-installed-snapshot,base-dump-inventory,S8000-2.tar,usr/bin/getopt,a5c9367415755b1ee6a634e5dabd410a1a7731526be0774362078b0b5908ad8f,mode/uid/gid recovered from parent .contents
/usr/bin/greek,file,433,0755,0,0,469763426,common-installed-snapshot,base-dump-inventory,S8000-2.tar,usr/bin/greek,a1547d504466077defc85b1adca7553e610348b6125adbcec3984930d3f084d2,mode/uid/gid recovered from parent .contents
/usr/bin/grpck,file,7050,0751,3,0,469763427,common-installed-snapshot,base-dump-inventory,S8000-2.tar,usr/bin/grpck,914befe759a308785285f5a54ff1aac5e1f1770e5158bbbb6a748020852a153b,mode/uid/gid recovered from parent .contents
/usr/bin/head,file,7750,0751,3,0,469763427,common-installed-snapshot,base-dump-inventory,S8000-2.tar,usr/bin/head,a8fde9421377d1abfffff39401899b079b056118ab21916d00189c3c0761f248,mode/uid/gid recovered from parent .contents
/usr/bin/hyphen,file,5680,0751,3,0,469764493,common-installed-snapshot,base-dump-inventory,S8000-2.tar,usr/bin/hyphen,e790e2093dfd399b8a2ff6f1378f811b5f3b1e4ee563205f5b211d3c8467a15f,mode/uid/gid recovered from parent .contents
/usr/bin/id,file,9030,0751,3,0,469763428,common-installed-snapshot,base-dump-inventory,S8000-2.tar,usr/bin/id,8359fc4efe1cd583a11dcfcc4ba75d83647bb97c3b6b585f0b0af582253e4cff,mode/uid/gid recovered from parent .contents
/usr/bin/isrio,file,4456,0751,3,0,469764484,common-installed-snapshot,base-dump-inventory,S8000-2.tar,usr/bin/isrio,9ddea08f1ba01d1e868b39eb6dd0774631492a441a10c7c5c526078863a05e11,mode/uid/gid recovered from parent .contents
/usr/bin/join,file,7102,0751,3,0,469763429,common-installed-snapshot,base-dump-inventory,S8000-2.tar,usr/bin/join,00de10bd267149e62e58c487365b1d5f561f1e08d80a860a0920c3e68c42feee,mode/uid/gid recovered from parent .contents
/usr/bin/leave,file,9630,0751,3,0,469763439,common-installed-snapshot,base-dump-inventory,S8000-2.tar,usr/bin/leave,bb93ac45122b296f998b8d07194230f440915efa72803ca4c290e1f5eb8bf296,mode/uid/gid recovered from parent .contents
/usr/bin/lex,file,33096,0751,3,0,469764483,common-installed-snapshot,base-dump-inventory,S8000-2.tar,usr/bin/lex,0f094baeb517ae5bb8a18549298125e9a97bfc1f0c3cd4443a03920453b6c33f,mode/uid/gid recovered from parent .contents
/usr/bin/line,file,400,0751,3,0,469763429,common-installed-snapshot,base-dump-inventory,S8000-2.tar,usr/bin/line,e9ef57e2e8624841769456595257280121e797ea370e33821e4b7141c98ff884,mode/uid/gid recovered from parent .contents
/usr/bin/lint,file,989,0755,3,0,469764471,common-installed-snapshot,base-dump-inventory,S8000-2.tar,usr/bin/lint,1929a21586e185068e028f68fb80ab6feb756710af0c9404afa07861c53504ad,mode/uid/gid recovered from parent .contents
/usr/bin/logname,file,5198,0751,3,0,469763394,common-installed-snapshot,base-dump-inventory,S8000-2.tar,usr/bin/logname,9abfd1171af4bb9333f828401393d29e553f1ab08e88ca455b27c3d8a16472a2,mode/uid/gid recovered from parent .contents
/usr/bin/look,file,7798,0751,3,0,469763395,common-installed-snapshot,base-dump-inventory,S8000-2.tar,usr/bin/look,98c791f28542c9735c2e0b66d42df568cceb1de37a5296265bf9f317e7e8a9e4,mode/uid/gid recovered from parent .contents
/usr/bin/lorder,file,450,0755,3,0,469763430,common-installed-snapshot,base-dump-inventory,S8000-2.tar,usr/bin/lorder,511663562271b0adbd060e5461b5c840c9d49a8dbce1e86cf5bdd033185578c9,mode/uid/gid recovered from parent .contents
/usr/bin/lpr,file,29096,4751,0,0,469763412,common-installed-snapshot,base-dump-inventory,S8000-2.tar,usr/bin/lpr,acdf4551b144c7be7a66d5066e13c88833fc90ca6afc408f236d2b9ca8d9f85e,mode/uid/gid recovered from parent .contents
/usr/bin/m4,file,14070,0751,3,0,469764481,common-installed-snapshot,base-dump-inventory,S8000-2.tar,usr/bin/m4,d9b25a803dd198fb956b1903ba57f191f5db1753d7175b85cc07c7d1d8340f3e,mode/uid/gid recovered from parent .contents
/usr/bin/man,file,11070,0751,3,0,469764479,common-installed-snapshot,base-dump-inventory,S8000-2.tar,usr/bin/man,b2ffd7e1a084c4f4d94f9ed96a00bc50c85fb322489f90b14869e0a8eaf09c73,mode/uid/gid recovered from parent .contents
/usr/bin/mesg,file,5368,0751,3,0,469763385,common-installed-snapshot,base-dump-inventory,S8000-2.tar,usr/bin/mesg,99d63672c5cef730062c3897fe53ff55dd1646008122dd4a312ad6fe3f2ebd00,mode/uid/gid recovered from parent .contents
/usr/bin/mkmenu,file,4591,0700,508,20,469746900,common-installed-snapshot,unclassified-installed-snapshot,S8000-2.tar,usr/bin/mkmenu,fb93416181a7f214697335d9edfb4594f46ac059e0bd3922bad40f43c72cc92d,metadata from modern tar wrapper
/usr/bin/mkstr,file,8594,0751,3,0,469763432,common-installed-snapshot,base-dump-inventory,S8000-2.tar,usr/bin/mkstr,066cc37034abd45ceeea74eada9c358f931bed5731752898049396d6a3851ba7,mode/uid/gid recovered from parent .contents
/usr/bin/mm,file,1705,0755,3,0,469764483,common-installed-snapshot,base-dump-inventory,S8000-2.tar,usr/bin/mm,cac4e34817fbe874835b973e1c4c597e14b209f356bcc65df4e381d64fbffdfd,mode/uid/gid recovered from parent .contents
/usr/bin/mmchek,file,14508,0751,3,0,469764495,common-installed-snapshot,base-dump-inventory,S8000-2.tar,usr/bin/mmchek,b7319016c21b406645b43f2eac6a37e94a371bfce026d041a937e67542bd7ccf,mode/uid/gid recovered from parent .contents
/usr/bin/mmt,file,826,0755,3,0,469764487,common-installed-snapshot,base-dump-inventory,S8000-2.tar,usr/bin/mmt,b1eec183c0465fbea460d90a42b8d10880f03910ea9d46719b7f80b163d042ee,mode/uid/gid recovered from parent .contents
/usr/bin/mvt,file,826,0755,3,0,469764487,common-installed-snapshot,base-dump-inventory,S8000-2.tar,usr/bin/mvt,b1eec183c0465fbea460d90a42b8d10880f03910ea9d46719b7f80b163d042ee,mode/uid/gid recovered from parent .contents
/usr/bin/neqn,file,27314,0751,3,0,469763392,common-installed-snapshot,base-dump-inventory,S8000-2.tar,usr/bin/neqn,f88c3272625c731d77bc28ff3c05ae351eb68a00e9c807c0f94c5076ddc5f3c2,mode/uid/gid recovered from parent .contents
/usr/bin/news,file,12074,0755,3,0,469763386,common-installed-snapshot,base-dump-inventory,S8000-2.tar,usr/bin/news,7bba2107f3567dc7c4a55ba84a008893119fa84c9f5263a314543bf03208f42f,mode/uid/gid recovered from parent .contents
/usr/bin/nq,file,29096,4751,0,0,469763412,common-installed-snapshot,base-dump-inventory,S8000-2.tar,usr/bin/nq,acdf4551b144c7be7a66d5066e13c88833fc90ca6afc408f236d2b9ca8d9f85e,mode/uid/gid recovered from parent .contents
/usr/bin/nroff,file,49770,0751,3,0,469763399,common-installed-snapshot,base-dump-inventory,S8000-2.tar,usr/bin/nroff,f0ccb6128de7ec7283d6d9a6046580b992d91cbceb5231e789fad34caca92fab,mode/uid/gid recovered from parent .contents
/usr/bin/objdu,file,10212,0751,3,0,469764479,common-installed-snapshot,base-dump-inventory,S8000-2.tar,usr/bin/objdu,43cd20875d5856e75b416900d97429b1fffde9ab1597cc3f1b55e5ad8232e03b,mode/uid/gid recovered from parent .contents
/usr/bin/objhdr,file,8430,0751,3,0,469763451,common-installed-snapshot,base-dump-inventory,S8000-2.tar,usr/bin/objhdr,8cbc4f2fe84b840d11accd990742a214181be6983324a745fc0241bd1b8a5447,mode/uid/gid recovered from parent .contents
/usr/bin/objsu,file,9710,0751,3,0,469764493,common-installed-snapshot,base-dump-inventory,S8000-2.tar,usr/bin/objsu,6d519b344012dca81d57d1caca3b7511a8977cf7d6bb565be5514286a1d46e12,mode/uid/gid recovered from parent .contents
/usr/bin/pack,file,9888,0751,3,0,469763434,common-installed-snapshot,base-dump-inventory,S8000-2.tar,usr/bin/pack,1110530814ff3daf6121fe6dcbaf1ab6130f3e43c04c8e7b138b36afd26c7a99,mode/uid/gid recovered from parent .contents
/usr/bin/paste,file,4198,0751,3,0,469763435,common-installed-snapshot,base-dump-inventory,S8000-2.tar,usr/bin/paste,bb9728a9a034c44bfb1a846ea7ea924479451e5fb7830436f29fec9bf5e9aec8,mode/uid/gid recovered from parent .contents
/usr/bin/pcat,file,5004,0751,3,0,469763435,common-installed-snapshot,base-dump-inventory,S8000-2.tar,usr/bin/pcat,c2ab23ed068f5410401c12a1db5a78389c4f4c6679779789676fcd65ddee9fc2,mode/uid/gid recovered from parent .contents
/usr/bin/prof,file,10744,0751,3,0,469763436,common-installed-snapshot,base-dump-inventory,S8000-2.tar,usr/bin/prof,c8bf96358c69d8802493b84a392ed43c9b7454084be1da78c3362862391b8f6e,mode/uid/gid recovered from parent .contents
/usr/bin/prom,file,12964,0751,3,0,469764478,common-installed-snapshot,base-dump-inventory,S8000-2.tar,usr/bin/prom,dbd6a68d87a5ee90bb17ffc07456215af755291415c6ad4f5f38d2c69bebafbb,mode/uid/gid recovered from parent .contents
/usr/bin/prs,file,31490,0700,508,20,534374080,common-installed-snapshot,unclassified-installed-snapshot,S8000-2.tar,usr/bin/prs,d9f2a949d269a53e67e592d17ef18dc4027e7d612ae7f16369947209e39ce279,metadata from modern tar wrapper
/usr/bin/ptx,file,9566,0751,3,0,469763437,common-installed-snapshot,base-dump-inventory,S8000-2.tar,usr/bin/ptx,84ae9cf29a466f69b7eee050967fdf6c9414452c6ae1a3377c123f8ad3e824b6,mode/uid/gid recovered from parent .contents
/usr/bin/pwck,file,6054,0751,3,0,469763438,common-installed-snapshot,base-dump-inventory,S8000-2.tar,usr/bin/pwck,dd5a5d220f21d9cd7b477edd01862af3fec476b2be4fd7934fd0ff28c56f768e,mode/uid/gid recovered from parent .contents
/usr/bin/quot,file,14180,4751,3,0,469763431,common-installed-snapshot,base-dump-inventory,S8000-2.tar,usr/bin/quot,51b23bdb0c2edbd8a6ee5a36e2eebb946af9e4a906a4de541703aeb16adbc307,mode/uid/gid recovered from parent .contents
/usr/bin/ranlib,file,9570,0751,3,0,469764477,common-installed-snapshot,base-dump-inventory,S8000-2.tar,usr/bin/ranlib,5ec88b0b5f7d0bbaeda463c135415972c8968a284a387e693519c860c8df3b54,mode/uid/gid recovered from parent .contents
/usr/bin/reserv,file,13404,4751,0,0,469763434,common-installed-snapshot,base-dump-inventory,S8000-2.tar,usr/bin/reserv,17377a4996b94bda41e6814cd9df0fd0ea304bf9bcad412b4040198841e12b10,mode/uid/gid recovered from parent .contents
/usr/bin/reset,file,364,0751,3,0,469763439,common-installed-snapshot,base-dump-inventory,S8000-2.tar,usr/bin/reset,f07cac089fd8f2ff5d1b13124afd4642b406ddccb7893d2dac366b5ae9dcf072,mode/uid/gid recovered from parent .contents
/usr/bin/script,file,9028,0751,3,0,469763440,common-installed-snapshot,base-dump-inventory,S8000-2.tar,usr/bin/script,d8f8c664e1db1cb43737d7b2d50d813423976dd60f2f1df64de2d86487112708,mode/uid/gid recovered from parent .contents
/usr/bin/sdiff,file,10064,0751,3,0,469763387,common-installed-snapshot,base-dump-inventory,S8000-2.tar,usr/bin/sdiff,32061c295352ae6e4e3892f49f9ecc92048a51f354dd1519849ea2f39eb03378,mode/uid/gid recovered from parent .contents
/usr/bin/sed,file,16734,0751,3,0,469763394,common-installed-snapshot,base-dump-inventory,S8000-2.tar,usr/bin/sed,10b9744e7044c315890842f7ed453108281ed6b29f586fe90484319d302c1173,mode/uid/gid recovered from parent .contents
/usr/bin/slink,file,12266,0751,3,0,469764494,common-installed-snapshot,base-dump-inventory,S8000-2.tar,usr/bin/slink,f13a30a6e6859f05b7b6259363e1230b366c3b21bb25f8278f1da064c306afe3,mode/uid/gid recovered from parent .contents
/usr/bin/spell,file,621,0755,3,0,469763401,common-installed-snapshot,base-dump-inventory,S8000-2.tar,usr/bin/spell,dfed2ad2bddb33f9ef32787cb17cdeb69a7772abd9447dd959d8513b168c6006,mode/uid/gid recovered from parent .contents
/usr/bin/spellin,file,5404,0751,3,0,469763402,common-installed-snapshot,base-dump-inventory,S8000-2.tar,usr/bin/spellin,4df3ede3c2606e17bb7876e492ec5781fb0805fc8c7674c1f194addf8ac93b54,mode/uid/gid recovered from parent .contents
/usr/bin/spellout,file,5536,0751,3,0,469763403,common-installed-snapshot,base-dump-inventory,S8000-2.tar,usr/bin/spellout,2b3b41b677a85f1b8bd3dfb21592231111dabb6d826344d84ba7c21167369475,mode/uid/gid recovered from parent .contents
/usr/bin/split,file,5372,0751,3,0,469763440,common-installed-snapshot,base-dump-inventory,S8000-2.tar,usr/bin/split,668c66b574b72884b45f5892ca00fdf285315497ad29b114a6c22fac41881fee,mode/uid/gid recovered from parent .contents
/usr/bin/sprof,file,10774,0751,3,0,469763429,common-installed-snapshot,base-dump-inventory,S8000-2.tar,usr/bin/sprof,0ffd4e9fe9b79221b5735a307f511c8cc5a191fe6ac403b94b7d9f1011c43a12,mode/uid/gid recovered from parent .contents
/usr/bin/str,file,18698,0751,3,0,469763415,common-installed-snapshot,base-dump-inventory,S8000-2.tar,usr/bin/str,c5cf1901e3aa723b3ed3264fa98cc399a4f034cfd4319371b3da6fbd3e713c91,mode/uid/gid recovered from parent .contents
/usr/bin/strings,file,9476,0751,3,0,469763433,common-installed-snapshot,base-dump-inventory,S8000-2.tar,usr/bin/strings,3d6c24637c0dbe7010dcf9a65f0ebcc1039e6afeea058f185c7144d21dc5026c,mode/uid/gid recovered from parent .contents
/usr/bin/strip,file,9072,0751,3,0,469763451,common-installed-snapshot,base-dump-inventory,S8000-2.tar,usr/bin/strip,8140e9ef875f626abec55e425b53c7b13d84108d0a9532f7967adf293def0256,mode/uid/gid recovered from parent .contents
/usr/bin/strprint,file,253,0755,3,0,469763440,common-installed-snapshot,base-dump-inventory,S8000-2.tar,usr/bin/strprint,3e425b7e54f8708a6ba1a7c54be43a19449f1dab8f732a966faa8f44899da83e,mode/uid/gid recovered from parent .contents
/usr/bin/tabs,file,3536,0751,3,0,469763441,common-installed-snapshot,base-dump-inventory,S8000-2.tar,usr/bin/tabs,bdbe5a18680398a52ae24e627d87c097f62a3e809a8f49ad3c6f4ecc0dfa3925,mode/uid/gid recovered from parent .contents
/usr/bin/talk,file,6766,0751,3,0,469763441,common-installed-snapshot,base-dump-inventory,S8000-2.tar,usr/bin/talk,9c1fa6f2e1877f3c46b24d3d48814e335454e7a5dfed6b825f903b0bba146c06,mode/uid/gid recovered from parent .contents
/usr/bin/taper,file,13404,4751,0,0,469763434,common-installed-snapshot,base-dump-inventory,S8000-2.tar,usr/bin/taper,17377a4996b94bda41e6814cd9df0fd0ea304bf9bcad412b4040198841e12b10,mode/uid/gid recovered from parent .contents
/usr/bin/tbl,file,36424,0751,3,0,469763420,common-installed-snapshot,base-dump-inventory,S8000-2.tar,usr/bin/tbl,468711965262c6acde6b762abf0587b8176bc45d6af2a12f9eac025e39e54147,mode/uid/gid recovered from parent .contents
/usr/bin/timex,file,13198,0751,3,0,469763385,common-installed-snapshot,base-dump-inventory,S8000-2.tar,usr/bin/timex,38f6743aa3d5c3bb66a2f5588a14ad02fc63b3022ff91c9167025f5689970895,mode/uid/gid recovered from parent .contents
/usr/bin/troff,file,52942,0751,3,0,469764475,common-installed-snapshot,base-dump-inventory,S8000-2.tar,usr/bin/troff,17f6d875b4685f81468dc796e6c04d1ee71e13cd1d4fdcedbd49df4360289595,mode/uid/gid recovered from parent .contents
/usr/bin/true,file,55,0755,3,0,469763447,common-installed-snapshot,base-dump-inventory,S8000-2.tar,usr/bin/true,9c23219d7ae55f3da83aa150adc95018515bea29bbf43ddafaf456a2e28cea17,mode/uid/gid recovered from parent .contents
/usr/bin/tsort,file,9264,0751,3,0,469763442,common-installed-snapshot,base-dump-inventory,S8000-2.tar,usr/bin/tsort,68e9390500a6c247bf63246318786884aafabf196f6a1f6827b969897757246b,mode/uid/gid recovered from parent .contents
/usr/bin/tty,file,4316,0751,3,0,469763442,common-installed-snapshot,base-dump-inventory,S8000-2.tar,usr/bin/tty,ff9a8778dc6c2c6e705c1feb1b6894ebf5bf654d362e91db2a5e98a7c7a30161,mode/uid/gid recovered from parent .contents
/usr/bin/uimage,file,15302,0751,3,0,469764491,common-installed-snapshot,base-dump-inventory,S8000-2.tar,usr/bin/uimage,a2e924204000a62e187fc580ea80250f1d2b48a6717568acc03179ecfa3916d9,mode/uid/gid recovered from parent .contents
/usr/bin/uniq,file,9320,0751,3,0,469763443,common-installed-snapshot,base-dump-inventory,S8000-2.tar,usr/bin/uniq,05040bfeefc773592bd75e50e7ce4a5cddcb16f2897ddb0390c0fc1a9bd373a0,mode/uid/gid recovered from parent .contents
/usr/bin/units,file,11258,0751,3,0,469763444,common-installed-snapshot,base-dump-inventory,S8000-2.tar,usr/bin/units,7a94ebb49658cb9f62f8bc45c76e9fe814238b7c8740ee1df610e35b72b33301,mode/uid/gid recovered from parent .contents
/usr/bin/unpack,file,5302,0751,3,0,469763389,common-installed-snapshot,base-dump-inventory,S8000-2.tar,usr/bin/unpack,688e251145b9712c8e069a703a3d49918b6a3ea20f1e76ecdf8fc75b9b4d68b4,mode/uid/gid recovered from parent .contents
/usr/bin/users,file,5844,0751,3,0,469763444,common-installed-snapshot,base-dump-inventory,S8000-2.tar,usr/bin/users,8bd73a087df68a870bc930c0be12b9d0bb56fda7729b96f0161c5ffcd10ab6dc,mode/uid/gid recovered from parent .contents
/usr/bin/val,file,12898,0700,508,20,534374083,common-installed-snapshot,unclassified-installed-snapshot,S8000-2.tar,usr/bin/val,eceab5a17f9868bf68f8bcfbfc3f57660d3aab412bd82e566e1c7e8f2e3b9cd9,metadata from modern tar wrapper
/usr/bin/vls,file,25886,0751,3,0,469763448,common-installed-snapshot,base-dump-inventory,S8000-2.tar,usr/bin/vls,3a6ab7053d55f4d78384f774437d7142e0533ccf94197ca906c72838d815c9c1,mode/uid/gid recovered from parent .contents
/usr/bin/vnews,file,22772,0751,3,0,469763450,common-installed-snapshot,base-dump-inventory,S8000-2.tar,usr/bin/vnews,24c9bd2e412548bdec03394098ed033078afac8145015d0bdd2ebb40c6be2749,mode/uid/gid recovered from parent .contents
/usr/bin/vtzset,file,7058,0751,3,0,469763445,common-installed-snapshot,base-dump-inventory,S8000-2.tar,usr/bin/vtzset,5b6c72acd1a8827ce9c49c91dede534838de59293fb4f7634b52872273b01818,mode/uid/gid recovered from parent .contents
/usr/bin/wc,file,5110,0751,3,0,469763445,common-installed-snapshot,base-dump-inventory,S8000-2.tar,usr/bin/wc,c92ccffa039840180af5601a0a418a137ca7b77a259817bf22979b20431cdf3d,mode/uid/gid recovered from parent .contents
/usr/bin/whatis,file,7044,0751,3,0,469764472,common-installed-snapshot,base-dump-inventory,S8000-2.tar,usr/bin/whatis,2004ae49e58dde54a50b737430bca2650df184d4a26d75ba2de7e519d9b4b4b8,mode/uid/gid recovered from parent .contents
/usr/bin/which,file,583,0755,3,0,469763425,common-installed-snapshot,base-dump-inventory,S8000-2.tar,usr/bin/which,6eb55d71d79dbd28d8bca53080cc05041d6a9d05f4fd3de57dac5562ca607b38,mode/uid/gid recovered from parent .contents
/usr/bin/whoami,file,7412,0751,3,0,469763446,common-installed-snapshot,base-dump-inventory,S8000-2.tar,usr/bin/whoami,47c0c28f15c1e2ea2baeaa5959a9fe2b11384690ef2cb3dca1bdcd5a8a0c8927,mode/uid/gid recovered from parent .contents
/usr/bin/whois,file,14668,4751,3,0,469763390,common-installed-snapshot,base-dump-inventory,S8000-2.tar,usr/bin/whois,88971a9a6783b852bac16a5fe81d6fce9b56371e7496f9448aced839b82970cd,mode/uid/gid recovered from parent .contents
/usr/bin/xargs,file,4414,0751,3,0,469763446,common-installed-snapshot,base-dump-inventory,S8000-2.tar,usr/bin/xargs,762acd6556051f3a521217c0fb95f87e2efaaf2da94be7acaa45ba8da576bff1,mode/uid/gid recovered from parent .contents
/usr/bin/xq,file,28264,4751,0,0,469763424,common-installed-snapshot,base-dump-inventory,S8000-2.tar,usr/bin/xq,6e74173af8be3c089ffff7d47a9ab05aecd22562b1126f8927155fde194b422a,mode/uid/gid recovered from parent .contents
/usr/bin/xstr,file,9794,0751,3,0,469763437,common-installed-snapshot,base-dump-inventory,S8000-2.tar,usr/bin/xstr,925aec68ee5322b7c4b0fad44552ab7a126856f9cfbdf95560defd0618bcd61c,mode/uid/gid recovered from parent .contents
/usr/bin/yacc,file,37224,0751,3,0,469764468,common-installed-snapshot,base-dump-inventory,S8000-2.tar,usr/bin/yacc,f4fc80c48d17d81de20a63bf3c96e90cb6aef54fe8c0347ab222725e68555c13,mode/uid/gid recovered from parent .contents
/usr/bin/zmenu,file,28998,0700,508,20,469746901,common-installed-snapshot,unclassified-installed-snapshot,S8000-2.tar,usr/bin/zmenu,c92a8ffbc631bd51f5059dfd34ea0425d570252c11fcb4472f88de2f61b6326c,metadata from modern tar wrapper
/usr/bin/zmprint,file,16796,0700,508,20,469746901,common-installed-snapshot,unclassified-installed-snapshot,S8000-2.tar,usr/bin/zmprint,caf43468c37642f1cc836fd5315c7b864d1acfc960e6a26955752c6a6cf855c6,metadata from modern tar wrapper
/usr/boot,file,22786,0444,0,0,469763593,common-installed-snapshot,base-dump-inventory,S8000-2.tar,usr/boot,9064564f79f97580fb1e3f517da3cb8fa529e07d31c904b64f8c4f3c401e320e,mode/uid/gid recovered from parent .contents
/usr/dict,directory,0,0775,3,0,1498803204,common-installed-snapshot,base-dump-inventory,S8000-2.tar,usr/dict,,mode/uid/gid recovered from parent .contents
/usr/dict/.contents,file,132,0664,3,0,469763658,common-installed-snapshot,base-dump-inventory,S8000-2.tar,usr/dict/.contents,03a4607cce5a6fb2c4307b2ae93adf9f9e20e9d11177f312f3d2654641d8c3ed,mode/uid/gid recovered from parent .contents
/usr/dict/hlista,file,50000,0644,3,0,469763462,common-installed-snapshot,base-dump-inventory,S8000-2.tar,usr/dict/hlista,3b3ddf60ac9329d4811a1eacce1e3896f56ed64a0929580a10327255242cfb09,mode/uid/gid recovered from parent .contents
/usr/dict/hlistb,file,50000,0644,3,0,469763465,common-installed-snapshot,base-dump-inventory,S8000-2.tar,usr/dict/hlistb,a408ec9db0d84be8c5959b0534b5684c5dccb8587d443bcf382a029e4bec5322,mode/uid/gid recovered from parent .contents
/usr/dict/hstop,file,50000,0644,3,0,469763468,common-installed-snapshot,base-dump-inventory,S8000-2.tar,usr/dict/hstop,73bd1433eaafafcf1e4fe666de2974fde2de51661fff7f36f8824b25734d742f,mode/uid/gid recovered from parent .contents
/usr/dict/spellhist,file,19061,0666,3,0,564455683,common-installed-snapshot,base-dump-inventory,S8000-2.tar,usr/dict/spellhist,7dc38debd56f8d106911aa18e33e1e14ac51555eb44bc5df3ebe07990b08478a,mode/uid/gid recovered from parent .contents
/usr/dict/words,file,196519,0664,3,0,469763480,common-installed-snapshot,base-dump-inventory,S8000-2.tar,usr/dict/words,0d11f0c70289b3f6888218ad09ddf0082af6706caa674dd6a3e6b136ba37b9bd,mode/uid/gid recovered from parent .contents
/usr/include,directory,0,0755,3,0,1498803204,common-installed-snapshot,base-dump-inventory,S8000-2.tar,usr/include,,mode/uid/gid recovered from parent .contents
/usr/include/.contents,file,1056,0664,3,0,469764641,common-installed-snapshot,base-dump-inventory,S8000-2.tar,usr/include/.contents,3021e4a116ad85c5b19fc91675ad83f2ff71766afacf9d70e3ac78e554fabacf,mode/uid/gid recovered from parent .contents
/usr/include/alarm.h,file,993,0444,3,0,469763496,common-installed-snapshot,base-dump-inventory,S8000-2.tar,usr/include/alarm.h,3a7b7ea6591d8c841eb079a1a2b2a16eabb78014ce11160ff792df44b3664cce,mode/uid/gid recovered from parent .contents
/usr/include/ar.h,file,182,0444,3,0,469763496,common-installed-snapshot,base-dump-inventory,S8000-2.tar,usr/include/ar.h,a519087608749af90e9bdbc925655adffcbb40f11f1af56005d92fa3676b27d7,mode/uid/gid recovered from parent .contents
/usr/include/assert.h,file,360,0444,3,0,469763497,common-installed-snapshot,base-dump-inventory,S8000-2.tar,usr/include/assert.h,63313d79c416fd635e498ba2d18bc6082dbb91586bec06ebc60e33c433ab5991,mode/uid/gid recovered from parent .contents
/usr/include/core.h,file,190,0444,3,0,469763497,common-installed-snapshot,base-dump-inventory,S8000-2.tar,usr/include/core.h,b6782f06c8e8f1efb75cfbec8153c3c4b227a92d5f1339fc1b60d31f23c37c6e,mode/uid/gid recovered from parent .contents
/usr/include/ct.h,file,305,0444,3,0,469763497,common-installed-snapshot,base-dump-inventory,S8000-2.tar,usr/include/ct.h,b2fd85eec14d5e5c62b282660b3aac4cef009a9534807f66128ae261169dddf6,mode/uid/gid recovered from parent .contents
/usr/include/ctype.h,file,792,0444,3,0,469763497,common-installed-snapshot,base-dump-inventory,S8000-2.tar,usr/include/ctype.h,8dec1a788048f923d2e9abba283f94715fb90cae2f69f9d84bd73d18eb569b6e,mode/uid/gid recovered from parent .contents
/usr/include/curses.h,file,4319,0444,3,0,469763497,common-installed-snapshot,base-dump-inventory,S8000-2.tar,usr/include/curses.h,1229c79c0753b1aa75414e20eb543548e58626b3c7ac142818fab0d7bfde3a66,mode/uid/gid recovered from parent .contents
/usr/include/dial.h,file,1413,0444,0,0,469763507,common-installed-snapshot,base-dump-inventory,S8000-2.tar,usr/include/dial.h,d1f049c4a6ff6eff1f5cd9711cfa88ce22385c836c9edec4e6c52273546787b8,mode/uid/gid recovered from parent .contents
/usr/include/disasm.h,file,399,0444,3,0,469763498,common-installed-snapshot,base-dump-inventory,S8000-2.tar,usr/include/disasm.h,9cbe52290ab549b7caa96fcca2885c974f92b4889876fef6677bead36fa5ef6e,mode/uid/gid recovered from parent .contents
/usr/include/dumprestor.h,file,665,0444,3,0,469763498,common-installed-snapshot,base-dump-inventory,S8000-2.tar,usr/include/dumprestor.h,60623aa6d3fb8c72c40204f588ead86aba8446a824e9e09b417a89b23dcde52d,mode/uid/gid recovered from parent .contents
/usr/include/errno.h,file,1922,0444,3,0,469763498,common-installed-snapshot,base-dump-inventory,S8000-2.tar,usr/include/errno.h,410285dc043c70aa92440ba63538d99d7e7ea1dd8b18bc3d70383907c06b8b05,mode/uid/gid recovered from parent .contents
/usr/include/execargs.h,file,88,0444,3,0,469763498,common-installed-snapshot,base-dump-inventory,S8000-2.tar,usr/include/execargs.h,a80350e53e7872d274afa0619cb0a16bd2ac50b409434ab21d6cb9a0e82e426c,mode/uid/gid recovered from parent .contents
/usr/include/fatal.h,file,453,0444,3,0,469763498,common-installed-snapshot,base-dump-inventory,S8000-2.tar,usr/include/fatal.h,0d88a6e4edb8c0371ac019c8736e506c8d69717ab9d790058b5613e551a96b5a,mode/uid/gid recovered from parent .contents
/usr/include/fcntl.h,file,755,0444,3,0,469763499,common-installed-snapshot,base-dump-inventory,S8000-2.tar,usr/include/fcntl.h,272c8d2920aa589bf396c1f4dbeac20ef804b9a38abcf184d1bd3c58995711af,mode/uid/gid recovered from parent .contents
/usr/include/ff.h,file,3483,0444,3,0,469763499,common-installed-snapshot,base-dump-inventory,S8000-2.tar,usr/include/ff.h,28defeb18b3dabdec21fc9e24749735a07d68c726bc5197f8e0f2834c07c11da,mode/uid/gid recovered from parent .contents
/usr/include/grp.h,file,154,0444,3,0,469763499,common-installed-snapshot,base-dump-inventory,S8000-2.tar,usr/include/grp.h,a0258189dfa279fb62bb48672ad3e5c3c2658ec467a49bffc5857fa967fc33d4,mode/uid/gid recovered from parent .contents
/usr/include/iocalls.h,file,1394,0444,3,0,469763499,common-installed-snapshot,base-dump-inventory,S8000-2.tar,usr/include/iocalls.h,d4bc04912aac298de2f9e834c65b3cbda23b5afd1c43be49b33e01f39a5781e4,mode/uid/gid recovered from parent .contents
/usr/include/isam.h,file,4943,0444,3,0,469763499,common-installed-snapshot,base-dump-inventory,S8000-2.tar,usr/include/isam.h,89e1ec5da4ce9c83d264e31916f5ac6be9a36eaea8fe76176c3b79c2001b4c47,mode/uid/gid recovered from parent .contents
/usr/include/local,directory,0,0775,3,0,1498803204,common-installed-snapshot,base-dump-inventory,S8000-2.tar,usr/include/local,,mode/uid/gid recovered from parent .contents
/usr/include/local/.contents,file,44,0664,3,0,469763680,common-installed-snapshot,base-dump-inventory,S8000-2.tar,usr/include/local/.contents,b49fcae428d7e57071bea2bf056269d6d714e5a81b62f6ae364103281cf26731,mode/uid/gid recovered from parent .contents
/usr/include/local/uparm.h,file,217,0444,3,0,469763496,common-installed-snapshot,base-dump-inventory,S8000-2.tar,usr/include/local/uparm.h,0a648d45b4fe35c810a5034e276ead73875788d6ea545fa0c03ffc946b8e2e19,mode/uid/gid recovered from parent .contents
/usr/include/macros.h,file,2191,0444,3,0,469763500,common-installed-snapshot,base-dump-inventory,S8000-2.tar,usr/include/macros.h,cdacc5b7a9b5d2d85d7cab9c31bec88bb625b676b67ee380212513673a2a3921,mode/uid/gid recovered from parent .contents
/usr/include/math.h,file,427,0444,3,0,469763500,common-installed-snapshot,base-dump-inventory,S8000-2.tar,usr/include/math.h,4a5888ca5d2ccdf1a02e99dded7b83e68c8606a736931810a1c2499525bc5279,mode/uid/gid recovered from parent .contents
/usr/include/misc.h,file,373,0444,3,0,469763500,common-installed-snapshot,base-dump-inventory,S8000-2.tar,usr/include/misc.h,1c155e67389e79cb07a07ea5bd5c61006994835c5f1b56ae2b6949d6b0243239,mode/uid/gid recovered from parent .contents
/usr/include/mmu.h,file,848,0444,3,0,469763500,common-installed-snapshot,base-dump-inventory,S8000-2.tar,usr/include/mmu.h,dd006d994f4ba59b7f22be8c0aad0ebbc25dbf900a6f10a138a6f7e1fd39a4c0,mode/uid/gid recovered from parent .contents
/usr/include/mnttab.h,file,249,0444,3,0,469763501,common-installed-snapshot,base-dump-inventory,S8000-2.tar,usr/include/mnttab.h,5cf4fe51486f35b6830dfd56139a16a130cbca2620482adf113df0a5939de9ce,mode/uid/gid recovered from parent .contents
/usr/include/mp.h,file,505,0444,3,0,469763501,common-installed-snapshot,base-dump-inventory,S8000-2.tar,usr/include/mp.h,e7290e2a9dc90327404721ff8d1e389a6811161314a72ba63a3e34a21bee1785,mode/uid/gid recovered from parent .contents
/usr/include/nlist.h,file,234,0444,3,0,469763502,common-installed-snapshot,base-dump-inventory,S8000-2.tar,usr/include/nlist.h,e424146df37303a5e9ead30e0fff0235d4721a7e091746e755bdba2e132ceed5,mode/uid/gid recovered from parent .contents
/usr/include/pwd.h,file,213,0444,3,0,469763502,common-installed-snapshot,base-dump-inventory,S8000-2.tar,usr/include/pwd.h,a8caa87cdb2acfab306004343816c3e786ff4dd77c6d3aa4dbefdccd44c81c09,mode/uid/gid recovered from parent .contents
/usr/include/regexp.h,file,6307,0444,3,0,469763502,common-installed-snapshot,base-dump-inventory,S8000-2.tar,usr/include/regexp.h,6310fd8a7a2df2cabeca39708695852d0d7a4df4a095d42a88bfb99b02573741,mode/uid/gid recovered from parent .contents
/usr/include/s.out.h,file,7603,0444,3,0,469763503,common-installed-snapshot,base-dump-inventory,S8000-2.tar,usr/include/s.out.h,4c37703b27755e8540529fc74a6829240c2298c03d2685df7f3c72359c21e532,mode/uid/gid recovered from parent .contents
/usr/include/saio.h,file,915,0444,3,0,469763503,common-installed-snapshot,base-dump-inventory,S8000-2.tar,usr/include/saio.h,95341bcdfcf4efed57721936be0cd01b506bdf70b7d31cf4a7252626c4d5c94e,mode/uid/gid recovered from parent .contents
/usr/include/screen.h,file,1551,0444,3,0,469763503,common-installed-snapshot,base-dump-inventory,S8000-2.tar,usr/include/screen.h,8d628837a5970b5ad8522e6684570c8205acefdba7b19ff1baebd6d2b0609302,mode/uid/gid recovered from parent .contents
/usr/include/segio.h,file,1458,0444,3,0,469763503,common-installed-snapshot,base-dump-inventory,S8000-2.tar,usr/include/segio.h,9be1a0102caa4d88941085064704f11bcd1adbdbb7be0f9f0468706c8d1ef345,mode/uid/gid recovered from parent .contents
/usr/include/setret.h,file,79,0444,3,0,469763504,common-installed-snapshot,base-dump-inventory,S8000-2.tar,usr/include/setret.h,57bb098b5411e1dfd7cb90691578aa747e4ab0473c906e484cb5f927fdf80ef7,mode/uid/gid recovered from parent .contents
/usr/include/sgtty.h,file,2740,0444,3,0,469763504,common-installed-snapshot,base-dump-inventory,S8000-2.tar,usr/include/sgtty.h,e2e44f728a8c45689ab2c0a8cf22edf540b8d0d27195c556c7a21ec8fef2ca8b,mode/uid/gid recovered from parent .contents
/usr/include/signal.h,file,207,0444,3,0,469763504,common-installed-snapshot,base-dump-inventory,S8000-2.tar,usr/include/signal.h,e1ddc67f5c89a595994b1ab6a7bd58d209c81f925a0f3fccc78ada927f571a99,mode/uid/gid recovered from parent .contents
/usr/include/spool.h,file,5720,0444,3,0,469763504,common-installed-snapshot,base-dump-inventory,S8000-2.tar,usr/include/spool.h,a08600a17b77a784da6414eb6f819f9dbd82ae5f39769185fb52c259cb1c2169,mode/uid/gid recovered from parent .contents
/usr/include/ssignal.h,file,160,0444,3,0,469763504,common-installed-snapshot,base-dump-inventory,S8000-2.tar,usr/include/ssignal.h,add0c704897d30c5335d2505552c62be4d21424ef0153195acb937743b9d97aa,mode/uid/gid recovered from parent .contents
/usr/include/stdio.h,file,1072,0444,3,0,469763505,common-installed-snapshot,base-dump-inventory,S8000-2.tar,usr/include/stdio.h,99b515e772c978fb2bc8920f0b60275bc855c92d4b46cb1e7fb7eadfe17e24f2,mode/uid/gid recovered from parent .contents
/usr/include/sys,directory,0,0775,3,0,1498803204,common-installed-snapshot,base-dump-inventory,S8000-2.tar,usr/include/sys,,mode/uid/gid recovered from parent .contents
/usr/include/sys/.contents,file,990,0664,3,0,469763670,common-installed-snapshot,base-dump-inventory,S8000-2.tar,usr/include/sys/.contents,ca01a6493ceb522936a29187e904857d14df17a3f211241178d908dfb8775182,mode/uid/gid recovered from parent .contents
/usr/include/sys/acct.h,file,1025,0444,3,0,469763482,common-installed-snapshot,base-dump-inventory,S8000-2.tar,usr/include/sys/acct.h,2fbd3ecbd5b0b83d13ae1ec0c49d3c9fe3e4ac3c2667306a2367d23c256dcdc5,mode/uid/gid recovered from parent .contents
/usr/include/sys/block0.h,file,2710,0444,3,0,469763482,common-installed-snapshot,base-dump-inventory,S8000-2.tar,usr/include/sys/block0.h,13ab03097b07cff97d89457a1efe72db8ffb1ee367d85c3a610af60ca819cc2c,mode/uid/gid recovered from parent .contents
/usr/include/sys/buf.h,file,3281,0444,3,0,469763483,common-installed-snapshot,base-dump-inventory,S8000-2.tar,usr/include/sys/buf.h,04485cdc71e5119f0f5706e25db2bb5b530440a2adc6f60e05e336b4315812f8,mode/uid/gid recovered from parent .contents
/usr/include/sys/callo.h,file,449,0444,3,0,469763484,common-installed-snapshot,base-dump-inventory,S8000-2.tar,usr/include/sys/callo.h,50193482e6e2ee25a86e4c624e75ae9778dcb1a5ec17b02ad192057daeb9d19e,mode/uid/gid recovered from parent .contents
/usr/include/sys/cio.h,file,9965,0444,3,0,469763495,common-installed-snapshot,base-dump-inventory,S8000-2.tar,usr/include/sys/cio.h,02d5738742178acfe01b8c9c38d4e08a619a876be9b4b9d842c18ea3f1041a43,mode/uid/gid recovered from parent .contents
/usr/include/sys/conf.h,file,1034,0444,3,0,469763484,common-installed-snapshot,base-dump-inventory,S8000-2.tar,usr/include/sys/conf.h,d9615f682f2e1ce3cd53bd968831330679c8e991ed2d09d673ba023eb9e2e634,mode/uid/gid recovered from parent .contents
/usr/include/sys/ct.h,file,297,0444,3,0,469763484,common-installed-snapshot,base-dump-inventory,S8000-2.tar,usr/include/sys/ct.h,dc69c48264c2d2b1bdf093f3513d5bb10f249da68981079cb86c5d10936496ee,mode/uid/gid recovered from parent .contents
/usr/include/sys/dir.h,file,159,0444,3,0,469763484,common-installed-snapshot,base-dump-inventory,S8000-2.tar,usr/include/sys/dir.h,12bb7ef4b6e9490c39c8fd491ebd8c72894f0d016df6df80c5c94c2f6ae76d2c,mode/uid/gid recovered from parent .contents
/usr/include/sys/fblk.h,file,116,0444,3,0,469763484,common-installed-snapshot,base-dump-inventory,S8000-2.tar,usr/include/sys/fblk.h,af5ef338a5dcdb30253397484c3f2dbf49d8f913f977f3fcec040b230bf99f5f,mode/uid/gid recovered from parent .contents
/usr/include/sys/file.h,file,919,0444,3,0,469763484,common-installed-snapshot,base-dump-inventory,S8000-2.tar,usr/include/sys/file.h,782cc687bb1e40b6531211fd26c10a0daaad10774e42d5ac1177e543205d9f2a,mode/uid/gid recovered from parent .contents
/usr/include/sys/filsys.h,file,1156,0444,3,0,469763484,common-installed-snapshot,base-dump-inventory,S8000-2.tar,usr/include/sys/filsys.h,e852548c4df7f7d7276294a97d3a4c818209233045062612d47fefc739344438,mode/uid/gid recovered from parent .contents
/usr/include/sys/icp,directory,0,0777,3,0,1498803204,common-installed-snapshot,base-dump-inventory,S8000-2.tar,usr/include/sys/icp,,mode/uid/gid recovered from parent .contents
/usr/include/sys/icp/.contents,file,88,0664,3,0,469763675,common-installed-snapshot,base-dump-inventory,S8000-2.tar,usr/include/sys/icp/.contents,1645724bbd7996fd2162088dd55c1df4b621fec7601fb5473081f5617bcedeb8,mode/uid/gid recovered from parent .contents
/usr/include/sys/icp/icp.h,file,3711,0444,3,0,469763493,common-installed-snapshot,base-dump-inventory,S8000-2.tar,usr/include/sys/icp/icp.h,e168992859735bccce4f7320d0cb606a3f042e430cd9de48615f1b7f7dc13779,mode/uid/gid recovered from parent .contents
/usr/include/sys/icp/icpcomm.h,file,5757,0444,3,0,469763493,common-installed-snapshot,base-dump-inventory,S8000-2.tar,usr/include/sys/icp/icpcomm.h,05a1783641aeb89a4c17a9b98f75ca29cd3d0b8fce31330d95a780aca63730a4,mode/uid/gid recovered from parent .contents
/usr/include/sys/icp/iih.h,file,1020,0444,3,0,469763494,common-installed-snapshot,base-dump-inventory,S8000-2.tar,usr/include/sys/icp/iih.h,2d8dd08782b88471e30493b9551653c274692b027c77f08d16ee10bdb579b7ec,mode/uid/gid recovered from parent .contents
/usr/include/sys/ino.h,file,696,0444,3,0,469763484,common-installed-snapshot,base-dump-inventory,S8000-2.tar,usr/include/sys/ino.h,c4450ba511bcfd12f8f34ef21d3fd540874688c9afb8c34b576bef37e17f4599,mode/uid/gid recovered from parent .contents
/usr/include/sys/inode.h,file,3163,0444,3,0,469763485,common-installed-snapshot,base-dump-inventory,S8000-2.tar,usr/include/sys/inode.h,0e2b28ccd146f987dafbdb8bac7d7b50ed393b489f7dd8427ca589b7e112b041,mode/uid/gid recovered from parent .contents
/usr/include/sys/iobuf.h,file,1772,0444,3,0,469763485,common-installed-snapshot,base-dump-inventory,S8000-2.tar,usr/include/sys/iobuf.h,57a2859ec488aa3bca7bdd625a349fdd8820b6b557c465cd35734cd63cc0665d,mode/uid/gid recovered from parent .contents
/usr/include/sys/ioctl.h,file,3167,0444,3,0,469763485,common-installed-snapshot,base-dump-inventory,S8000-2.tar,usr/include/sys/ioctl.h,c0ff10796618243a2ed7d7e54a16bd25aca85a8e538fa58162372715d5737175,mode/uid/gid recovered from parent .contents
/usr/include/sys/kcore.h,file,668,0444,3,0,469763485,common-installed-snapshot,base-dump-inventory,S8000-2.tar,usr/include/sys/kcore.h,528ea8da9eb15b964c31ea59a78ff732e30eaf04d7c81c7c2f5671ae0bf3ca20,mode/uid/gid recovered from parent .contents
/usr/include/sys/lockblk.h,file,798,0444,3,0,469763485,common-installed-snapshot,base-dump-inventory,S8000-2.tar,usr/include/sys/lockblk.h,2210ae824c3adf9745df96976f5d2926d60cd4653a65c82352f55375b2680056,mode/uid/gid recovered from parent .contents
/usr/include/sys/lpio.h,file,391,0444,3,0,469763486,common-installed-snapshot,base-dump-inventory,S8000-2.tar,usr/include/sys/lpio.h,77b746989e21c406290b2de19023a16e78f5b6a9fd95bf7097ddae6f66bda06c,mode/uid/gid recovered from parent .contents
/usr/include/sys/map.h,file,236,0444,3,0,469763486,common-installed-snapshot,base-dump-inventory,S8000-2.tar,usr/include/sys/map.h,e42ae9d90b8e5f7bc69f3ae79ab7d2262df6bc79920671d8696f2c262e87662b,mode/uid/gid recovered from parent .contents
/usr/include/sys/mmu.h,file,841,0444,3,0,469763486,common-installed-snapshot,base-dump-inventory,S8000-2.tar,usr/include/sys/mmu.h,4811cabd87112690910c93d8fbc3366493195f160ea49748f58fce29be777a90,mode/uid/gid recovered from parent .contents
/usr/include/sys/mount.h,file,378,0444,3,0,469763486,common-installed-snapshot,base-dump-inventory,S8000-2.tar,usr/include/sys/mount.h,ac959129dbb66510d07d9978762eede039889031bb2fc1452caa8dc04090be50,mode/uid/gid recovered from parent .contents
/usr/include/sys/param.h,file,6879,0444,3,0,469763486,common-installed-snapshot,base-dump-inventory,S8000-2.tar,usr/include/sys/param.h,70df06ec0984be095cab04c2c6d7854f78d64a7241eb48ee0222cd777f5c6496,mode/uid/gid recovered from parent .contents
/usr/include/sys/pk.h,file,2254,0444,3,0,469763487,common-installed-snapshot,base-dump-inventory,S8000-2.tar,usr/include/sys/pk.h,11325dc174d0648439ffbb11a224e4d5c694da27e0e3501fb0452c1e7b73882e,mode/uid/gid recovered from parent .contents
/usr/include/sys/prim.h,file,203,0444,3,0,469763487,common-installed-snapshot,base-dump-inventory,S8000-2.tar,usr/include/sys/prim.h,aa7a36a483a5a30663c221a9e807931b25c8063bf35e6831744652f1498913b2,mode/uid/gid recovered from parent .contents
/usr/include/sys/proc.h,file,2895,0444,3,0,469763487,common-installed-snapshot,base-dump-inventory,S8000-2.tar,usr/include/sys/proc.h,e2eb086f1b32690437a7a04fc19c51da66485705b1c81a2e293e156116cc021a,mode/uid/gid recovered from parent .contents
/usr/include/sys/s.out.h,file,7603,0444,3,0,469763488,common-installed-snapshot,base-dump-inventory,S8000-2.tar,usr/include/sys/s.out.h,1f48e69790be996118d491c53b75fb4d2ba48967918580c0978e5f243641dba0,mode/uid/gid recovered from parent .contents
/usr/include/sys/scc.h,file,6543,0444,3,0,469763495,common-installed-snapshot,base-dump-inventory,S8000-2.tar,usr/include/sys/scc.h,447acd68d643f38f9ce64c4166a0b41ce87b443ec8c6a17bf0a3d1175ea01c25,mode/uid/gid recovered from parent .contents
/usr/include/sys/sched.h,file,650,0444,3,0,469763488,common-installed-snapshot,base-dump-inventory,S8000-2.tar,usr/include/sys/sched.h,91a8c48d2cd120885c6f9913b6123679354bb09b57039b9842b78980ebac3e78,mode/uid/gid recovered from parent .contents
/usr/include/sys/signal.h,file,1216,0444,3,0,469763488,common-installed-snapshot,base-dump-inventory,S8000-2.tar,usr/include/sys/signal.h,4baed7e31ee24aaa462b4007be2627effda75f880f80df8cdaef5068ba3c7674,mode/uid/gid recovered from parent .contents
/usr/include/sys/stat.h,file,1335,0444,3,0,469763488,common-installed-snapshot,base-dump-inventory,S8000-2.tar,usr/include/sys/stat.h,65e649f348f267cd97ceb0ef46725ffe39da0453a35becf75e81bcf265fde7b7,mode/uid/gid recovered from parent .contents
/usr/include/sys/state.h,file,2215,0444,3,0,469763489,common-installed-snapshot,base-dump-inventory,S8000-2.tar,usr/include/sys/state.h,cfd953b10dcb235578e639b40e3de1a8487d5dc83d5b50068ce4791ce7872587,mode/uid/gid recovered from parent .contents
/usr/include/sys/sysinfo.h,file,676,0444,3,0,469763489,common-installed-snapshot,base-dump-inventory,S8000-2.tar,usr/include/sys/sysinfo.h,9f13deeefea508e59cad5cd08923082bbcda57d0a26b73f17ae3c43ddf4221aa,mode/uid/gid recovered from parent .contents
/usr/include/sys/sysparm.h,file,1647,0444,3,0,469763489,common-installed-snapshot,base-dump-inventory,S8000-2.tar,usr/include/sys/sysparm.h,8f65dc6745ff0d16f8f1290eff14a20d0de5885512dde786054a245343782dd3,mode/uid/gid recovered from parent .contents
/usr/include/sys/systm.h,file,3364,0444,3,0,469763489,common-installed-snapshot,base-dump-inventory,S8000-2.tar,usr/include/sys/systm.h,e4b928dee78968d31dda2c52bf845453353bdf9d5f5f60317110dc1fc366fe1a,mode/uid/gid recovered from parent .contents
/usr/include/sys/termio.h,file,3246,0444,3,0,469763490,common-installed-snapshot,base-dump-inventory,S8000-2.tar,usr/include/sys/termio.h,af9e7f4b1bbf5714f0ffc4c8cc368f7f97b0608382ae1d9a346cb3d134d6781e,mode/uid/gid recovered from parent .contents
/usr/include/sys/text.h,file,792,0444,3,0,469763490,common-installed-snapshot,base-dump-inventory,S8000-2.tar,usr/include/sys/text.h,d61e1170467a4997e2b0d48be23d35eb5ff4dcdd926a8b46a84e830cebb27225,mode/uid/gid recovered from parent .contents
/usr/include/sys/timeb.h,file,200,0444,3,0,469763490,common-installed-snapshot,base-dump-inventory,S8000-2.tar,usr/include/sys/timeb.h,b750f14946c14627539d987d91f5e5c96e0268e17ea0e3cd4d4212e3cdc9739b,mode/uid/gid recovered from parent .contents
/usr/include/sys/times.h,file,280,0444,3,0,469763490,common-installed-snapshot,base-dump-inventory,S8000-2.tar,usr/include/sys/times.h,37f9d6a3adc0c3403d77bee6d65a6683f7bd2e5b45239f828ee7381fef2ee739,mode/uid/gid recovered from parent .contents
/usr/include/sys/ttold.h,file,883,0444,3,0,469763490,common-installed-snapshot,base-dump-inventory,S8000-2.tar,usr/include/sys/ttold.h,648d482132d9aaa775b89fe5b78ab8291ac17a49ae347625bf2d1cbcb87636bc,mode/uid/gid recovered from parent .contents
/usr/include/sys/tty.h,file,9605,0444,3,0,469763491,common-installed-snapshot,base-dump-inventory,S8000-2.tar,usr/include/sys/tty.h,14599b20946970633e80a4b735850c48de1ddb78327971fc2c70183542dd1a68,mode/uid/gid recovered from parent .contents
/usr/include/sys/types.h,file,474,0444,3,0,469763491,common-installed-snapshot,base-dump-inventory,S8000-2.tar,usr/include/sys/types.h,f0ee702f924e8765d313266d7a9a6948fc7d3d293bfb34eab20877cfe5221d51,mode/uid/gid recovered from parent .contents
/usr/include/sys/user.h,file,6023,0444,3,0,469763492,common-installed-snapshot,base-dump-inventory,S8000-2.tar,usr/include/sys/user.h,e1e6226ec40729db58b2184b0d92eb45f55fc2693e7c5b49eff266bc49d8357d,mode/uid/gid recovered from parent .contents
/usr/include/sys/utsname.h,file,234,0444,3,0,469763492,common-installed-snapshot,base-dump-inventory,S8000-2.tar,usr/include/sys/utsname.h,abfccee449ebef54aacbf80b58490dff783d754d8af05960f113f1ff66e65ab1,mode/uid/gid recovered from parent .contents
/usr/include/termenv.h,file,1591,0444,3,0,469763505,common-installed-snapshot,base-dump-inventory,S8000-2.tar,usr/include/termenv.h,ce51c8bbbf0c634fcc28c83657a15e02a8a06c94efa8b4d5fc0b5b0791cfe731,mode/uid/gid recovered from parent .contents
/usr/include/termio.h,file,3271,0444,3,0,469763505,common-installed-snapshot,base-dump-inventory,S8000-2.tar,usr/include/termio.h,27c85a7894ccdbe9372671bdf7a247805ba9209190e1192182d6decf2d0b29cd,mode/uid/gid recovered from parent .contents
/usr/include/time.h,file,210,0444,3,0,469763505,common-installed-snapshot,base-dump-inventory,S8000-2.tar,usr/include/time.h,9b8f66cfbe2a4f160f470e76a84b1713778c63e5e9bdab176335c64db5971baf,mode/uid/gid recovered from parent .contents
/usr/include/tp_defs.h,file,193,0444,3,0,469763506,common-installed-snapshot,base-dump-inventory,S8000-2.tar,usr/include/tp_defs.h,26e5e74e053aadeb1cbe46ef04a6291edaf292a816d38e4c1d6c891037827b0e,mode/uid/gid recovered from parent .contents
/usr/include/ustat.h,file,225,0444,3,0,469763506,common-installed-snapshot,base-dump-inventory,S8000-2.tar,usr/include/ustat.h,5861329764f9c85831871a2d9c0f405a617f11154a4d438be649153a6af21115,mode/uid/gid recovered from parent .contents
/usr/include/utmp.h,file,215,0444,3,0,469763506,common-installed-snapshot,base-dump-inventory,S8000-2.tar,usr/include/utmp.h,9d9b411fa084ab6cceef34d07bcb49ec49a61be2ae716d32a698617ce9acf1f7,mode/uid/gid recovered from parent .contents
/usr/include/varargs.h,file,240,0444,3,0,469763506,common-installed-snapshot,base-dump-inventory,S8000-2.tar,usr/include/varargs.h,83dd4729409324eab40d52632ad5c59f0ea0a001724eebfe8d6e2fa60401b061,mode/uid/gid recovered from parent .contents
/usr/include/whoami.h,file,78,0444,3,0,469763506,common-installed-snapshot,base-dump-inventory,S8000-2.tar,usr/include/whoami.h,16ce8a80fad1f2bd05174d5ced6399ee1a29c871c8e69f76e8b269342bfdc522,mode/uid/gid recovered from parent .contents
/usr/lib,directory,0,0755,3,0,1498803204,common-installed-snapshot,base-dump-inventory,S8000-2.tar,usr/lib,,mode/uid/gid recovered from parent .contents
/usr/lib/.contents,file,1452,0664,3,0,469764590,common-installed-snapshot,base-dump-inventory,S8000-2.tar,usr/lib/.contents,d8e3500b9bdb8a7842c8d52051f5d55f208765c2e2d8a0d09c55795dd238a82a,mode/uid/gid recovered from parent .contents
/usr/lib/.mifile,file,8,0600,508,20,568328433,common-installed-snapshot,unclassified-installed-snapshot,S8000-2.tar,usr/lib/.mifile,5d9119f403c1cd7f28254feb26c54375acb570a056867be6288d1ca6d308f163,metadata from modern tar wrapper
/usr/lib/atrun,file,12254,4751,0,0,469763530,common-installed-snapshot,base-dump-inventory,S8000-2.tar,usr/lib/atrun,c2ca2dcc44eec28c415dcd9b8017d9a201ce6b00ddfd9066387f4a93abf141fb,mode/uid/gid recovered from parent .contents
/usr/lib/calprog,file,5540,0751,3,0,469763530,common-installed-snapshot,base-dump-inventory,S8000-2.tar,usr/lib/calprog,5107b37e81485258e566f65386f5afa41ee49a1bce831ca846d8ada4a8ead98e,mode/uid/gid recovered from parent .contents
/usr/lib/cref,directory,0,0775,3,0,1498803204,common-installed-snapshot,base-dump-inventory,S8000-2.tar,usr/lib/cref,,mode/uid/gid recovered from parent .contents
/usr/lib/cref/.contents,file,132,0664,3,0,469763728,common-installed-snapshot,base-dump-inventory,S8000-2.tar,usr/lib/cref/.contents,680f5ca6a380c51516284e3bd9d95641258ce083010fad104d778d837e583ad5,mode/uid/gid recovered from parent .contents
/usr/lib/cref/cign,file,5024,0664,3,0,469763528,common-installed-snapshot,base-dump-inventory,S8000-2.tar,usr/lib/cref/cign,8086b95881800d7e8462112cc37ae60ebdce05e7c7741e1f7c3ea9a449845850,mode/uid/gid recovered from parent .contents
/usr/lib/cref/crpost,file,5260,0751,3,0,469763527,common-installed-snapshot,base-dump-inventory,S8000-2.tar,usr/lib/cref/crpost,1cf14047856a92c7d5733620c8bbdfe95e885a5083a7f9610e21b7162d6af898,mode/uid/gid recovered from parent .contents
/usr/lib/cref/ctab,file,768,0664,3,0,469763527,common-installed-snapshot,base-dump-inventory,S8000-2.tar,usr/lib/cref/ctab,0a2652c75d7d75c5651e87fd774afa9889420658209b548b3fb53f2162545ddf,mode/uid/gid recovered from parent .contents
/usr/lib/cref/eign,file,706,0644,3,0,469763528,common-installed-snapshot,base-dump-inventory,S8000-2.tar,usr/lib/cref/eign,5d2e495b5b12226bc89802ac6ebfabfc7fe1b0b374b2bfa19eb50145d5ccff76,mode/uid/gid recovered from parent .contents
/usr/lib/cref/upost,file,5188,0751,3,0,469763527,common-installed-snapshot,base-dump-inventory,S8000-2.tar,usr/lib/cref/upost,a746e57f9d8030e938b5fa74e06d97cfcd1ad351c1712b30a04a773347153aaa,mode/uid/gid recovered from parent .contents
/usr/lib/cron.clear,file,67,0700,508,20,534440104,common-installed-snapshot,unclassified-installed-snapshot,S8000-2.tar,usr/lib/cron.clear,9c906837f91a126c816cc51a34a87c32f242aa4019060900f43761eaa6d28d5b,metadata from modern tar wrapper
/usr/lib/cronlog,file,468,0666,0,0,664335911,common-installed-snapshot,base-dump-inventory,S8000-2.tar,usr/lib/cronlog,08ab86c7a14216413d7dd8b9ebfb725101fa27ac4b3228c5eca568b8e625fcb1,mode/uid/gid recovered from parent .contents
/usr/lib/crontab,file,230,0644,3,0,661886849,common-installed-snapshot,base-dump-inventory,S8000-2.tar,usr/lib/crontab,a7d74378cf8d448933d65118fc17e5f3cf371b4f72476a990c6afd125f6df335,mode/uid/gid recovered from parent .contents
/usr/lib/crontab2,file,279,0600,508,20,590103939,common-installed-snapshot,unclassified-installed-snapshot,S8000-2.tar,usr/lib/crontab2,eb20f5cfce47a2b731bb3292cda4c64f7e6eb9e0f9e17fa8ef549dbf42022bf0,metadata from modern tar wrapper
/usr/lib/diff3prog,file,7726,0751,3,0,469763532,common-installed-snapshot,base-dump-inventory,S8000-2.tar,usr/lib/diff3prog,710431869e2f2a04b42446f778891ccf323a1bc2e013035482be0d8835f1dffa,mode/uid/gid recovered from parent .contents
/usr/lib/diffh,file,8350,0751,3,0,469763532,common-installed-snapshot,base-dump-inventory,S8000-2.tar,usr/lib/diffh,2c020b0b3e28bc0228b4e8b435dc591d817b0c34c1f8d4870aa8fc1cf77aabbb,mode/uid/gid recovered from parent .contents
/usr/lib/ex2.13preserve,file,10124,0751,3,0,469763541,common-installed-snapshot,base-dump-inventory,S8000-2.tar,usr/lib/ex2.13preserve,b96544db72cfacac10872ba5529a6cdfc7621d1ae14c6d907a94ead1de5bd50d,mode/uid/gid recovered from parent .contents
/usr/lib/ex2.13recover,file,11170,0751,3,0,469763541,common-installed-snapshot,base-dump-inventory,S8000-2.tar,usr/lib/ex2.13recover,5c3473e6cd1f0ef5560e925fdf76219598474c4e4aa9e33eb61b0a1a64a9fc42,mode/uid/gid recovered from parent .contents
/usr/lib/font,directory,0,0775,3,0,1498803204,common-installed-snapshot,base-dump-inventory,S8000-2.tar,usr/lib/font,,mode/uid/gid recovered from parent .contents
/usr/lib/font/.contents,file,638,0664,3,0,469764596,common-installed-snapshot,base-dump-inventory,S8000-2.tar,usr/lib/font/.contents,1dffd3e99046d8a675e44acfa4722ca2085ff2acdeb40b9fda4684fbc5695019,mode/uid/gid recovered from parent .contents
/usr/lib/font/ftB,file,264,0644,3,0,469764374,common-installed-snapshot,base-dump-inventory,S8000-2.tar,usr/lib/font/ftB,c871545e0ca31fb98d18dbe9ab46f4bb2dad52a4f4cc203e336efeedbc05cf48,mode/uid/gid recovered from parent .contents
/usr/lib/font/ftBC,file,264,0644,3,0,469764374,common-installed-snapshot,base-dump-inventory,S8000-2.tar,usr/lib/font/ftBC,549fb48c786f59672cdfb25f6cc654aabdb22655a25f9c1877fe832a6a754568,mode/uid/gid recovered from parent .contents
/usr/lib/font/ftC,file,264,0644,3,0,469764374,common-installed-snapshot,base-dump-inventory,S8000-2.tar,usr/lib/font/ftC,a6c8f21340672e618e64b973b1daa13c6f0a93cece2c74887efaba4c2b1630b2,mode/uid/gid recovered from parent .contents
/usr/lib/font/ftCE,file,264,0644,3,0,469764374,common-installed-snapshot,base-dump-inventory,S8000-2.tar,usr/lib/font/ftCE,4855ad02f0272ac1dfbb0aec36aea19679744d827db9124a43fcfada411830c5,mode/uid/gid recovered from parent .contents
/usr/lib/font/ftCI,file,264,0644,3,0,469764374,common-installed-snapshot,base-dump-inventory,S8000-2.tar,usr/lib/font/ftCI,0201a201308399a6ac86858f0da77cb7ca092f7d47ca9da9790770c9bab38936,mode/uid/gid recovered from parent .contents
/usr/lib/font/ftCK,file,264,0644,3,0,469764374,common-installed-snapshot,base-dump-inventory,S8000-2.tar,usr/lib/font/ftCK,bf4a1162912759651a95bb4e3d8f3d4c6f166b0e81a6bbf48fa97d16d0b37168,mode/uid/gid recovered from parent .contents
/usr/lib/font/ftCS,file,264,0644,3,0,469764375,common-installed-snapshot,base-dump-inventory,S8000-2.tar,usr/lib/font/ftCS,3f96f19511b79aac24822b5bdc5b85f290ca94c42821d1eb9f2b6a59fb24146a,mode/uid/gid recovered from parent .contents
/usr/lib/font/ftCW,file,264,0644,3,0,469764375,common-installed-snapshot,base-dump-inventory,S8000-2.tar,usr/lib/font/ftCW,d5861bb744ae39d8c4a624e4013392a4868ea6c20b9b1b78157cc9ed3f13a6f5,mode/uid/gid recovered from parent .contents
/usr/lib/font/ftFD,file,264,0644,3,0,469764382,common-installed-snapshot,base-dump-inventory,S8000-2.tar,usr/lib/font/ftFD,95dc15c00c42417aeb5024b5ed7e0cca3bba15d03f6bd799f9bc11ef52208c18,mode/uid/gid recovered from parent .contents
/usr/lib/font/ftG,file,264,0644,3,0,469764375,common-installed-snapshot,base-dump-inventory,S8000-2.tar,usr/lib/font/ftG,438fd26cf47b42b8b0e29c3940e890809749c1cee457300602af78f5be370691,mode/uid/gid recovered from parent .contents
/usr/lib/font/ftGI,file,264,0644,3,0,469764375,common-installed-snapshot,base-dump-inventory,S8000-2.tar,usr/lib/font/ftGI,4ef707f1967bd2c7503292bbce103cec57934d499e1a0be140c571a2f83c5043,mode/uid/gid recovered from parent .contents
/usr/lib/font/ftGM,file,264,0644,3,0,469764375,common-installed-snapshot,base-dump-inventory,S8000-2.tar,usr/lib/font/ftGM,eafc74b6deeb06b74bf398f200477be016152d897c35953625ef45b3237eadb7,mode/uid/gid recovered from parent .contents
/usr/lib/font/ftGR,file,264,0644,3,0,469764375,common-installed-snapshot,base-dump-inventory,S8000-2.tar,usr/lib/font/ftGR,39a52b31e3f3796ca198d645e651890da4bf579a165f08a253466ab5bfae86ce,mode/uid/gid recovered from parent .contents
/usr/lib/font/ftH,file,264,0644,3,0,469764375,common-installed-snapshot,base-dump-inventory,S8000-2.tar,usr/lib/font/ftH,438fd26cf47b42b8b0e29c3940e890809749c1cee457300602af78f5be370691,mode/uid/gid recovered from parent .contents
/usr/lib/font/ftHI,file,264,0644,3,0,469764375,common-installed-snapshot,base-dump-inventory,S8000-2.tar,usr/lib/font/ftHI,4ef707f1967bd2c7503292bbce103cec57934d499e1a0be140c571a2f83c5043,mode/uid/gid recovered from parent .contents
/usr/lib/font/ftI,file,264,0644,3,0,469764376,common-installed-snapshot,base-dump-inventory,S8000-2.tar,usr/lib/font/ftI,7c19234d2d39f729a5dcb66232baac1e080205f855abd115efb8d2ccfbc4c0de,mode/uid/gid recovered from parent .contents
/usr/lib/font/ftL,file,264,0644,3,0,469764376,common-installed-snapshot,base-dump-inventory,S8000-2.tar,usr/lib/font/ftL,3dd3cec6896b217e503f9dbdaebc8068dd40d6ddab4873c7e213d7d06f28ce6a,mode/uid/gid recovered from parent .contents
/usr/lib/font/ftLI,file,264,0644,3,0,469764376,common-installed-snapshot,base-dump-inventory,S8000-2.tar,usr/lib/font/ftLI,a1a3e9992d71c08b6f94cfde0ffe5dfd90140fb0a69520787e71bace61589a33,mode/uid/gid recovered from parent .contents
/usr/lib/font/ftPA,file,264,0644,3,0,469764376,common-installed-snapshot,base-dump-inventory,S8000-2.tar,usr/lib/font/ftPA,0563b5ce87eb8ba9277057832c3fa491d36de8b15cb83fd62d5e03bc57b23569,mode/uid/gid recovered from parent .contents
/usr/lib/font/ftPB,file,264,0644,3,0,469764376,common-installed-snapshot,base-dump-inventory,S8000-2.tar,usr/lib/font/ftPB,6b68897255dd1954c845b49213bb3a1dcf80ada0e93bf4d8845ad83084789728,mode/uid/gid recovered from parent .contents
/usr/lib/font/ftPI,file,264,0644,3,0,469764376,common-installed-snapshot,base-dump-inventory,S8000-2.tar,usr/lib/font/ftPI,56c6658ef3b8122f77ef3fc5c62aa2ebcb510b69b9673636d699666b9cca30b4,mode/uid/gid recovered from parent .contents
/usr/lib/font/ftR,file,264,0644,3,0,469764377,common-installed-snapshot,base-dump-inventory,S8000-2.tar,usr/lib/font/ftR,17774a46a7e28ea4fea421ec9eb4ac527685b1ff2ba69fc1a357076b5822efc3,mode/uid/gid recovered from parent .contents
/usr/lib/font/ftS,file,264,0644,3,0,469764377,common-installed-snapshot,base-dump-inventory,S8000-2.tar,usr/lib/font/ftS,3707b8ad75c2b29c01b8fff32fb5cfc8c52080da20e7093f8882e55299469a9a,mode/uid/gid recovered from parent .contents
/usr/lib/font/ftSB,file,264,0644,3,0,469764377,common-installed-snapshot,base-dump-inventory,S8000-2.tar,usr/lib/font/ftSB,ababbc0c2ab6303c906f20d216f9833b629f127c2b0c7ca4374c0a33ae05e04f,mode/uid/gid recovered from parent .contents
/usr/lib/font/ftSI,file,264,0644,3,0,469764377,common-installed-snapshot,base-dump-inventory,S8000-2.tar,usr/lib/font/ftSI,0b7bf84ed7617b90547424e0a6cc668f9245fad345cf1b2c6259b476903276c9,mode/uid/gid recovered from parent .contents
/usr/lib/font/ftSM,file,264,0644,3,0,469764382,common-installed-snapshot,base-dump-inventory,S8000-2.tar,usr/lib/font/ftSM,f765d60dee75129990b6ec91f7b1738db6ba49f1d52b35abb46ee976c595fc7b,mode/uid/gid recovered from parent .contents
/usr/lib/font/ftUD,file,264,0644,3,0,469764382,common-installed-snapshot,base-dump-inventory,S8000-2.tar,usr/lib/font/ftUD,95dc15c00c42417aeb5024b5ed7e0cca3bba15d03f6bd799f9bc11ef52208c18,mode/uid/gid recovered from parent .contents
/usr/lib/font/ftXM,file,264,0644,3,0,469764382,common-installed-snapshot,base-dump-inventory,S8000-2.tar,usr/lib/font/ftXM,5d0ec4b173595fb885c04e8e2754d821e64f5ddeb0c49a643da3bdfb074835cc,mode/uid/gid recovered from parent .contents
/usr/lib/help,directory,0,0775,3,0,1498803204,common-installed-snapshot,base-dump-inventory,S8000-2.tar,usr/lib/help,,mode/uid/gid recovered from parent .contents
/usr/lib/help/.contents,file,66,0664,3,0,469764621,common-installed-snapshot,base-dump-inventory,S8000-2.tar,usr/lib/help/.contents,bb98190cc10dd3c1cc5d2b069956cff22a571b873c6101681caeab60c770894b,mode/uid/gid recovered from parent .contents
/usr/lib/help/term,file,1696,0444,3,0,469764463,common-installed-snapshot,base-dump-inventory,S8000-2.tar,usr/lib/help/term,620ad4d6a14c8581dfa085c0c547f91327fdc2a6c3635b08fdebe761ad7af926,mode/uid/gid recovered from parent .contents
/usr/lib/help/text,file,2165,0444,3,0,469764464,common-installed-snapshot,base-dump-inventory,S8000-2.tar,usr/lib/help/text,14204a7cf139e4458b0c80f572a91de816f6e494b5cb46efa8b76ec4f5c65d73,mode/uid/gid recovered from parent .contents
/usr/lib/lex,directory,0,0775,3,0,1498803204,common-installed-snapshot,base-dump-inventory,S8000-2.tar,usr/lib/lex,,mode/uid/gid recovered from parent .contents
/usr/lib/lex/.contents,file,44,0664,3,0,469764610,common-installed-snapshot,base-dump-inventory,S8000-2.tar,usr/lib/lex/.contents,52907ea2fd16bb4b2e3909a7e610400e518a04bab470160697181bcab654562e,mode/uid/gid recovered from parent .contents
/usr/lib/lex/ncform,file,4016,0644,3,0,469764407,common-installed-snapshot,base-dump-inventory,S8000-2.tar,usr/lib/lex/ncform,6fff5ab949f5f70529d6ed1b2e8de19bc9e1a33299f182be8c85733ff4b6d46c,mode/uid/gid recovered from parent .contents
/usr/lib/lib.b,file,1609,0644,3,0,469763516,common-installed-snapshot,base-dump-inventory,S8000-2.tar,usr/lib/lib.b,9c16f3046639bf9d5f2d51aff992d10739d5fbbea995dbd81d6f24f80c72e73d,mode/uid/gid recovered from parent .contents
/usr/lib/libPW.a,file,26702,0644,3,0,469764462,common-installed-snapshot,base-dump-inventory,S8000-2.tar,usr/lib/libPW.a,bf2b4fafe693d54a0ee331c8055f0f2667e9fd071521eaf8a407eb4bab59330e,mode/uid/gid recovered from parent .contents
/usr/lib/libacu.a,file,6586,0644,0,0,469764464,common-installed-snapshot,base-dump-inventory,S8000-2.tar,usr/lib/libacu.a,109a77f469aa8e3960e3f96fe022b122294331b083fd2777289f85f6250b4fb9,mode/uid/gid recovered from parent .contents
/usr/lib/libcisam.a,file,44332,0644,3,0,469764433,common-installed-snapshot,base-dump-inventory,S8000-2.tar,usr/lib/libcisam.a,230d472059d60f2cf919f14d89312699c311ad644f6db4212597f5d426c86668,mode/uid/gid recovered from parent .contents
/usr/lib/libcurses.a,file,28792,0644,3,0,534374130,common-installed-snapshot,base-dump-inventory,S8000-2.tar,usr/lib/libcurses.a,93206469aa32e4245e7d201400a74676d953c3d1838bd021d1b5550535f41cff,mode/uid/gid recovered from parent .contents
/usr/lib/libdm.a,file,12588,0644,3,0,469764408,common-installed-snapshot,base-dump-inventory,S8000-2.tar,usr/lib/libdm.a,e104c07b8bf9158d3cc040550174e1ad6541f6cbb7db8db4b0fbadd3432eec97,mode/uid/gid recovered from parent .contents
/usr/lib/libmp.a,file,15502,0644,3,0,469763545,common-installed-snapshot,base-dump-inventory,S8000-2.tar,usr/lib/libmp.a,c5913f3fe2786da6100225286ae8b2310dc427deec54a7b48bcc1f566e2792b0,mode/uid/gid recovered from parent .contents
/usr/lib/libp.a,file,5328,0644,3,0,469764425,common-installed-snapshot,base-dump-inventory,S8000-2.tar,usr/lib/libp.a,dfa5aaeeafa3bd6e5661d3f29f56cde74e8915668f4c5a08d9b11f52ea0392de,mode/uid/gid recovered from parent .contents
/usr/lib/libscreen.a,file,8008,0644,3,0,534374142,common-installed-snapshot,base-dump-inventory,S8000-2.tar,usr/lib/libscreen.a,1b171fe5824a4d0c37c2986384749473bb609b833777bfab9166d348431dc942,mode/uid/gid recovered from parent .contents
/usr/lib/libtermlib.a,file,5106,0644,3,0,469763537,common-installed-snapshot,base-dump-inventory,S8000-2.tar,usr/lib/libtermlib.a,09075ec0543de26a9fae59d9ee21785f251ae5568a409e3b92a1000fa3e32874,mode/uid/gid recovered from parent .contents
/usr/lib/libz8000.a,file,31322,0644,3,0,469763539,common-installed-snapshot,base-dump-inventory,S8000-2.tar,usr/lib/libz8000.a,27f77b0ba1642629f5d44f05bc6697746213b80492cf9254c03a7f61cc832e09,mode/uid/gid recovered from parent .contents
/usr/lib/lint1,file,63820,0755,3,0,469764456,common-installed-snapshot,base-dump-inventory,S8000-2.tar,usr/lib/lint1,433e87de591586090a8047c7cd823b9810beaaef227dc1596395b6d799f6938f,mode/uid/gid recovered from parent .contents
/usr/lib/lint2,file,19094,0755,3,0,469764458,common-installed-snapshot,base-dump-inventory,S8000-2.tar,usr/lib/lint2,68a31de911882cc3f025df6d328b9c72e599d4e53b6d611d08d15f71766909db,mode/uid/gid recovered from parent .contents
/usr/lib/llib-lc,file,9046,0644,3,0,469764452,common-installed-snapshot,base-dump-inventory,S8000-2.tar,usr/lib/llib-lc,cbf1068719c484ce1fa440a884c2a94d633dc5960a85799f5ed317fdab37149e,mode/uid/gid recovered from parent .contents
/usr/lib/llib-lc.ln,file,7738,0644,3,0,469764459,common-installed-snapshot,base-dump-inventory,S8000-2.tar,usr/lib/llib-lc.ln,f526661e4b7c0638df1300a35d7aed1f7cc26bfc7687fe28bf96762ff6718365,mode/uid/gid recovered from parent .contents
/usr/lib/llib-lm,file,1120,0644,3,0,469764452,common-installed-snapshot,base-dump-inventory,S8000-2.tar,usr/lib/llib-lm,f5e0d39c52fa91f65782599c5b299e6da7d2ebabddbd24cbf87009f970db6b9f,mode/uid/gid recovered from parent .contents
/usr/lib/llib-port,file,2122,0644,3,0,469764452,common-installed-snapshot,base-dump-inventory,S8000-2.tar,usr/lib/llib-port,5681b7aa1f315d0de079d2112167f81bc5754bc444110a940b6acdc98eacf8b5,mode/uid/gid recovered from parent .contents
/usr/lib/llib-port.ln,file,1846,0644,3,0,469764459,common-installed-snapshot,base-dump-inventory,S8000-2.tar,usr/lib/llib-port.ln,fc6ac944e0fd9f921b82f7e3b1a1928e0eac914a979b652f284d866a8ce4ef3e,mode/uid/gid recovered from parent .contents
/usr/lib/lp,file,634,0751,3,0,534437008,common-installed-snapshot,base-dump-inventory,S8000-2.tar,usr/lib/lp,9c72412e30eb1789a79760bd5b702cc948580cd022f85879a1d02b5402b30c12,mode/uid/gid recovered from parent .contents
/usr/lib/lp.old,file,19386,0700,508,20,469763536,common-installed-snapshot,unclassified-installed-snapshot,S8000-2.tar,usr/lib/lp.old,8a458a57edde79bb2e8197b1966ae725322b0a6f1c1f4654ea4c9d76d48988f6,metadata from modern tar wrapper
/usr/lib/lp_ban,file,21360,0751,3,0,469764426,common-installed-snapshot,base-dump-inventory,S8000-2.tar,usr/lib/lp_ban,f3556f971fb19fa4ca092b8a0fe1e36f1909df14056938012f837720aef64dee,mode/uid/gid recovered from parent .contents
/usr/lib/lp_nf,file,19188,0751,3,0,534374149,common-installed-snapshot,base-dump-inventory,S8000-2.tar,usr/lib/lp_nf,df8ec0552254a6390d190f648c5ba4c378b0e8d40a94eb7a96d652da764f7f17,mode/uid/gid recovered from parent .contents
/usr/lib/macros,directory,0,0775,3,0,1498803204,common-installed-snapshot,base-dump-inventory,S8000-2.tar,usr/lib/macros,,mode/uid/gid recovered from parent .contents
/usr/lib/macros/.contents,file,264,0664,3,0,469764601,common-installed-snapshot,base-dump-inventory,S8000-2.tar,usr/lib/macros/.contents,b82d2d757483b873d931ae9eebbadbe38ea6615e430a65bdc83993ab66aab8bb,mode/uid/gid recovered from parent .contents
/usr/lib/macros/cmp.n.d.m,file,5170,0644,0,0,469764390,common-installed-snapshot,base-dump-inventory,S8000-2.tar,usr/lib/macros/cmp.n.d.m,959b9a237e28fc15691e076581360fbeba03f869fbd9e20aeb261ede44e9f697,mode/uid/gid recovered from parent .contents
/usr/lib/macros/cmp.n.t.m,file,103802,0644,0,0,469764396,common-installed-snapshot,base-dump-inventory,S8000-2.tar,usr/lib/macros/cmp.n.t.m,90786a0db41d04df2862ec9e11e238cb008dab1d650bd767d1fc8996a4914638,mode/uid/gid recovered from parent .contents
/usr/lib/macros/cmp.t.d.m,file,5170,0644,0,0,469764397,common-installed-snapshot,base-dump-inventory,S8000-2.tar,usr/lib/macros/cmp.t.d.m,9998166177ae0adeff3c149b124a60eabe2bb62079d1b7aa87c76ab5ac5ea1e1,mode/uid/gid recovered from parent .contents
/usr/lib/macros/cmp.t.t.m,file,104608,0644,0,0,469764404,common-installed-snapshot,base-dump-inventory,S8000-2.tar,usr/lib/macros/cmp.t.t.m,8b09276e820fbae7a728a43b11e8fd07225a04f2d6f0fa07eda73bb8ef0541a1,mode/uid/gid recovered from parent .contents
/usr/lib/macros/mmn,file,38780,0664,3,0,469764384,common-installed-snapshot,base-dump-inventory,S8000-2.tar,usr/lib/macros/mmn,f6684934876e70a25cbb5a5563b940f1646c4fb20a44779644b7a85f0d589a84,mode/uid/gid recovered from parent .contents
/usr/lib/macros/mmt,file,39282,0664,3,0,469764388,common-installed-snapshot,base-dump-inventory,S8000-2.tar,usr/lib/macros/mmt,92baea8eaeda3ffb582da8e562d084e76e3ec2ee408650cdbf8e6b51504dde31,mode/uid/gid recovered from parent .contents
/usr/lib/macros/osdd,file,2252,0644,0,0,469764405,common-installed-snapshot,base-dump-inventory,S8000-2.tar,usr/lib/macros/osdd,b8ef867a877d11045418f67d01a5be14596b91b281345771ddbf7f9129fbc0a4,mode/uid/gid recovered from parent .contents
/usr/lib/macros/ptx,file,330,0644,0,0,469764405,common-installed-snapshot,base-dump-inventory,S8000-2.tar,usr/lib/macros/ptx,d2c0eb9317ed1c1876feb44eea70361ccba1b0ce1df186e0dc0ab5b553c39dbe,mode/uid/gid recovered from parent .contents
/usr/lib/macros/ucmp.n.m,file,1225,0644,0,0,469764405,common-installed-snapshot,base-dump-inventory,S8000-2.tar,usr/lib/macros/ucmp.n.m,8d26dded81fc60f6b754830af404118df6790816982e2e73967c84e1b052e887,mode/uid/gid recovered from parent .contents
/usr/lib/macros/ucmp.t.m,file,1029,0644,0,0,469764406,common-installed-snapshot,base-dump-inventory,S8000-2.tar,usr/lib/macros/ucmp.t.m,9130d069dccc8ca96b551268ef3dc36e995ad300bbc216ba5a744ba3fbe5bf78,mode/uid/gid recovered from parent .contents
/usr/lib/macros/vmca,file,7897,0664,3,0,469764389,common-installed-snapshot,base-dump-inventory,S8000-2.tar,usr/lib/macros/vmca,3c942df671899ddc765c58b49317c5f784018d2aca1bbe27d3c49ca8712d57aa,mode/uid/gid recovered from parent .contents
/usr/lib/makekey,file,2160,0751,3,0,469763533,common-installed-snapshot,base-dump-inventory,S8000-2.tar,usr/lib/makekey,5073ac2d88dd4a9a9356286897bda3e9325874d1b1aa0e3e9db08256ef745450,mode/uid/gid recovered from parent .contents
/usr/lib/me,directory,0,0700,508,20,1498803204,common-installed-snapshot,unclassified-installed-snapshot,S8000-2.tar,usr/lib/me,,metadata from modern tar wrapper
/usr/lib/me/acm.me,file,506,0600,508,20,534373929,common-installed-snapshot,unclassified-installed-snapshot,S8000-2.tar,usr/lib/me/acm.me,1164bfb715dbe9f1d9ec1f0907d11d0f835be21c306bc51a2bb43b176a0c30df,metadata from modern tar wrapper
/usr/lib/me/chars.me,file,1446,0600,508,20,534373930,common-installed-snapshot,unclassified-installed-snapshot,S8000-2.tar,usr/lib/me/chars.me,b052692ce5649d3888b5e76ca6cb3c93ba11c0fd715d7f7cc8ad28e171b961ff,metadata from modern tar wrapper
/usr/lib/me/deltext.me,file,239,0600,508,20,534373930,common-installed-snapshot,unclassified-installed-snapshot,S8000-2.tar,usr/lib/me/deltext.me,3e1fb9fb3cf0802850927ec5c4521242b6d3dd57a185059a8f20251621a9b03c,metadata from modern tar wrapper
/usr/lib/me/eqn.me,file,943,0600,508,20,534373930,common-installed-snapshot,unclassified-installed-snapshot,S8000-2.tar,usr/lib/me/eqn.me,d62acc713118d7185f90ff0acf045cf7d466079875a3c23c7f88c1bd7ca882c0,metadata from modern tar wrapper
/usr/lib/me/float.me,file,597,0600,508,20,534373930,common-installed-snapshot,unclassified-installed-snapshot,S8000-2.tar,usr/lib/me/float.me,e3a5c1231029c0d62a29aeb3d74e478d77dcb4a03a3c5f48ca66fbd0e8b46160,metadata from modern tar wrapper
/usr/lib/me/footnote.me,file,865,0600,508,20,534373930,common-installed-snapshot,unclassified-installed-snapshot,S8000-2.tar,usr/lib/me/footnote.me,b114a0776c6390ddd1ac4ea3af3843dab2bebf297aa5bc97a11b6735194f60c1,metadata from modern tar wrapper
/usr/lib/me/index.me,file,612,0600,508,20,534373931,common-installed-snapshot,unclassified-installed-snapshot,S8000-2.tar,usr/lib/me/index.me,07c43cc6eb19d39523cd774d91fcac4d66482e20585356423de12f2877f75391,metadata from modern tar wrapper
/usr/lib/me/local.me,file,412,0600,508,20,534373931,common-installed-snapshot,unclassified-installed-snapshot,S8000-2.tar,usr/lib/me/local.me,2c27f0dbe0b9fadd14faaca96a1249c44eeefaad1b7d397a6dd465d04c6e387a,metadata from modern tar wrapper
/usr/lib/me/null.me,file,154,0600,508,20,534373931,common-installed-snapshot,unclassified-installed-snapshot,S8000-2.tar,usr/lib/me/null.me,7bd2c663d4842d476f62ff9edc5db0af18dc5909b1e4f47e74de8c9d5d41b39a,metadata from modern tar wrapper
/usr/lib/me/sh.me,file,1463,0600,508,20,534373931,common-installed-snapshot,unclassified-installed-snapshot,S8000-2.tar,usr/lib/me/sh.me,487daa0b960ca54b23f7beab5783e8f52b075b9bf8a962c276e3d97222c3adfb,metadata from modern tar wrapper
/usr/lib/me/tbl.me,file,879,0600,508,20,534373932,common-installed-snapshot,unclassified-installed-snapshot,S8000-2.tar,usr/lib/me/tbl.me,944129aae852bb706b0bebe859bd299e154cc71a1163144dba3debeb49663d2e,metadata from modern tar wrapper
/usr/lib/me/thesis.me,file,425,0600,508,20,534373932,common-installed-snapshot,unclassified-installed-snapshot,S8000-2.tar,usr/lib/me/thesis.me,ba585493720a106c9be89de4b8d2b4d36e7932b9921d16428574c5039e99f41d,metadata from modern tar wrapper
/usr/lib/more.help,file,1185,0444,3,0,469763512,common-installed-snapshot,base-dump-inventory,S8000-2.tar,usr/lib/more.help,bca87608da44d577f55974c1931c8fc6ca244ef4cae4752f6d93fedee2bf9bce,mode/uid/gid recovered from parent .contents
/usr/lib/mp,directory,0,0700,508,20,1498803204,common-installed-snapshot,unclassified-installed-snapshot,S8000-2.tar,usr/lib/mp,,metadata from modern tar wrapper
/usr/lib/mp/MP.HLP,file,37374,0600,508,20,534451300,common-installed-snapshot,unclassified-installed-snapshot,S8000-2.tar,usr/lib/mp/MP.HLP,c79f81e3738be16a62e0b58b0621a24dd511532bbb9b8a5795291f3ee0efa84e,metadata from modern tar wrapper
/usr/lib/mp/SPENCER,file,938,0600,508,20,534451301,common-installed-snapshot,unclassified-installed-snapshot,S8000-2.tar,usr/lib/mp/SPENCER,dac18864e721460107760460db9449d97d4a44f7bcade965c55eff1d27bc0c8b,metadata from modern tar wrapper
/usr/lib/mp/SPENCER.s,file,377,0600,508,20,534451302,common-installed-snapshot,unclassified-installed-snapshot,S8000-2.tar,usr/lib/mp/SPENCER.s,330f34b278fa9bd4ee5da4ec02ac62b1127904a96ca498c2587c964ec2be18f5,metadata from modern tar wrapper
/usr/lib/mp/inter-2.01,file,39296,0700,508,20,534451309,common-installed-snapshot,unclassified-installed-snapshot,S8000-2.tar,usr/lib/mp/inter-2.01,f4f0b6b115bc24f2751a9e9fc1e0461810ccd256c1844c502d28b8326d6c5845,metadata from modern tar wrapper
/usr/lib/mp/inter-2.01a,file,39002,0700,508,20,534451316,common-installed-snapshot,unclassified-installed-snapshot,S8000-2.tar,usr/lib/mp/inter-2.01a,d075769538ed96e23fa9297a8fe4cb45a5b5391d33ed495404383a9b8e1b8dc1,metadata from modern tar wrapper
/usr/lib/mp/mp-2.01a.cod,file,44712,0600,508,20,534451325,common-installed-snapshot,unclassified-installed-snapshot,S8000-2.tar,usr/lib/mp/mp-2.01a.cod,6c9588c706ca597b9f14e65f4af2f549d383bc71bd1a52610e043632ae37e83a,metadata from modern tar wrapper
/usr/lib/mp/mp-2.01a.dat,file,6310,0600,508,20,534451326,common-installed-snapshot,unclassified-installed-snapshot,S8000-2.tar,usr/lib/mp/mp-2.01a.dat,38d97bc8e13307048945ccd9e1f94c76af715f275c6c2672f550796cdc92bb10,metadata from modern tar wrapper
/usr/lib/mp/mpstart,file,7076,0700,508,20,534451326,common-installed-snapshot,unclassified-installed-snapshot,S8000-2.tar,usr/lib/mp/mpstart,39d417ebd71b9becb9d9e5de3ccc9c14b20a4d364a58cbea4771a9e98099339f,metadata from modern tar wrapper
/usr/lib/mp/termcap,file,27560,0600,508,20,534451332,common-installed-snapshot,unclassified-installed-snapshot,S8000-2.tar,usr/lib/mp/termcap,76877c2910010f58953c7ddd706b34cfd3c88278750c0ed9fadf2ca6a9a3cf11,metadata from modern tar wrapper
/usr/lib/news,directory,0,0775,3,0,1498803204,common-installed-snapshot,base-dump-inventory,S8000-2.tar,usr/lib/news,,mode/uid/gid recovered from parent .contents
/usr/lib/news/.contents,file,66,0664,3,0,469763696,common-installed-snapshot,base-dump-inventory,S8000-2.tar,usr/lib/news/.contents,597ba79cf604ebf2f3dda28ed2bcbd39c7d599d938d4de1d56de5d6f1659caa0,mode/uid/gid recovered from parent .contents
/usr/lib/news_old,directory,0,0700,508,20,1498803204,common-installed-snapshot,unclassified-installed-snapshot,S8000-2.tar,usr/lib/news_old,,metadata from modern tar wrapper
/usr/lib/news_old/news,file,649,0600,508,20,534440282,common-installed-snapshot,unclassified-installed-snapshot,S8000-2.tar,usr/lib/news_old/news,8735aea2a1c2316988f066bd474f265bfa8b031718cc1660d672f22d5d080a7a,metadata from modern tar wrapper
/usr/lib/news_old/zeus,file,381,0600,508,20,534440286,common-installed-snapshot,unclassified-installed-snapshot,S8000-2.tar,usr/lib/news_old/zeus,e3e6b209e5d393fc64433bf5aa968e2da86c4e1ba11cfae8efb793edb9cf25b7,metadata from modern tar wrapper
/usr/lib/ocronlog,file,2322,0600,508,20,664326927,common-installed-snapshot,unclassified-installed-snapshot,S8000-2.tar,usr/lib/ocronlog,916f0fd3de9ec437d89367c9d41b477c20a00e22aa92778428e919f4e80f63c3,metadata from modern tar wrapper
/usr/lib/plzcg.errs,file,784,0644,3,0,469764412,common-installed-snapshot,base-dump-inventory,S8000-2.tar,usr/lib/plzcg.errs,ab38284781d9323fc026fb1536b71449c7808c9195bab4bb95ec81526196f29d,mode/uid/gid recovered from parent .contents
/usr/lib/plzcg2,file,64808,0751,3,0,469764416,common-installed-snapshot,base-dump-inventory,S8000-2.tar,usr/lib/plzcg2,d98d9605eb412367efcc24620cdaf7398812fa9648adabc1e8678f953f28afe3,mode/uid/gid recovered from parent .contents
/usr/lib/plzcg2d,file,42024,0644,3,0,469764419,common-installed-snapshot,base-dump-inventory,S8000-2.tar,usr/lib/plzcg2d,53517bab2fcfb917c2dbd7449dde7305bc3b79bd771b2720b53661385786078e,mode/uid/gid recovered from parent .contents
/usr/lib/plzcg3,file,34088,0751,3,0,469764421,common-installed-snapshot,base-dump-inventory,S8000-2.tar,usr/lib/plzcg3,4ac556f11972c14e7ae4a8c16f5b2f1eb5d97528f80196364c615952e1e58fc3,mode/uid/gid recovered from parent .contents
/usr/lib/plzcg3d,file,30248,0644,3,0,469764424,common-installed-snapshot,base-dump-inventory,S8000-2.tar,usr/lib/plzcg3d,fd05998721268cb4aa4e6d7c2a17e0191160fa400b8ee29a4db943c9412f3df2,mode/uid/gid recovered from parent .contents
/usr/lib/problems,directory,0,0777,3,0,1498803204,common-installed-snapshot,base-dump-inventory,S8000-2.tar,usr/lib/problems,,mode/uid/gid recovered from parent .contents
/usr/lib/problems/.contents,file,88,0664,3,0,469763703,common-installed-snapshot,base-dump-inventory,S8000-2.tar,usr/lib/problems/.contents,8c80ff36e42134fbb51b5adfda7c5fd34416458da31efdc13307e72a9e80aae1,mode/uid/gid recovered from parent .contents
/usr/lib/problems/scrb_date,file,0,0664,3,0,469763514,common-installed-snapshot,base-dump-inventory,S8000-2.tar,usr/lib/problems/scrb_date,e3b0c44298fc1c149afbf4c8996fb92427ae41e4649b934ca495991b7852b855,mode/uid/gid recovered from parent .contents
/usr/lib/problems/seqno,file,5,0666,3,0,469763514,common-installed-snapshot,base-dump-inventory,S8000-2.tar,usr/lib/problems/seqno,24d9b35c727e6c78676c2ad378a8c3c47cfb539f3583d3cd9e1eafee51d5679d,mode/uid/gid recovered from parent .contents
/usr/lib/problems/strfile,file,0,0666,3,0,469763514,common-installed-snapshot,base-dump-inventory,S8000-2.tar,usr/lib/problems/strfile,e3b0c44298fc1c149afbf4c8996fb92427ae41e4649b934ca495991b7852b855,mode/uid/gid recovered from parent .contents
/usr/lib/screen,directory,0,0775,3,0,1498803204,common-installed-snapshot,base-dump-inventory,S8000-2.tar,usr/lib/screen,,mode/uid/gid recovered from parent .contents
/usr/lib/screen/.contents,file,66,0664,3,0,469763723,common-installed-snapshot,base-dump-inventory,S8000-2.tar,usr/lib/screen/.contents,1ee6a2c410a7d3f25c902c9647fd5377522830fed3848c8a16a004a1d30cb6db,mode/uid/gid recovered from parent .contents
/usr/lib/screen/vlshelp,file,411,0644,3,0,469763526,common-installed-snapshot,base-dump-inventory,S8000-2.tar,usr/lib/screen/vlshelp,2f674616b22c1e9b5c788dde1266eed439b2a3a05852489f91eaf55263817bae,mode/uid/gid recovered from parent .contents
/usr/lib/screen/vnewshelp,file,256,0644,3,0,469763526,common-installed-snapshot,base-dump-inventory,S8000-2.tar,usr/lib/screen/vnewshelp,c9343d0fab96fda0185bd0402ebd03a8c7af26f56ddf1cffbba7d8fb3b07f524,mode/uid/gid recovered from parent .contents
/usr/lib/slibPW.a,file,32040,0644,3,0,469764444,common-installed-snapshot,base-dump-inventory,S8000-2.tar,usr/lib/slibPW.a,6d96c51790adf23b608a820ebc0d035d6cd27dc338035a83ddefa273e62d8b6e,mode/uid/gid recovered from parent .contents
/usr/lib/slibacu.a,file,7682,0644,0,0,469764465,common-installed-snapshot,base-dump-inventory,S8000-2.tar,usr/lib/slibacu.a,59d6c2b15a976fc47853dcc34adfbdd33a3de916936a7c6bac7ebd317f16d304,mode/uid/gid recovered from parent .contents
/usr/lib/slibcisam.a,file,53162,0644,3,0,469764451,common-installed-snapshot,base-dump-inventory,S8000-2.tar,usr/lib/slibcisam.a,3cb776a6a7f30febb87a23f71c79ee1a4b361bc9373e2d45527a8e04db2fcc8b,mode/uid/gid recovered from parent .contents
/usr/lib/slibcurses.a,file,35592,0644,3,0,534374137,common-installed-snapshot,base-dump-inventory,S8000-2.tar,usr/lib/slibcurses.a,04dadd5df29819a4c5236b1d7adbc8925bc3bf3b4098255beb5805d58e3950a2,mode/uid/gid recovered from parent .contents
/usr/lib/slibdm.a,file,16666,0644,3,0,469764412,common-installed-snapshot,base-dump-inventory,S8000-2.tar,usr/lib/slibdm.a,9c6eedbc58cad8d41e9d87ff83be549891b0a04f2b6f6a84504eab58199ba736,mode/uid/gid recovered from parent .contents
/usr/lib/slibmp.a,file,18034,0644,3,0,469764428,common-installed-snapshot,base-dump-inventory,S8000-2.tar,usr/lib/slibmp.a,18baacd470df32b7703692836bb157f46f518470020ebe3b49f52cc8c230d030,mode/uid/gid recovered from parent .contents
/usr/lib/slibscreen.a,file,8896,0644,3,0,534374145,common-installed-snapshot,base-dump-inventory,S8000-2.tar,usr/lib/slibscreen.a,d623c1da50a7004258a2eb1be8f343c494787060ed53455ebbae92f220f49314,mode/uid/gid recovered from parent .contents
/usr/lib/slibtermlib.a,file,5856,0644,3,0,469764428,common-installed-snapshot,base-dump-inventory,S8000-2.tar,usr/lib/slibtermlib.a,087ead7532be19fa493bba8ee32a35469e7d4d9ff13e9ee22101ae54447a8394,mode/uid/gid recovered from parent .contents
/usr/lib/slibz8000.a,file,41412,0644,3,0,469764436,common-installed-snapshot,base-dump-inventory,S8000-2.tar,usr/lib/slibz8000.a,71dcda6cde2532acd91059e15dd17d73c61d6588b79f2de730b4e140e815a2f2,mode/uid/gid recovered from parent .contents
/usr/lib/spell,file,9800,0751,3,0,469763531,common-installed-snapshot,base-dump-inventory,S8000-2.tar,usr/lib/spell,b54144c88c9959c07c1145d1c120187db76ff66800549e91f3ff5ecb02254de1,mode/uid/gid recovered from parent .contents
/usr/lib/suftab,file,2184,0644,3,0,469763544,common-installed-snapshot,base-dump-inventory,S8000-2.tar,usr/lib/suftab,e693541d59f237c7590cd7e3e4b9980d8c4238e564569ce4b1a1ba52535f9ebd,mode/uid/gid recovered from parent .contents
/usr/lib/tabset,directory,0,0775,3,0,1498803204,common-installed-snapshot,base-dump-inventory,S8000-2.tar,usr/lib/tabset,,mode/uid/gid recovered from parent .contents
/usr/lib/tabset/.contents,file,154,0664,3,0,469763708,common-installed-snapshot,base-dump-inventory,S8000-2.tar,usr/lib/tabset/.contents,95d05953256f48a765baf60602e6a8daed7403fc3d198d944838c6d7a696732b,mode/uid/gid recovered from parent .contents
/usr/lib/tabset/beehive,file,164,0644,3,0,469763515,common-installed-snapshot,base-dump-inventory,S8000-2.tar,usr/lib/tabset/beehive,a86701222904c18e5fc6ae410e9f52be8d973bec7ac205ab949ae5bbbb3d432d,mode/uid/gid recovered from parent .contents
/usr/lib/tabset/diablo,file,68,0644,3,0,469763515,common-installed-snapshot,base-dump-inventory,S8000-2.tar,usr/lib/tabset/diablo,a35db5d5433f5126d4c1b826984e92a8730f9f0049e3fab53e0c9484bd65c593,mode/uid/gid recovered from parent .contents
/usr/lib/tabset/std,file,135,0644,3,0,469763515,common-installed-snapshot,base-dump-inventory,S8000-2.tar,usr/lib/tabset/std,fbadb5f608b355fe481c0c7d9c6265b2372bfa35250662f81f68d46540080770,mode/uid/gid recovered from parent .contents
/usr/lib/tabset/teleray,file,57,0644,3,0,469763515,common-installed-snapshot,base-dump-inventory,S8000-2.tar,usr/lib/tabset/teleray,33c4bb112da25c82fc39b0a39f0b55e51f3a14116c55526b91f9b2f0b57abd5e,mode/uid/gid recovered from parent .contents
/usr/lib/tabset/vt100,file,159,0644,3,0,469763515,common-installed-snapshot,base-dump-inventory,S8000-2.tar,usr/lib/tabset/vt100,a1b0deafd3bffc68d6808ce680563503694eccf05bfd8eebb4665410bebe947a,mode/uid/gid recovered from parent .contents
/usr/lib/tabset/xerox1720,file,164,0644,3,0,469763516,common-installed-snapshot,base-dump-inventory,S8000-2.tar,usr/lib/tabset/xerox1720,a606d40def4e79c302376f0159a7e2a428a05c83400a4b090d1a4264ed9e88e6,mode/uid/gid recovered from parent .contents
/usr/lib/term,directory,0,0775,3,0,1498803204,common-installed-snapshot,base-dump-inventory,S8000-2.tar,usr/lib/term,,mode/uid/gid recovered from parent .contents
/usr/lib/term/.contents,file,396,0664,3,0,469763738,common-installed-snapshot,base-dump-inventory,S8000-2.tar,usr/lib/term/.contents,cf9c98832ec1b180920e595c88abcae0d29c3b95b4c2a7f88eb108cd770267e6,mode/uid/gid recovered from parent .contents
/usr/lib/term/tab2631,file,956,0644,3,0,469763545,common-installed-snapshot,base-dump-inventory,S8000-2.tar,usr/lib/term/tab2631,9082c624f23b3e0776425e37177033f15ed96f167ab9ccb91fefc08c239640e9,mode/uid/gid recovered from parent .contents
/usr/lib/term/tab2631-e,file,964,0644,3,0,469763546,common-installed-snapshot,base-dump-inventory,S8000-2.tar,usr/lib/term/tab2631-e,4d68ca7026d0f968fb243fbe024cdc33809e48fc0888e48a7ee061a1b23f41c3,mode/uid/gid recovered from parent .contents
/usr/lib/term/tab300,file,1271,0644,3,0,469763546,common-installed-snapshot,base-dump-inventory,S8000-2.tar,usr/lib/term/tab300,99b9f81343c7c7bc2d8ca1dd9bc166bf39981cdd200fa4ffbbfbec710f4034a4,mode/uid/gid recovered from parent .contents
/usr/lib/term/tab300-12,file,1269,0644,3,0,469763546,common-installed-snapshot,base-dump-inventory,S8000-2.tar,usr/lib/term/tab300-12,46dc1ae6ecd86065dec5807f33f5a1f5490bb63665abc0cb9c7c0dfe6a8e6127,mode/uid/gid recovered from parent .contents
/usr/lib/term/tab300S,file,1264,0644,3,0,469763546,common-installed-snapshot,base-dump-inventory,S8000-2.tar,usr/lib/term/tab300S,9e4b1fe15b235f1430cec4042e708aa8c49b32eb93562f1f090a022a42ed87d7,mode/uid/gid recovered from parent .contents
/usr/lib/term/tab300S-12,file,1258,0644,3,0,469763547,common-installed-snapshot,base-dump-inventory,S8000-2.tar,usr/lib/term/tab300S-12,810f1378f9a82d999839ad34351797b1147d9dea9c0173ffa28b9cb59bdab8a3,mode/uid/gid recovered from parent .contents
/usr/lib/term/tab37,file,1115,0644,3,0,469763547,common-installed-snapshot,base-dump-inventory,S8000-2.tar,usr/lib/term/tab37,661b776121226958b361419b7607c502123d8544b7fdb7a835869c1b349346da,mode/uid/gid recovered from parent .contents
/usr/lib/term/tab382,file,1270,0644,3,0,469763547,common-installed-snapshot,base-dump-inventory,S8000-2.tar,usr/lib/term/tab382,2ff15cd404af12e2b32d3dba040f28758fba267edc0c9f6122ef41dcb35088bf,mode/uid/gid recovered from parent .contents
/usr/lib/term/tab4000A,file,1300,0644,3,0,469763547,common-installed-snapshot,base-dump-inventory,S8000-2.tar,usr/lib/term/tab4000A,94f42d1e8a69aa73337a85396bc2a18e5c818022bf5cb294e0efda6bf8009c3b,mode/uid/gid recovered from parent .contents
/usr/lib/term/tab450,file,1265,0644,3,0,469763547,common-installed-snapshot,base-dump-inventory,S8000-2.tar,usr/lib/term/tab450,ebc7bb6f57086792b61a34c87d59f3c7bc9fe6ab6b44abe25f8c7c7d83b5b88b,mode/uid/gid recovered from parent .contents
/usr/lib/term/tab450-12,file,1277,0644,3,0,469763548,common-installed-snapshot,base-dump-inventory,S8000-2.tar,usr/lib/term/tab450-12,3f2b59e672401c989ff3d6a8f7fe5c3792e795f142ce0206fcc4145cdfa293a8,mode/uid/gid recovered from parent .contents
/usr/lib/term/tab630wp-12,file,1322,0644,3,0,469763548,common-installed-snapshot,base-dump-inventory,S8000-2.tar,usr/lib/term/tab630wp-12,1f92c0653351176a6d0b5fca4305c844f4232c89f253a229a18a2646872f9bdb,mode/uid/gid recovered from parent .contents
/usr/lib/term/tab832,file,1267,0644,3,0,469763548,common-installed-snapshot,base-dump-inventory,S8000-2.tar,usr/lib/term/tab832,a2bfb8981f58f9eed254e6bca73cb2ec1091c84a1739e6fcdcebd405aa007000,mode/uid/gid recovered from parent .contents
/usr/lib/term/tabX,file,1232,0644,3,0,469763549,common-installed-snapshot,base-dump-inventory,S8000-2.tar,usr/lib/term/tabX,8fbeba0afda10d47c0c249474ac894317643642048a51cafb7b92670b7474b9b,mode/uid/gid recovered from parent .contents
/usr/lib/term/taba1,file,1267,0644,3,0,469763549,common-installed-snapshot,base-dump-inventory,S8000-2.tar,usr/lib/term/taba1,36af7a63d102aa1c05f474937009b62867ce625746e298fa1b93c4272e2032d4,mode/uid/gid recovered from parent .contents
/usr/lib/term/tablp,file,956,0644,3,0,469763549,common-installed-snapshot,base-dump-inventory,S8000-2.tar,usr/lib/term/tablp,9082c624f23b3e0776425e37177033f15ed96f167ab9ccb91fefc08c239640e9,mode/uid/gid recovered from parent .contents
/usr/lib/term/tabtn300,file,948,0644,3,0,469763549,common-installed-snapshot,base-dump-inventory,S8000-2.tar,usr/lib/term/tabtn300,e67c0924987aa86f9b165890ecc0d9bad19c382287df48e78d469eb4bd10101b,mode/uid/gid recovered from parent .contents
/usr/lib/text,file,19978,0751,3,0,469763537,common-installed-snapshot,base-dump-inventory,S8000-2.tar,usr/lib/text,254bdeb16f94b214a537f2f2b7f29b703089a29e7dbbaac02f9f9b416cc89f33,mode/uid/gid recovered from parent .contents
/usr/lib/text_nf,file,19188,0751,3,0,534374154,common-installed-snapshot,base-dump-inventory,S8000-2.tar,usr/lib/text_nf,df8ec0552254a6390d190f648c5ba4c378b0e8d40a94eb7a96d652da764f7f17,mode/uid/gid recovered from parent .contents
/usr/lib/tmac,directory,0,0775,3,0,1498803204,common-installed-snapshot,base-dump-inventory,S8000-2.tar,usr/lib/tmac,,mode/uid/gid recovered from parent .contents
/usr/lib/tmac/.contents,file,308,0664,3,0,469764616,common-installed-snapshot,base-dump-inventory,S8000-2.tar,usr/lib/tmac/.contents,f89d0738e8a9d7002ffcbff26670419acb90958371aaad30206c16ac67dae1d1,mode/uid/gid recovered from parent .contents
/usr/lib/tmac/tmac.an,file,3603,0644,0,0,469764439,common-installed-snapshot,base-dump-inventory,S8000-2.tar,usr/lib/tmac/tmac.an,a29942a7f0ddfe24449a1b257defed6f97920f143c2239b6cbe5c59f45bde2ed,mode/uid/gid recovered from parent .contents
/usr/lib/tmac/tmac.anA4L,file,3669,0600,508,20,534440553,common-installed-snapshot,unclassified-installed-snapshot,S8000-2.tar,usr/lib/tmac/tmac.anA4L,172db785b01a21428a84a60aab05fa0d50de4b90297976c1319f333f15631889,metadata from modern tar wrapper
/usr/lib/tmac/tmac.anA4S,file,3670,0600,508,20,534440554,common-installed-snapshot,unclassified-installed-snapshot,S8000-2.tar,usr/lib/tmac/tmac.anA4S,31562c9038327eac34aa009ab76fcc5d2565dc90008a0cd82f6b40c7788517b2,metadata from modern tar wrapper
/usr/lib/tmac/tmac.e,file,12243,0644,3,0,469764438,common-installed-snapshot,base-dump-inventory,S8000-2.tar,usr/lib/tmac/tmac.e,171091fe17abc0757ee45c0869e2385244a0191581762e3c22563275d332f8ad,mode/uid/gid recovered from parent .contents
/usr/lib/tmac/tmac.m,file,79,0644,3,0,469764437,common-installed-snapshot,base-dump-inventory,S8000-2.tar,usr/lib/tmac/tmac.m,6251248942ec55f82e2f0175e62c58e5a0afb8d5558f80451b733020af4dee0a,mode/uid/gid recovered from parent .contents
/usr/lib/tmac/tmac.org,file,45,0644,0,0,469764439,common-installed-snapshot,base-dump-inventory,S8000-2.tar,usr/lib/tmac/tmac.org,fae3df3b7c7e0d0eb6fbea5cbadbe413382307a948b5029df26bc6ba000617f9,mode/uid/gid recovered from parent .contents
/usr/lib/tmac/tmac.osd,file,46,0644,0,0,469764439,common-installed-snapshot,base-dump-inventory,S8000-2.tar,usr/lib/tmac/tmac.osd,94a755ee42ddf90372edb5d6a8999354360f338cc835514da02ea41bf2289ea2,mode/uid/gid recovered from parent .contents
/usr/lib/tmac/tmac.ptx,file,45,0644,0,0,469764439,common-installed-snapshot,base-dump-inventory,S8000-2.tar,usr/lib/tmac/tmac.ptx,e9892f0f9b88d4f28a79ec37e8c8edd89500ef14f2db9f882301b7dd97477294,mode/uid/gid recovered from parent .contents
/usr/lib/tmac/tmac.s,file,20194,0644,0,0,469764441,common-installed-snapshot,base-dump-inventory,S8000-2.tar,usr/lib/tmac/tmac.s,dd1d0ae8493298b966903c7000773e92c7cc4e894d4db616f1c73377f442aeb4,mode/uid/gid recovered from parent .contents
/usr/lib/tmac/tmac.sA4S,file,20247,0600,508,20,534440555,common-installed-snapshot,unclassified-installed-snapshot,S8000-2.tar,usr/lib/tmac/tmac.sA4S,17c075c65dc104491526d6de8cc503dc85279913dab14c9a30d943e1f1d096aa,metadata from modern tar wrapper
/usr/lib/tmac/tmac.scover,file,4299,0644,0,0,469764441,common-installed-snapshot,base-dump-inventory,S8000-2.tar,usr/lib/tmac/tmac.scover,09458b796294c090cad35c5918c852212841cbee18d2a2830be7239a86fa8a2c,mode/uid/gid recovered from parent .contents
/usr/lib/tmac/tmac.sdisp,file,809,0644,0,0,469764441,common-installed-snapshot,base-dump-inventory,S8000-2.tar,usr/lib/tmac/tmac.sdisp,39d4ee3eb359e6b8c24c91b205fec7d2a27c19b58a69515ba8fc4d3b725a4d2a,mode/uid/gid recovered from parent .contents
/usr/lib/tmac/tmac.skeep,file,1190,0644,0,0,469764442,common-installed-snapshot,base-dump-inventory,S8000-2.tar,usr/lib/tmac/tmac.skeep,df98a0dedc013bb5b811f4c772be5f14790673c413d7ae593da582627f69b81b,mode/uid/gid recovered from parent .contents
/usr/lib/tmac/tmac.srefs,file,2423,0644,0,0,469764442,common-installed-snapshot,base-dump-inventory,S8000-2.tar,usr/lib/tmac/tmac.srefs,5e21de72de54de86aef422724b3bc0b5733891fa870fc3844c2e9c15210ebcb3,mode/uid/gid recovered from parent .contents
/usr/lib/tmac/tmac.v,file,44,0644,3,0,469764437,common-installed-snapshot,base-dump-inventory,S8000-2.tar,usr/lib/tmac/tmac.v,f4f4bc32bc3821f33e73acba6e0bcaa0cd827422a22c16cce424136817375d59,mode/uid/gid recovered from parent .contents
/usr/lib/tmac/tmac.z,file,6283,0644,0,0,469764442,common-installed-snapshot,base-dump-inventory,S8000-2.tar,usr/lib/tmac/tmac.z,5a8e3953da559e26c86c8a2c7086c6a1b8b8cff45d9506c199be0b86e3ded254,mode/uid/gid recovered from parent .contents
/usr/lib/units,file,7763,0664,3,0,469763512,common-installed-snapshot,base-dump-inventory,S8000-2.tar,usr/lib/units,885d67ce1632483a4598aaa1c0fedf23eeab79d8c309058d7abb83fb41cad75a,mode/uid/gid recovered from parent .contents
/usr/lib/uucp,directory,0,0775,2,0,1498803204,common-installed-snapshot,base-dump-inventory,S8000-2.tar,usr/lib/uucp,,mode/uid/gid recovered from parent .contents
/usr/lib/uucp/.XQTDIR,directory,0,0775,2,0,1498803204,common-installed-snapshot,base-dump-inventory,S8000-2.tar,usr/lib/uucp/.XQTDIR,,mode/uid/gid recovered from parent .contents
/usr/lib/uucp/.XQTDIR/.contents,file,22,0664,3,0,469763718,common-installed-snapshot,base-dump-inventory,S8000-2.tar,usr/lib/uucp/.XQTDIR/.contents,d61fa2ad3da604d47b714c71be63320783c6cd3aebdf586ad62b4920c16cc8a6,mode/uid/gid recovered from parent .contents
/usr/lib/uucp/.contents,file,264,0664,3,0,469763713,common-installed-snapshot,base-dump-inventory,S8000-2.tar,usr/lib/uucp/.contents,eab0b8153c0a51543de87f70b2a59382e8b8b60ffbdc00bc09d41d5e50125bc6,mode/uid/gid recovered from parent .contents
/usr/lib/uucp/L-devices,file,32,0644,2,0,469763522,common-installed-snapshot,base-dump-inventory,S8000-2.tar,usr/lib/uucp/L-devices,f898a647ef767a6e2abe898df1bed93360116d01d40fea6791df1c73b134f878,mode/uid/gid recovered from parent .contents
/usr/lib/uucp/L-dialcodes,file,0,0600,2,0,469763522,common-installed-snapshot,base-dump-inventory,S8000-2.tar,usr/lib/uucp/L-dialcodes,e3b0c44298fc1c149afbf4c8996fb92427ae41e4649b934ca495991b7852b855,mode/uid/gid recovered from parent .contents
/usr/lib/uucp/L.sys,file,128,0600,2,0,469763523,common-installed-snapshot,base-dump-inventory,S8000-2.tar,usr/lib/uucp/L.sys,92fe70abad16ecb0289cfa94a92d16dc3cefc41a51095485e7cace584b208a4c,mode/uid/gid recovered from parent .contents
/usr/lib/uucp/USERFILE,file,4,0600,2,0,469763522,common-installed-snapshot,base-dump-inventory,S8000-2.tar,usr/lib/uucp/USERFILE,29dbd26767bbda5eeefc96fc4b44e513dcc633cac73f22e7baf97a12186a5017,mode/uid/gid recovered from parent .contents
/usr/lib/uucp/uucico,file,53468,4111,2,0,469763521,common-installed-snapshot,base-dump-inventory,S8000-2.tar,usr/lib/uucp/uucico,60e0f4cb04476fa681e96aed172c399749e7ce6eef5294470316a5f62a05a4fd,mode/uid/gid recovered from parent .contents
/usr/lib/uucp/uuclean,file,10422,0700,3,0,469763522,common-installed-snapshot,base-dump-inventory,S8000-2.tar,usr/lib/uucp/uuclean,b9646804df3a181c54cbd09dfb17e596b3ad3c113fd9534c40edf12caf430298,mode/uid/gid recovered from parent .contents
/usr/lib/uucp/uuclear,file,232,0700,3,0,469763523,common-installed-snapshot,base-dump-inventory,S8000-2.tar,usr/lib/uucp/uuclear,5a4801470d8d8b7195020c8f752726201b0a91546dcf320d2541b47a06fb2ec0,mode/uid/gid recovered from parent .contents
/usr/lib/uucp/uustart,file,36,0755,2,0,469763523,common-installed-snapshot,base-dump-inventory,S8000-2.tar,usr/lib/uucp/uustart,035f3506e2bddbcfcdec1e1c796e6633b0256587c51a0f68bb9cad76abb1942d,mode/uid/gid recovered from parent .contents
/usr/lib/uucp/uusub,file,18300,4111,2,0,469763524,common-installed-snapshot,base-dump-inventory,S8000-2.tar,usr/lib/uucp/uusub,a55918bfaa51a1450cb739e3e30e61e1c1f059d32ab45eb7975934cb0d909a34,mode/uid/gid recovered from parent .contents
/usr/lib/uucp/uuxqt,file,27090,4111,2,0,469763517,common-installed-snapshot,base-dump-inventory,S8000-2.tar,usr/lib/uucp/uuxqt,62169f73b536cc3e501c18b5199693e0f824b878f3b912544d83edffe39b61c8,mode/uid/gid recovered from parent .contents
/usr/lib/vtz,directory,0,0775,3,0,1498803204,common-installed-snapshot,base-dump-inventory,S8000-2.tar,usr/lib/vtz,,mode/uid/gid recovered from parent .contents
/usr/lib/vtz/.contents,file,66,0664,3,0,469763733,common-installed-snapshot,base-dump-inventory,S8000-2.tar,usr/lib/vtz/.contents,8a48054574105c78d10cea932e23a004e8df7667083217f162426b64e3d84b8c,mode/uid/gid recovered from parent .contents
/usr/lib/vtz/numpad,file,109,0644,3,0,469763529,common-installed-snapshot,base-dump-inventory,S8000-2.tar,usr/lib/vtz/numpad,a56e2d1bae9a5c11da49676757ef8a77cb1ee84034a670b7f3317d0f800d6462,mode/uid/gid recovered from parent .contents
/usr/lib/vtz/vipad,file,178,0644,3,0,469763529,common-installed-snapshot,base-dump-inventory,S8000-2.tar,usr/lib/vtz/vipad,25b2849c857614170f3ea294bedc582f03d0f92045b6898704fa58f5806354c2,mode/uid/gid recovered from parent .contents
/usr/lib/whatis,file,32152,0644,3,0,469764410,common-installed-snapshot,base-dump-inventory,S8000-2.tar,usr/lib/whatis,e56dad792cfbf9f9d8eb6f16afa38656c180f48dd9e4a94fbf9664e4ce43d7a2,mode/uid/gid recovered from parent .contents
/usr/lib/yaccpar,file,3300,0644,3,0,469764408,common-installed-snapshot,base-dump-inventory,S8000-2.tar,usr/lib/yaccpar,4b27efaf5704a69b91844516232ef3500dfe1dbbaae24d2fe20e07e4ac501236,mode/uid/gid recovered from parent .contents
/usr/lost+found,directory,0,0770,3,0,1498803204,common-installed-snapshot,base-dump-inventory,S8000-2.tar,usr/lost+found,,mode/uid/gid recovered from parent .contents
/usr/lost+found/.contents,file,22,0664,3,0,469763847,common-installed-snapshot,base-dump-inventory,S8000-2.tar,usr/lost+found/.contents,d61fa2ad3da604d47b714c71be63320783c6cd3aebdf586ad62b4920c16cc8a6,mode/uid/gid recovered from parent .contents
/usr/man,directory,0,0775,3,0,1498803204,common-installed-snapshot,base-dump-inventory,S8000-2.tar,usr/man,,mode/uid/gid recovered from parent .contents
/usr/man/.contents,file,198,0664,3,0,469764520,common-installed-snapshot,base-dump-inventory,S8000-2.tar,usr/man/.contents,16563a22c5422aeaa8ead77ca04b67269d0536f86f65a682eff52011fc6ca93d,mode/uid/gid recovered from parent .contents
/usr/man/man1,directory,0,0775,5,0,1498803204,common-installed-snapshot,base-dump-inventory,S8000-2.tar,usr/man/man1,,mode/uid/gid recovered from parent .contents
/usr/man/man1/INTRO.1,file,2335,0600,508,20,540835000,common-installed-snapshot,unclassified-installed-snapshot,S8000-2.tar,usr/man/man1/INTRO.1,48962385c2342b3007501cab89352c20864f0d494f7f5e076598321d8035e48d,metadata from modern tar wrapper
/usr/man/man1/adb.1,file,14900,0600,508,20,540835001,common-installed-snapshot,unclassified-installed-snapshot,S8000-2.tar,usr/man/man1/adb.1,92b17a4bfa081c8ef84cddb839547d4d6544683a51fd6bfba4be9f04f2fca436,metadata from modern tar wrapper
/usr/man/man1/admin.1,file,11499,0600,508,20,540835001,common-installed-snapshot,unclassified-installed-snapshot,S8000-2.tar,usr/man/man1/admin.1,bea4e5e699b55975ddb5fda2c137aa2ecafd5daee6c2549a7e0fd24385a3339a,metadata from modern tar wrapper
/usr/man/man1/alias.1C,file,1430,0600,508,20,540835001,common-installed-snapshot,unclassified-installed-snapshot,S8000-2.tar,usr/man/man1/alias.1C,a45313dac6f4ef8578f3a2d21d91b1e8caa23ac8356a515bdb2365d6bf5acebd,metadata from modern tar wrapper
/usr/man/man1/apropos.1,file,1120,0600,508,20,540835001,common-installed-snapshot,unclassified-installed-snapshot,S8000-2.tar,usr/man/man1/apropos.1,96208b24f43f0bc926fc5724b1110f56ef602a0b12475d6655a45ecd32f43aa8,metadata from modern tar wrapper
/usr/man/man1/ar.1,file,3322,0600,508,20,540835002,common-installed-snapshot,unclassified-installed-snapshot,S8000-2.tar,usr/man/man1/ar.1,fb4d47f52abb1a59ce94d882c9c13dd114ab07c41562632e8ad63de516258250,metadata from modern tar wrapper
/usr/man/man1/as.1,file,1463,0600,508,20,540835002,common-installed-snapshot,unclassified-installed-snapshot,S8000-2.tar,usr/man/man1/as.1,5fed336cba9615182e9150ffaf9421c737c06bae381dab144cf55af5ddcf21e0,metadata from modern tar wrapper
/usr/man/man1/at.1,file,2683,0600,508,20,540835003,common-installed-snapshot,unclassified-installed-snapshot,S8000-2.tar,usr/man/man1/at.1,a6b25f0f9cbe7a4f2c60eb2f2303e21f49e8d843f8f2e247dc09fa902f088d62,metadata from modern tar wrapper
/usr/man/man1/awk.1,file,7555,0600,508,20,540835004,common-installed-snapshot,unclassified-installed-snapshot,S8000-2.tar,usr/man/man1/awk.1,2e032710fcff6e47cc4164c623fb6ae3d738ad1b16d63601e94a3f0174a7294f,metadata from modern tar wrapper
/usr/man/man1/banner.1,file,603,0600,508,20,540835005,common-installed-snapshot,unclassified-installed-snapshot,S8000-2.tar,usr/man/man1/banner.1,56eb153221da71e8bc64c080d9d590113a413cf91e26162cf43659f1f83dba08,metadata from modern tar wrapper
/usr/man/man1/basename.1,file,1056,0600,508,20,540835005,common-installed-snapshot,unclassified-installed-snapshot,S8000-2.tar,usr/man/man1/basename.1,6fdf424aa5e477dc01515e140957661d056da01c2e1e73ee1bfb8e915750b021,metadata from modern tar wrapper
/usr/man/man1/bc.1,file,3343,0600,508,20,540835005,common-installed-snapshot,unclassified-installed-snapshot,S8000-2.tar,usr/man/man1/bc.1,8bd52668d8756be10fd54113854ff386a9327e8d909b3cac5e64aeb58f890fbe,metadata from modern tar wrapper
/usr/man/man1/bcheck.1,file,1263,0600,508,20,540835005,common-installed-snapshot,unclassified-installed-snapshot,S8000-2.tar,usr/man/man1/bcheck.1,50d9b55b04282388fbbdc8cded99bbc840c9396ffc6b0b660efbafc4ead00b52,metadata from modern tar wrapper
/usr/man/man1/bdiff.1,file,1636,0600,508,20,540835005,common-installed-snapshot,unclassified-installed-snapshot,S8000-2.tar,usr/man/man1/bdiff.1,09eeeb58f9956919fcbd00fbf6bc9530c7c7bc77b814ac89b68fab3a907454cd,metadata from modern tar wrapper
/usr/man/man1/break.1C,file,852,0600,508,20,540835006,common-installed-snapshot,unclassified-installed-snapshot,S8000-2.tar,usr/man/man1/break.1C,1493dfcbf2ff7d0b933c3402f122b5e1f700358bbcc06d97f6e52230b36dc9c1,metadata from modern tar wrapper
/usr/man/man1/breaksw.1C,file,817,0600,508,20,540835006,common-installed-snapshot,unclassified-installed-snapshot,S8000-2.tar,usr/man/man1/breaksw.1C,c3ff8a1c916c87ad5ce09b8dd4a8a86d96fc882481a50cc07c158614fb0bc4ee,metadata from modern tar wrapper
/usr/man/man1/cal.1,file,799,0600,508,20,540835006,common-installed-snapshot,unclassified-installed-snapshot,S8000-2.tar,usr/man/man1/cal.1,a16c205cffdede1e5840ea0a7f549864167d7116d608b00b2644127a568b6747,metadata from modern tar wrapper
/usr/man/man1/calendar.1,file,1494,0600,508,20,540835006,common-installed-snapshot,unclassified-installed-snapshot,S8000-2.tar,usr/man/man1/calendar.1,d13ac9b62fb0d7c19cd0357d4ec18455ef24edb0264869ebbba61e28cdbd9d1b,metadata from modern tar wrapper
/usr/man/man1/cas.1,file,1794,0600,508,20,540835006,common-installed-snapshot,unclassified-installed-snapshot,S8000-2.tar,usr/man/man1/cas.1,caaa94c5c837723a91e0c33baa22c0c98ae3ac9a21ef6492a7a5526c49a498fa,metadata from modern tar wrapper
/usr/man/man1/cat.1,file,1381,0600,508,20,540835006,common-installed-snapshot,unclassified-installed-snapshot,S8000-2.tar,usr/man/man1/cat.1,5bb8f044c1d2c0adaa99335f9b08129550a8268aef657cd14c7e7967cd894c96,metadata from modern tar wrapper
/usr/man/man1/cb.1,file,560,0600,508,20,540835007,common-installed-snapshot,unclassified-installed-snapshot,S8000-2.tar,usr/man/man1/cb.1,2949e0ca86d98787f9349606d04aa1e0ed4a5d1d23f29b21d0c78b411f9062d2,metadata from modern tar wrapper
/usr/man/man1/cc.1,file,7353,0600,508,20,540835007,common-installed-snapshot,unclassified-installed-snapshot,S8000-2.tar,usr/man/man1/cc.1,8b7096e1ca8a4af65239bdcf15c3d4e9b54d5e2793de0bf15dc1b655c7b4d417,metadata from modern tar wrapper
/usr/man/man1/cd.1C,file,577,0600,508,20,540835007,common-installed-snapshot,unclassified-installed-snapshot,S8000-2.tar,usr/man/man1/cd.1C,a3a847e95d049c26eeea14e44d5621117d47eabbf183987b2c02c645d0cc11e6,metadata from modern tar wrapper
/usr/man/man1/cdc.1,file,5017,0600,508,20,540835008,common-installed-snapshot,unclassified-installed-snapshot,S8000-2.tar,usr/man/man1/cdc.1,48b498824cd7b7b857d32d99bd38f6ee9814790fd6ee98e35ce74d67a4737a54,metadata from modern tar wrapper
/usr/man/man1/checkcw.1,file,141,0600,508,20,540835008,common-installed-snapshot,unclassified-installed-snapshot,S8000-2.tar,usr/man/man1/checkcw.1,0da37d6193f10198c61973f08daec693c57d6f1e002937fcdf80602a19ce1bdb,metadata from modern tar wrapper
/usr/man/man1/chgrp.1,file,463,0600,508,20,540835009,common-installed-snapshot,unclassified-installed-snapshot,S8000-2.tar,usr/man/man1/chgrp.1,452c155465a8b576b4ebf50f2d39f0861eb3affb20e22512cb171802b21adc5e,metadata from modern tar wrapper
/usr/man/man1/chkdiff.1,file,1761,0600,508,20,540835009,common-installed-snapshot,unclassified-installed-snapshot,S8000-2.tar,usr/man/man1/chkdiff.1,78f88f3fd088b53833ef34174b086c165b81c19128562d96f92e22730d48c8ba,metadata from modern tar wrapper
/usr/man/man1/chkin.1,file,3684,0600,508,20,540835010,common-installed-snapshot,unclassified-installed-snapshot,S8000-2.tar,usr/man/man1/chkin.1,6794d8020d6ec97e9e3c40a2cbaa08a5ae9a0dada97c7af584cae39fef9118c1,metadata from modern tar wrapper
/usr/man/man1/chkout.1,file,2843,0600,508,20,540835011,common-installed-snapshot,unclassified-installed-snapshot,S8000-2.tar,usr/man/man1/chkout.1,26d4e95bc9567de144aea16f83bac9ecc99a7269ae0dab7eddbeb05a801c59d7,metadata from modern tar wrapper
/usr/man/man1/chkwhat.1,file,1050,0600,508,20,540835011,common-installed-snapshot,unclassified-installed-snapshot,S8000-2.tar,usr/man/man1/chkwhat.1,91b8b3ee4f22bcab9b7b331814072c8a80d1f8e025778c6312faaa7ea77cf866,metadata from modern tar wrapper
/usr/man/man1/chmod.1,file,4999,0600,508,20,540835012,common-installed-snapshot,unclassified-installed-snapshot,S8000-2.tar,usr/man/man1/chmod.1,3f120d5e46aec089ff54dfff1982b4e0cb6796a44375a091a8781bb01aa87090,metadata from modern tar wrapper
/usr/man/man1/chown.1,file,802,0600,508,20,540835012,common-installed-snapshot,unclassified-installed-snapshot,S8000-2.tar,usr/man/man1/chown.1,4cffa3bb8b8c34a626629396db6b17c9b28edb7aaa0b0fa6cb76c896f16050df,metadata from modern tar wrapper
/usr/man/man1/clear.1,file,471,0600,508,20,540835012,common-installed-snapshot,unclassified-installed-snapshot,S8000-2.tar,usr/man/man1/clear.1,33b35352dcc681c2b8433b2677118fb22bc1f91a4bad5416deb3074e7ad3eae8,metadata from modern tar wrapper
/usr/man/man1/cmp.1,file,887,0600,508,20,540835013,common-installed-snapshot,unclassified-installed-snapshot,S8000-2.tar,usr/man/man1/cmp.1,e1c1bdf518db6eb9a914f6e0e32955b8ebbceca9284e1943c96762b1e0606602,metadata from modern tar wrapper
/usr/man/man1/code.1,file,1313,0600,508,20,540835013,common-installed-snapshot,unclassified-installed-snapshot,S8000-2.tar,usr/man/man1/code.1,89cd15e593cd0af938d0e8a704dc5ce269e9d2e6b9ad62856ccd928c9effd2e1,metadata from modern tar wrapper
/usr/man/man1/col.1,file,2321,0600,508,20,540835014,common-installed-snapshot,unclassified-installed-snapshot,S8000-2.tar,usr/man/man1/col.1,5399e3d2997a79748b12cfb3abe7fb9f81b237aa01af0ccea52f1450f3f75ef2,metadata from modern tar wrapper
/usr/man/man1/comb.1,file,2934,0600,508,20,540835014,common-installed-snapshot,unclassified-installed-snapshot,S8000-2.tar,usr/man/man1/comb.1,a8537a82283a73188c4a78c0c03b3b73064256ae8e3bcd3354130d7d70a76496,metadata from modern tar wrapper
/usr/man/man1/comm.1,file,1651,0600,508,20,540835014,common-installed-snapshot,unclassified-installed-snapshot,S8000-2.tar,usr/man/man1/comm.1,eec2e517358e697f6e85f44978ef214b40f3ebae70b9f6456efceb297010403d,metadata from modern tar wrapper
/usr/man/man1/continue.1C,file,959,0600,508,20,540835015,common-installed-snapshot,unclassified-installed-snapshot,S8000-2.tar,usr/man/man1/continue.1C,77b11870ee85e0b535e096567affd9d69eff861a34ddd7c7fd38d59ba37d8152,metadata from modern tar wrapper
/usr/man/man1/cp.1,file,587,0600,508,20,540835015,common-installed-snapshot,unclassified-installed-snapshot,S8000-2.tar,usr/man/man1/cp.1,fc289d79e2323378cac62e87d21884ba59a8fbe01c82b410d2869c772ab15ab8,metadata from modern tar wrapper
/usr/man/man1/cpio.1,file,3543,0600,508,20,540835016,common-installed-snapshot,unclassified-installed-snapshot,S8000-2.tar,usr/man/man1/cpio.1,ba75e77b1719d7a514693460fe947122d3b512b0ad97236b751e2279709ce357,metadata from modern tar wrapper
/usr/man/man1/cref.1,file,2137,0600,508,20,540835016,common-installed-snapshot,unclassified-installed-snapshot,S8000-2.tar,usr/man/man1/cref.1,c0867880f6c7001d54dddf6944adbc70f55d97aecb63b2c3bda491c1ab289831,metadata from modern tar wrapper
/usr/man/man1/crypt.1,file,2646,0600,508,20,534626576,common-installed-snapshot,unclassified-installed-snapshot,S8000-2.tar,usr/man/man1/crypt.1,4925569a58f0b59cf6f2792c6b7e8d50d9da65fb91ff2ba6746291445355722b,metadata from modern tar wrapper
/usr/man/man1/csh.1,file,4473,0600,508,20,540835017,common-installed-snapshot,unclassified-installed-snapshot,S8000-2.tar,usr/man/man1/csh.1,f897184b329575e0810547b8ee622c93cd3579f857e43acb64397008beaeef6b,metadata from modern tar wrapper
/usr/man/man1/csplit.1,file,3792,0600,508,20,540835017,common-installed-snapshot,unclassified-installed-snapshot,S8000-2.tar,usr/man/man1/csplit.1,2bd1b39aac14a5501cc7be1d8e4a1bc9d0ace7ca2a0db245e3c839a77811e352,metadata from modern tar wrapper
/usr/man/man1/ct.1,file,2806,0600,508,20,540835018,common-installed-snapshot,unclassified-installed-snapshot,S8000-2.tar,usr/man/man1/ct.1,8e7c2080e6041e67365d7ae23ea88e8588c1345864ad5487f791d0c4ff679ae1,metadata from modern tar wrapper
/usr/man/man1/ctags.1,file,1812,0600,508,20,540835018,common-installed-snapshot,unclassified-installed-snapshot,S8000-2.tar,usr/man/man1/ctags.1,cbe182847aada996b23516ec329c2d6053d949a171eaac810a5c483eaa23b638,metadata from modern tar wrapper
/usr/man/man1/cu.1,file,5711,0600,508,20,540835019,common-installed-snapshot,unclassified-installed-snapshot,S8000-2.tar,usr/man/man1/cu.1,e572280d8e57d5a1dfe8a26656bbaf44a4a149e148a55e530df3667944bcb7dc,metadata from modern tar wrapper
/usr/man/man1/cut.1,file,2834,0600,508,20,540835019,common-installed-snapshot,unclassified-installed-snapshot,S8000-2.tar,usr/man/man1/cut.1,572b5515a7bc34588df37b8b36fcdcabaaa4d9b17f6d4f6e663c1287cd7acf2f,metadata from modern tar wrapper
/usr/man/man1/cw.1,file,8624,0600,508,20,540835022,common-installed-snapshot,unclassified-installed-snapshot,S8000-2.tar,usr/man/man1/cw.1,c9e8fb11f5c32dfca33bcf1ea3d339269517eab4970421477ab9f6e44f84dd4e,metadata from modern tar wrapper
/usr/man/man1/cxref.1,file,797,0600,508,20,540835022,common-installed-snapshot,unclassified-installed-snapshot,S8000-2.tar,usr/man/man1/cxref.1,a215a36003f7bc687d858d58694412a3991131534647f8e67f9f98dfb2426837,metadata from modern tar wrapper
/usr/man/man1/date.1,file,486,0600,508,20,540835022,common-installed-snapshot,unclassified-installed-snapshot,S8000-2.tar,usr/man/man1/date.1,2b7ec150ed5b8ed368cae452c9e5830be4af96004f321eec5b064ea454c6171e,metadata from modern tar wrapper
/usr/man/man1/daytime.1,file,463,0600,508,20,540835022,common-installed-snapshot,unclassified-installed-snapshot,S8000-2.tar,usr/man/man1/daytime.1,4b876ef480dc0a2f76182f42c61cd883ccfecd6b8b891afbc22421a49591f8b6,metadata from modern tar wrapper
/usr/man/man1/dc.1,file,4526,0600,508,20,540835023,common-installed-snapshot,unclassified-installed-snapshot,S8000-2.tar,usr/man/man1/dc.1,5e9f143b89411905aff6eeb458feca3ce86910047c57c7c30e67edcd45031a2a,metadata from modern tar wrapper
/usr/man/man1/dd.1,file,3510,0600,508,20,540835024,common-installed-snapshot,unclassified-installed-snapshot,S8000-2.tar,usr/man/man1/dd.1,50887eba197391f0a0cc1dd4dc3eadf1b50038937e153ceb3649532c993cc828,metadata from modern tar wrapper
/usr/man/man1/delta.1,file,5618,0600,508,20,540835025,common-installed-snapshot,unclassified-installed-snapshot,S8000-2.tar,usr/man/man1/delta.1,56c21b3a0e7c5f7eb363a7c7a0ec0ade777e770c901d7f49bdd84384837ec8f2,metadata from modern tar wrapper
/usr/man/man1/deroff.1,file,2647,0600,508,20,540835025,common-installed-snapshot,unclassified-installed-snapshot,S8000-2.tar,usr/man/man1/deroff.1,b705562fff3a4d0dba403c5ab945401653d2625c211807c76ea067785803f60c,metadata from modern tar wrapper
/usr/man/man1/diff.1,file,3007,0600,508,20,540835025,common-installed-snapshot,unclassified-installed-snapshot,S8000-2.tar,usr/man/man1/diff.1,d4ba18e550596f693df7e1dba3f66128c63e19dd49ae23eab6ebe92b93ed1d85,metadata from modern tar wrapper
/usr/man/man1/diff3.1,file,1818,0600,508,20,540835034,common-installed-snapshot,unclassified-installed-snapshot,S8000-2.tar,usr/man/man1/diff3.1,700f05ddecd805f24b25be908c3c35f962492b99ad503b6766bd41495a47f1a4,metadata from modern tar wrapper
/usr/man/man1/diffmk.1,file,1669,0600,508,20,540835034,common-installed-snapshot,unclassified-installed-snapshot,S8000-2.tar,usr/man/man1/diffmk.1,d860720758ce2fdeef1f067c9d412e44dd54efdcd34cd06af3490c54a8d554d1,metadata from modern tar wrapper
/usr/man/man1/dircmp.1,file,544,0600,508,20,540835034,common-installed-snapshot,unclassified-installed-snapshot,S8000-2.tar,usr/man/man1/dircmp.1,2b565abede6b64922ed470b6cfb0e4c667be4021a4da7880eb8cdbe5384adbec,metadata from modern tar wrapper
/usr/man/man1/dog.1,file,873,0600,508,20,540835034,common-installed-snapshot,unclassified-installed-snapshot,S8000-2.tar,usr/man/man1/dog.1,454877575b8c98c72f1af018543a655b152407c324799162ba01aa4b80a9d895,metadata from modern tar wrapper
/usr/man/man1/du.1,file,1229,0600,508,20,540835035,common-installed-snapshot,unclassified-installed-snapshot,S8000-2.tar,usr/man/man1/du.1,07f630580ee1c4df8dd1a8b2e9ba98eb4d5cc07b9d8848fe7762c7f47a37e490,metadata from modern tar wrapper
/usr/man/man1/echo.1,file,1076,0600,508,20,540835035,common-installed-snapshot,unclassified-installed-snapshot,S8000-2.tar,usr/man/man1/echo.1,8b110d3af72a60e5cf8d29afd60364788634842a292520e08b9db0a0622b3aa6,metadata from modern tar wrapper
/usr/man/man1/echo.1C,file,1193,0600,508,20,540835035,common-installed-snapshot,unclassified-installed-snapshot,S8000-2.tar,usr/man/man1/echo.1C,844a57ae33556471fbb68addf7f5f74124258d197d6226146435e798ba8e9144,metadata from modern tar wrapper
/usr/man/man1/echo2.1,file,412,0600,508,20,540835035,common-installed-snapshot,unclassified-installed-snapshot,S8000-2.tar,usr/man/man1/echo2.1,fd7a6ecfc41ae8447a92c77c975f958e14f49b0fbb07640b4685de5fe95060b3,metadata from modern tar wrapper
/usr/man/man1/ed.1,file,26919,0600,508,20,540835037,common-installed-snapshot,unclassified-installed-snapshot,S8000-2.tar,usr/man/man1/ed.1,3ef2e627d74899ebf60415766864210bf6a07ae9245df21db7c86513eac93410,metadata from modern tar wrapper
/usr/man/man1/edit.1,file,8225,0600,508,20,540835038,common-installed-snapshot,unclassified-installed-snapshot,S8000-2.tar,usr/man/man1/edit.1,0098c4594be69987917f4cadf661be922665c386be4e3635d483ebd5d99305b8,metadata from modern tar wrapper
/usr/man/man1/env.1,file,836,0600,508,20,540835038,common-installed-snapshot,unclassified-installed-snapshot,S8000-2.tar,usr/man/man1/env.1,a15171d8fac7550458c97a16434fd6cbd1acb454951e9d9f23c6d8d4884d7e9f,metadata from modern tar wrapper
/usr/man/man1/eqn.1,file,12607,0600,508,20,540835040,common-installed-snapshot,unclassified-installed-snapshot,S8000-2.tar,usr/man/man1/eqn.1,ae9fca2f7640b424b66b861e0fc39852fe6350ecd82a91f7276bea361f914bda,metadata from modern tar wrapper
/usr/man/man1/error.1,file,8163,0600,508,20,540835041,common-installed-snapshot,unclassified-installed-snapshot,S8000-2.tar,usr/man/man1/error.1,fccffba0b7958c1a83f96d55519c3d451a435439e2c0a21353571caf6f7312b5,metadata from modern tar wrapper
/usr/man/man1/ex.1,file,3528,0600,508,20,540835042,common-installed-snapshot,unclassified-installed-snapshot,S8000-2.tar,usr/man/man1/ex.1,23200a8864e62e424d3585fcefdf27a741fc9e7d990e255962de8db0c9fa3be8,metadata from modern tar wrapper
/usr/man/man1/exit.1C,file,486,0600,508,20,540835042,common-installed-snapshot,unclassified-installed-snapshot,S8000-2.tar,usr/man/man1/exit.1C,8148540f558a4a8f1d7761d00212eb7aea54cbc63746e0fe8735428a7263afdb,metadata from modern tar wrapper
/usr/man/man1/expand.1,file,780,0600,508,20,540835042,common-installed-snapshot,unclassified-installed-snapshot,S8000-2.tar,usr/man/man1/expand.1,add2422c083504c1a5ab1e7f4d90ce651674cc18d84cb51edc495eb4248ed3ce,metadata from modern tar wrapper
/usr/man/man1/expr.1,file,2696,0600,508,20,540835043,common-installed-snapshot,unclassified-installed-snapshot,S8000-2.tar,usr/man/man1/expr.1,f8df6c2a058e36b404caee063c603adcea210acae643f24bb13bd6341b87c824,metadata from modern tar wrapper
/usr/man/man1/file.1,file,626,0600,508,20,540835043,common-installed-snapshot,unclassified-installed-snapshot,S8000-2.tar,usr/man/man1/file.1,37c21365566435a9b910c91d6606d6bab3449e7919217b07e7582188d11afd41,metadata from modern tar wrapper
/usr/man/man1/find.1,file,3511,0600,508,20,540835044,common-installed-snapshot,unclassified-installed-snapshot,S8000-2.tar,usr/man/man1/find.1,f1a267c1522eb7cbfa15d63ad6b97a6868ad89a2cfc92c546ceb75b054dd1181,metadata from modern tar wrapper
/usr/man/man1/flow.1,file,2159,0600,508,20,540835045,common-installed-snapshot,unclassified-installed-snapshot,S8000-2.tar,usr/man/man1/flow.1,dffc359894b0e9d433290bed8cd487efeb7f056dc40b0d5ab5135faccb01ee44,metadata from modern tar wrapper
/usr/man/man1/foreach.1C,file,868,0600,508,20,540835045,common-installed-snapshot,unclassified-installed-snapshot,S8000-2.tar,usr/man/man1/foreach.1C,1ccb35cba0847c531f5432ca4dbffae252d0f8b82eb51c1311f9471affdd82a4,metadata from modern tar wrapper
/usr/man/man1/get.1,file,16404,0600,508,20,540835047,common-installed-snapshot,unclassified-installed-snapshot,S8000-2.tar,usr/man/man1/get.1,a0817c3a4f59efc26dc8a222046123147546bd8746f6fc230c629fd08918e2bd,metadata from modern tar wrapper
/usr/man/man1/getNAME.1,file,563,0600,508,20,540835047,common-installed-snapshot,unclassified-installed-snapshot,S8000-2.tar,usr/man/man1/getNAME.1,d7628d854df05be95aacc4bc27c085bf476d2dcade15e722a3873bc21597bdac,metadata from modern tar wrapper
/usr/man/man1/getfile.1,file,1946,0600,508,20,540835048,common-installed-snapshot,unclassified-installed-snapshot,S8000-2.tar,usr/man/man1/getfile.1,78cedbfae8310094b482b9cd2758df15c2d96000d4cd7339407f9fc74360fe79,metadata from modern tar wrapper
/usr/man/man1/getopt.1,file,1698,0600,508,20,540835048,common-installed-snapshot,unclassified-installed-snapshot,S8000-2.tar,usr/man/man1/getopt.1,0ff2a11f4e6690f62611b1238832636c28c12e4e48b08af7b0da93f2b2d3cf01,metadata from modern tar wrapper
/usr/man/man1/gets.1,file,931,0600,508,20,540835049,common-installed-snapshot,unclassified-installed-snapshot,S8000-2.tar,usr/man/man1/gets.1,23d9887e556317cf6ee7c9c36c383db30ad7359d223fa15f57567902d624bd2c,metadata from modern tar wrapper
/usr/man/man1/glob.1C,file,470,0600,508,20,540835049,common-installed-snapshot,unclassified-installed-snapshot,S8000-2.tar,usr/man/man1/glob.1C,c93cc8ff4e2ca6f89659192228233bb4d0c01a81cd7bc7c2fd0484d5d12a14c6,metadata from modern tar wrapper
/usr/man/man1/gpasswd.1,file,1024,0600,508,20,540835049,common-installed-snapshot,unclassified-installed-snapshot,S8000-2.tar,usr/man/man1/gpasswd.1,33009e6026c4abb58267251144a3e289c8aaac627f82f9b2c14b8b0c71a032fe,metadata from modern tar wrapper
/usr/man/man1/greek.1,file,1327,0600,508,20,540835050,common-installed-snapshot,unclassified-installed-snapshot,S8000-2.tar,usr/man/man1/greek.1,1e7908a1f2494deb620603f6f542643166dbc153b362d3b29c1b5f0b3b81ad01,metadata from modern tar wrapper
/usr/man/man1/grep.1,file,3408,0600,508,20,540835050,common-installed-snapshot,unclassified-installed-snapshot,S8000-2.tar,usr/man/man1/grep.1,f39758b6f0a5901ba9e65b968acdf2011df2d29b5da9d1bfe39d2ac74860d3f1,metadata from modern tar wrapper
/usr/man/man1/head.1,file,412,0600,508,20,540835051,common-installed-snapshot,unclassified-installed-snapshot,S8000-2.tar,usr/man/man1/head.1,35662fdfb624ed4c53d4d9b1b7c8ba42e5ee6a83e2d8f705080cb8aaae67b1d9,metadata from modern tar wrapper
/usr/man/man1/help.1,file,1214,0600,508,20,540835051,common-installed-snapshot,unclassified-installed-snapshot,S8000-2.tar,usr/man/man1/help.1,76cbd2da198f3fef524aea3a17e16312349d11979c37003d6b73abc21c30924a,metadata from modern tar wrapper
/usr/man/man1/history.1C,file,1400,0600,508,20,540835051,common-installed-snapshot,unclassified-installed-snapshot,S8000-2.tar,usr/man/man1/history.1C,70ca75f82c6849f31006387ae301df8550a00a19a347005e74e8bf9d1644b046,metadata from modern tar wrapper
/usr/man/man1/hyphen.1,file,530,0600,508,20,540835052,common-installed-snapshot,unclassified-installed-snapshot,S8000-2.tar,usr/man/man1/hyphen.1,f3d3339c6fe3c7d89c621cd85ff937fd15ac440bf43f222b58271092fc44b90a,metadata from modern tar wrapper
/usr/man/man1/id.1,file,447,0600,508,20,540835052,common-installed-snapshot,unclassified-installed-snapshot,S8000-2.tar,usr/man/man1/id.1,9aedbfa3f1d2bdc08b74f1c9612a0320f3fe148d22f766f7a9faf0de6b0bcf1b,metadata from modern tar wrapper
/usr/man/man1/if.1C,file,1007,0600,508,20,540835052,common-installed-snapshot,unclassified-installed-snapshot,S8000-2.tar,usr/man/man1/if.1C,ffaca0520fa2a5768c3ffecab2e549d673a896fb5b29435672ceae616f0cbee1,metadata from modern tar wrapper
/usr/man/man1/isrio.1,file,737,0600,508,20,540835053,common-installed-snapshot,unclassified-installed-snapshot,S8000-2.tar,usr/man/man1/isrio.1,9aecf70b6cadf431b572ebfb9cee0af726f9f08f2e87e918e304a644ca1f30ce,metadata from modern tar wrapper
/usr/man/man1/join.1,file,2653,0600,508,20,540835053,common-installed-snapshot,unclassified-installed-snapshot,S8000-2.tar,usr/man/man1/join.1,425d53f5eb1981757af80c04730f5a53aee7257253ea9912a3c9fe6aa7fe5654,metadata from modern tar wrapper
/usr/man/man1/kermit.1C,file,14394,0700,508,20,524876600,common-installed-snapshot,unclassified-installed-snapshot,S8000-2.tar,usr/man/man1/kermit.1C,b070073bc6de62119919d6f9dc5b359168505fd908fb230307994d8d90d7e9f9,metadata from modern tar wrapper
/usr/man/man1/kill.1,file,1361,0600,508,20,540835054,common-installed-snapshot,unclassified-installed-snapshot,S8000-2.tar,usr/man/man1/kill.1,a4525be24b88e5054a624479473f371ce95fae811fc918af1ec1094d58c30267,metadata from modern tar wrapper
/usr/man/man1/last.1,file,1316,0600,508,20,540835054,common-installed-snapshot,unclassified-installed-snapshot,S8000-2.tar,usr/man/man1/last.1,0d70b349bae2d3f7744e6a43fadc590b19ebbe5fd989a0c86c5b4a14fbcdc2cd,metadata from modern tar wrapper
/usr/man/man1/ld.1,file,8106,0600,508,20,540835056,common-installed-snapshot,unclassified-installed-snapshot,S8000-2.tar,usr/man/man1/ld.1,b65c049f1c16641772b1aff679418b94d41925ccd1e68d0229f7261c071e1b0b,metadata from modern tar wrapper
/usr/man/man1/learn.1,file,1578,0600,508,20,540835056,common-installed-snapshot,unclassified-installed-snapshot,S8000-2.tar,usr/man/man1/learn.1,5a580608ddb97c5204921a725d99b9a6b61b05ac137ab85350427fcf9ffcfd48,metadata from modern tar wrapper
/usr/man/man1/leave.1,file,1350,0600,508,20,540835056,common-installed-snapshot,unclassified-installed-snapshot,S8000-2.tar,usr/man/man1/leave.1,a57fbad1d811cfc3fa3af6a510549d78f3d0084d6b19137dd38e1e6d6712094c,metadata from modern tar wrapper
/usr/man/man1/lex.1,file,5367,0600,508,20,540835057,common-installed-snapshot,unclassified-installed-snapshot,S8000-2.tar,usr/man/man1/lex.1,2b0b8e1cf7d899c224b8ac4a890eee2e9c001b072fe0cd4202d3fe229cb29d49,metadata from modern tar wrapper
/usr/man/man1/line.1,file,487,0600,508,20,540835057,common-installed-snapshot,unclassified-installed-snapshot,S8000-2.tar,usr/man/man1/line.1,59b85ab986797a2e85c00f1b9a8205ec08a31df31b1827a2deba6e71c084d156,metadata from modern tar wrapper
/usr/man/man1/lint.1,file,3944,0600,508,20,540835058,common-installed-snapshot,unclassified-installed-snapshot,S8000-2.tar,usr/man/man1/lint.1,2d48528ed4f6bedbe58f47f9432765a4147a49d341f540c40079d9908eeb5343,metadata from modern tar wrapper
/usr/man/man1/ln.1,file,685,0600,508,20,540835058,common-installed-snapshot,unclassified-installed-snapshot,S8000-2.tar,usr/man/man1/ln.1,1597ca1a7ebddec31c9cf07a5ef3d830f1dc2df639fcac978847770eb800bc73,metadata from modern tar wrapper
/usr/man/man1/load.1,file,8393,0600,508,20,540835060,common-installed-snapshot,unclassified-installed-snapshot,S8000-2.tar,usr/man/man1/load.1,9a40a81fddf5887c8cd2cc8b166380337f02108395e4deb6d018ddbaca12bc61,metadata from modern tar wrapper
/usr/man/man1/local.1,file,611,0600,508,20,540835060,common-installed-snapshot,unclassified-installed-snapshot,S8000-2.tar,usr/man/man1/local.1,8f4b5580982b63a5122bb950ea269725bc9512f051d0ae67a31cbf036f03a2c1,metadata from modern tar wrapper
/usr/man/man1/login.1,file,2062,0600,508,20,540835061,common-installed-snapshot,unclassified-installed-snapshot,S8000-2.tar,usr/man/man1/login.1,a7fa7705b1c127f304699328755386f6f6f937dc0e33fc020a19c23cffa62f6f,metadata from modern tar wrapper
/usr/man/man1/logname.1,file,363,0600,508,20,540835061,common-installed-snapshot,unclassified-installed-snapshot,S8000-2.tar,usr/man/man1/logname.1,b30f1667de6c8063d7bb02f61ec1e9335d99ebafcb56881f2a55b357dded2b12,metadata from modern tar wrapper
/usr/man/man1/logout.1C,file,506,0600,508,20,540835061,common-installed-snapshot,unclassified-installed-snapshot,S8000-2.tar,usr/man/man1/logout.1C,938fda6531ffb6eb920f15e6d20ba67b7f28e83f1d491f3cb0816b4716b58cad,metadata from modern tar wrapper
/usr/man/man1/look.1,file,715,0600,508,20,540835061,common-installed-snapshot,unclassified-installed-snapshot,S8000-2.tar,usr/man/man1/look.1,6a20fc2b0dbd66876421643a16d47294a12690b3bf0f6ae1dd4d8f32937ffc32,metadata from modern tar wrapper
/usr/man/man1/lorder.1,file,886,0600,508,20,540835062,common-installed-snapshot,unclassified-installed-snapshot,S8000-2.tar,usr/man/man1/lorder.1,3edcd7fe3d2d50e42287b37aea59d49020593849c19f4680eb374de31bc5761d,metadata from modern tar wrapper
/usr/man/man1/lpr.1,file,311,0600,508,20,540835062,common-installed-snapshot,unclassified-installed-snapshot,S8000-2.tar,usr/man/man1/lpr.1,b2aa1708969f9d8768c9d88287c762b86ca572c15430ead16bcb8173b264046b,metadata from modern tar wrapper
/usr/man/man1/ls.1,file,5592,0600,508,20,540835064,common-installed-snapshot,unclassified-installed-snapshot,S8000-2.tar,usr/man/man1/ls.1,29dfb1e106bf57aa82530590b7093f381f7dd718eaa5dd32fd02c04932b5ed33,metadata from modern tar wrapper
/usr/man/man1/m4.1,file,4949,0600,508,20,540835064,common-installed-snapshot,unclassified-installed-snapshot,S8000-2.tar,usr/man/man1/m4.1,bd51ffcac34897e7157d6aa145cd8b9e33829dce371ae8fa60a98c9e8ffa8fcc,metadata from modern tar wrapper
/usr/man/man1/mail.1,file,4399,0600,508,20,540835065,common-installed-snapshot,unclassified-installed-snapshot,S8000-2.tar,usr/man/man1/mail.1,8f8981e2872bdbcb9728cc629e9d7b5b9300fbf18504712f819a07866899da7f,metadata from modern tar wrapper
/usr/man/man1/make.1,file,15760,0600,508,20,561237340,common-installed-snapshot,unclassified-installed-snapshot,S8000-2.tar,usr/man/man1/make.1,c5cd6534c24ea39e579dec1c3a06bfa2ed4066efc877e8196ac8343f4d49b9d7,metadata from modern tar wrapper
/usr/man/man1/man.1,file,2541,0600,508,20,540835066,common-installed-snapshot,unclassified-installed-snapshot,S8000-2.tar,usr/man/man1/man.1,835541d27545eca7b8128b2a483d48e14fcfb1e1a40a071c2a928b9b86324932,metadata from modern tar wrapper
/usr/man/man1/mesg.1,file,583,0600,508,20,540835066,common-installed-snapshot,unclassified-installed-snapshot,S8000-2.tar,usr/man/man1/mesg.1,7237287a28facff471237c28aad011f21bb41ddb61c6ff4b746fdafc1c595374,metadata from modern tar wrapper
/usr/man/man1/mkdir.1,file,745,0600,508,20,540835066,common-installed-snapshot,unclassified-installed-snapshot,S8000-2.tar,usr/man/man1/mkdir.1,1d57ed438b49dcdf5163a91ce2057d4cfff6ebf8962a7210eb818efbe8824ffb,metadata from modern tar wrapper
/usr/man/man1/mkmenu.1,file,5448,0600,508,20,540835067,common-installed-snapshot,unclassified-installed-snapshot,S8000-2.tar,usr/man/man1/mkmenu.1,622c0e053f8f2c2a3f41c8e8e4be04c71a538b9e94d7feaaf382461bd3a2b67d,metadata from modern tar wrapper
/usr/man/man1/mknod.1,file,2217,0600,508,20,540835067,common-installed-snapshot,unclassified-installed-snapshot,S8000-2.tar,usr/man/man1/mknod.1,75b281d7c83e739c2b25a81254523392c8827817ac70359d6385f9ace13d29f0,metadata from modern tar wrapper
/usr/man/man1/mkstr.1,file,2333,0600,508,20,540835068,common-installed-snapshot,unclassified-installed-snapshot,S8000-2.tar,usr/man/man1/mkstr.1,e912512bb4fbe41168530c68bcfbf5b54c1a83cb7d83d6cec96395bc1c1fcc46,metadata from modern tar wrapper
/usr/man/man1/mm.1,file,4084,0600,508,20,540835068,common-installed-snapshot,unclassified-installed-snapshot,S8000-2.tar,usr/man/man1/mm.1,60100ea2e8868c3e9f3bf855809f4b7d2717ea75d04c6f37dcec96d710ce5bbc,metadata from modern tar wrapper
/usr/man/man1/mmchek.1,file,919,0600,508,20,540835069,common-installed-snapshot,unclassified-installed-snapshot,S8000-2.tar,usr/man/man1/mmchek.1,787214df4e862390dfb1cb97b9bca383ad5679ddb78d49cb26336d22d80cff16,metadata from modern tar wrapper
/usr/man/man1/mmt.1,file,2155,0600,508,20,540835069,common-installed-snapshot,unclassified-installed-snapshot,S8000-2.tar,usr/man/man1/mmt.1,9ececd22d925e19dc2f399f97a87207f3406a9bdf7098258c273bd7b93690f9c,metadata from modern tar wrapper
/usr/man/man1/more.1,file,7713,0600,508,20,540835070,common-installed-snapshot,unclassified-installed-snapshot,S8000-2.tar,usr/man/man1/more.1,2496b05de25ae014eadf7277b6b4704fd529ce8379da71002edcbeb77b5f04a8,metadata from modern tar wrapper
/usr/man/man1/mv.1,file,1096,0600,508,20,540835070,common-installed-snapshot,unclassified-installed-snapshot,S8000-2.tar,usr/man/man1/mv.1,927ae7d1936a7da201e3f9f85b8647e2d1bc58598cef12a5193d8d1e700536d3,metadata from modern tar wrapper
/usr/man/man1/mvt.1,file,127,0600,508,20,540835071,common-installed-snapshot,unclassified-installed-snapshot,S8000-2.tar,usr/man/man1/mvt.1,b62b3666af0b3b517846365c0e9e55b3878e4b9a01ed5d6e1dfa9d8c0e04833d,metadata from modern tar wrapper
/usr/man/man1/newgrp.1,file,926,0600,508,20,540835071,common-installed-snapshot,unclassified-installed-snapshot,S8000-2.tar,usr/man/man1/newgrp.1,f392b244979e6aff40d905dada0011a08655f44f799f0e8009784b532049d46f,metadata from modern tar wrapper
/usr/man/man1/news.1,file,1632,0600,508,20,540835071,common-installed-snapshot,unclassified-installed-snapshot,S8000-2.tar,usr/man/man1/news.1,fe3378d1887db29892880aad486388c909edc54cdd35b84da9876930d7d787ba,metadata from modern tar wrapper
/usr/man/man1/nice.1,file,1337,0600,508,20,540835072,common-installed-snapshot,unclassified-installed-snapshot,S8000-2.tar,usr/man/man1/nice.1,8e80942e7af259a438ef40a923ff374434a6add99b3f0ca08e628398060da9e2,metadata from modern tar wrapper
/usr/man/man1/nice.1C,file,938,0600,508,20,540835072,common-installed-snapshot,unclassified-installed-snapshot,S8000-2.tar,usr/man/man1/nice.1C,0190a4c1a29cc700cbbe55448505ea4bce0fe63413c53b52b7498b294aa6a5b3,metadata from modern tar wrapper
/usr/man/man1/nl.1,file,3400,0600,508,20,540835073,common-installed-snapshot,unclassified-installed-snapshot,S8000-2.tar,usr/man/man1/nl.1,a61c6d8172fd8942cdbcfb8d396239c19e99db771e9d6fea3e6ea62dc3d6d641,metadata from modern tar wrapper
/usr/man/man1/nm.1,file,1921,0600,508,20,540835073,common-installed-snapshot,unclassified-installed-snapshot,S8000-2.tar,usr/man/man1/nm.1,c38986d74135746e467e9fb4bf3b46567fa2e52528641efc4ca6a36706088c0e,metadata from modern tar wrapper
/usr/man/man1/nohup.1C,file,862,0600,508,20,540835074,common-installed-snapshot,unclassified-installed-snapshot,S8000-2.tar,usr/man/man1/nohup.1C,5ea76a7722921d707e26d084188866ab03a69755edd0c8607ff7ff786f5bb302,metadata from modern tar wrapper
/usr/man/man1/nq.1,file,4068,0600,508,20,540835074,common-installed-snapshot,unclassified-installed-snapshot,S8000-2.tar,usr/man/man1/nq.1,57dd53f74b932190278566237d35776246830961e2b516771a786ab6ded36a5a,metadata from modern tar wrapper
/usr/man/man1/nroff.1,file,133,0600,508,20,540835074,common-installed-snapshot,unclassified-installed-snapshot,S8000-2.tar,usr/man/man1/nroff.1,afc44290021dbd8923a8c29c5a590bd19ed45ad306e099fc922e8459f84d158b,metadata from modern tar wrapper
/usr/man/man1/objdu.1,file,796,0600,508,20,540835075,common-installed-snapshot,unclassified-installed-snapshot,S8000-2.tar,usr/man/man1/objdu.1,0183cb188227e9b8b0f8456e9247fdf08e33ccc908b29d33a56cc95a7fd93cac,metadata from modern tar wrapper
/usr/man/man1/objhdr.1,file,348,0600,508,20,540835075,common-installed-snapshot,unclassified-installed-snapshot,S8000-2.tar,usr/man/man1/objhdr.1,e3f4d15e5d13cd84e394c663a7b279c59e248db43bb78add0c60a14cb698446c,metadata from modern tar wrapper
/usr/man/man1/objsu.1,file,446,0600,508,20,540835075,common-installed-snapshot,unclassified-installed-snapshot,S8000-2.tar,usr/man/man1/objsu.1,1078d5340283dfb13cad38b455f304f523c766f70636ced5f842f6ee72d89986,metadata from modern tar wrapper
/usr/man/man1/od.1,file,1865,0600,508,20,540835076,common-installed-snapshot,unclassified-installed-snapshot,S8000-2.tar,usr/man/man1/od.1,22e5de5abbd5a37b02119d8e2a9c0d617da9c4fd84ea73f51568711cffcf8a47,metadata from modern tar wrapper
/usr/man/man1/onintr.1C,file,1436,0600,508,20,540835076,common-installed-snapshot,unclassified-installed-snapshot,S8000-2.tar,usr/man/man1/onintr.1C,d18152865e3080bc35f3572b90b0c2fa0c1592073e8281ad23b34255827efba7,metadata from modern tar wrapper
/usr/man/man1/pack.1,file,3704,0600,508,20,540835077,common-installed-snapshot,unclassified-installed-snapshot,S8000-2.tar,usr/man/man1/pack.1,1daa308d30427f7aa2e9d55d9b0e8612c8db705556957c455e247bf4fb24d857,metadata from modern tar wrapper
/usr/man/man1/passwd.1,file,1161,0600,508,20,540835078,common-installed-snapshot,unclassified-installed-snapshot,S8000-2.tar,usr/man/man1/passwd.1,bff1ece4f552cf7a396af1366b7f5aa2fcd4dc4b6e813db7b67a1278f3b07574,metadata from modern tar wrapper
/usr/man/man1/paste.1,file,2989,0600,508,20,540835078,common-installed-snapshot,unclassified-installed-snapshot,S8000-2.tar,usr/man/man1/paste.1,e5f4e31fda33941832b71b74c9fc049d17f4125a68347e73e34b2d0dc37b2fda,metadata from modern tar wrapper
/usr/man/man1/pr.1,file,4112,0600,508,20,540835079,common-installed-snapshot,unclassified-installed-snapshot,S8000-2.tar,usr/man/man1/pr.1,2080d06e072b35fa1e1831ddc065437ef5c98c5854b30f67ae9a1d9089745413,metadata from modern tar wrapper
/usr/man/man1/printenv.1,file,566,0600,508,20,540835079,common-installed-snapshot,unclassified-installed-snapshot,S8000-2.tar,usr/man/man1/printenv.1,8de9efa787b00f6da5516de5026c3dc6be1a004c7b24050eb88fad35dfbe0620,metadata from modern tar wrapper
/usr/man/man1/prof.1,file,1324,0600,508,20,540835080,common-installed-snapshot,unclassified-installed-snapshot,S8000-2.tar,usr/man/man1/prof.1,4bac6dbf4cd3b478240c81b73e8893e02d68ba30c25a57735c77fea7e81a43b2,metadata from modern tar wrapper
/usr/man/man1/prom.1,file,3459,0600,508,20,540835080,common-installed-snapshot,unclassified-installed-snapshot,S8000-2.tar,usr/man/man1/prom.1,f750a42540fcfbd5e6ab62b33e6ac483b42e2dcee981d78e7a1e5c4c1b79dc8d,metadata from modern tar wrapper
/usr/man/man1/prs.1,file,7916,0600,508,20,540835082,common-installed-snapshot,unclassified-installed-snapshot,S8000-2.tar,usr/man/man1/prs.1,70682f68da0faf19134c3c3663f0d77014803ae9b26819853f9605502c1ecde4,metadata from modern tar wrapper
/usr/man/man1/ps.1,file,5450,0600,508,20,540835082,common-installed-snapshot,unclassified-installed-snapshot,S8000-2.tar,usr/man/man1/ps.1,98a49b04046cbdc6a5321e81cbc80ab7ee7c78277086911eea8379f8d516db6d,metadata from modern tar wrapper
/usr/man/man1/ptx.1,file,2617,0600,508,20,540835083,common-installed-snapshot,unclassified-installed-snapshot,S8000-2.tar,usr/man/man1/ptx.1,cfa8bee1b888a3438c2c16dc3c58fd7e0607229eeb9061d74852231df9f09504,metadata from modern tar wrapper
/usr/man/man1/putfile.1,file,2376,0600,508,20,540835084,common-installed-snapshot,unclassified-installed-snapshot,S8000-2.tar,usr/man/man1/putfile.1,329cd63b01a08d8b581c187f111971b12b29b54071b922a168f71ac80f3777e9,metadata from modern tar wrapper
/usr/man/man1/pwck.1,file,907,0600,508,20,540835084,common-installed-snapshot,unclassified-installed-snapshot,S8000-2.tar,usr/man/man1/pwck.1,adf8f871c7493f66bbf8e269fb0fc5a5b41900d412a4a264104f78f399d72958,metadata from modern tar wrapper
/usr/man/man1/pwd.1,file,411,0600,508,20,540835084,common-installed-snapshot,unclassified-installed-snapshot,S8000-2.tar,usr/man/man1/pwd.1,55a42a3ad3cebf14a2b1a159c119c564d189eadb326cced47b30c59215bf6ac6,metadata from modern tar wrapper
/usr/man/man1/ranlib.1,file,881,0600,508,20,540835085,common-installed-snapshot,unclassified-installed-snapshot,S8000-2.tar,usr/man/man1/ranlib.1,7f8087002a36e0ba6345f7cc019bf107f4404f33017251a28a40cd14a514a67a,metadata from modern tar wrapper
/usr/man/man1/regcmp.1,file,1499,0600,508,20,540835085,common-installed-snapshot,unclassified-installed-snapshot,S8000-2.tar,usr/man/man1/regcmp.1,4c7589e65c94603b465041f2ede5e9bea8feba190d51b8872536d9689e70c630,metadata from modern tar wrapper
/usr/man/man1/rehash.1C,file,632,0600,508,20,540835094,common-installed-snapshot,unclassified-installed-snapshot,S8000-2.tar,usr/man/man1/rehash.1C,e4965fb3e1bc3259ad3ae9cae32c9f3ef92dba3d7d4a8837574008da0601c8cb,metadata from modern tar wrapper
/usr/man/man1/remote.1,file,1428,0600,508,20,540835096,common-installed-snapshot,unclassified-installed-snapshot,S8000-2.tar,usr/man/man1/remote.1,8991255656ca15ac8e090bfc04fa4ad2e1e284937d5ae3bde00033da0d305d3c,metadata from modern tar wrapper
/usr/man/man1/repeat.1C,file,466,0600,508,20,540835096,common-installed-snapshot,unclassified-installed-snapshot,S8000-2.tar,usr/man/man1/repeat.1C,3b06f1e5b0d381ef2b02e0771d486b6e26e0f670440d7c14512d3b7c5fae112b,metadata from modern tar wrapper
/usr/man/man1/reserv.1,file,3426,0600,508,20,540835096,common-installed-snapshot,unclassified-installed-snapshot,S8000-2.tar,usr/man/man1/reserv.1,4ed955ea16f63946c9f472d33b21690534c55ca99ca1d33688c85581af2cc9e4,metadata from modern tar wrapper
/usr/man/man1/reset.1,file,684,0600,508,20,540835097,common-installed-snapshot,unclassified-installed-snapshot,S8000-2.tar,usr/man/man1/reset.1,929bde83f5c8dd0807bc8577a82089f03bc7fa7a62c2f01024a9b76305003c75,metadata from modern tar wrapper
/usr/man/man1/rm.1,file,1422,0600,508,20,540835097,common-installed-snapshot,unclassified-installed-snapshot,S8000-2.tar,usr/man/man1/rm.1,3bbff73b6ebcdb3455eed4c51ad4d09ab151253d9d50053b81a6114caee80515,metadata from modern tar wrapper
/usr/man/man1/rmdel.1,file,1674,0600,508,20,540835097,common-installed-snapshot,unclassified-installed-snapshot,S8000-2.tar,usr/man/man1/rmdel.1,f4dd7fb80899637832ec7991b3c2c09c6a8fe2079e106dd8501d429025a94051,metadata from modern tar wrapper
/usr/man/man1/rsh.1,file,1742,0600,508,20,540835097,common-installed-snapshot,unclassified-installed-snapshot,S8000-2.tar,usr/man/man1/rsh.1,7d811fa17b3be03615925c25a28e59fc41c9c87d7a2a40d7bca6a97dea697935,metadata from modern tar wrapper
/usr/man/man1/sact.1,file,1479,0600,508,20,540835098,common-installed-snapshot,unclassified-installed-snapshot,S8000-2.tar,usr/man/man1/sact.1,bec1917bfdf2153dadc58aeb194153cc211415d372f7ab0f466ca4112bff2e95,metadata from modern tar wrapper
/usr/man/man1/scc.1,file,8025,0600,508,20,540835098,common-installed-snapshot,unclassified-installed-snapshot,S8000-2.tar,usr/man/man1/scc.1,37a77a46b9d8f5f6ea0acf5ed949175471393301610c53a28659bffc50d1311c,metadata from modern tar wrapper
/usr/man/man1/sccsdiff.1,file,1223,0600,508,20,540835098,common-installed-snapshot,unclassified-installed-snapshot,S8000-2.tar,usr/man/man1/sccsdiff.1,0acc0085753d9c2a5a9bd5b762b55d28152a05385ce0fa6d2bb36b8c8480179b,metadata from modern tar wrapper
/usr/man/man1/script.1,file,2328,0600,508,20,540835099,common-installed-snapshot,unclassified-installed-snapshot,S8000-2.tar,usr/man/man1/script.1,b437bc15ab90b452702811b4733ff8710df8db893587f9d98a02284b950368ba,metadata from modern tar wrapper
/usr/man/man1/sdiff.1,file,3390,0600,508,20,540835099,common-installed-snapshot,unclassified-installed-snapshot,S8000-2.tar,usr/man/man1/sdiff.1,b52b347729a933f2989dc68529bfe33c6ff64e168e4e5d748c41d3d33ced73cf,metadata from modern tar wrapper
/usr/man/man1/sed.1,file,6141,0600,508,20,540835100,common-installed-snapshot,unclassified-installed-snapshot,S8000-2.tar,usr/man/man1/sed.1,212a0496e2cb074feb5edeb7af5f1c1ac1e3e1c64b39f39fcdf6d74c738673f9,metadata from modern tar wrapper
/usr/man/man1/send.1,file,2602,0600,508,20,540835101,common-installed-snapshot,unclassified-installed-snapshot,S8000-2.tar,usr/man/man1/send.1,d38d6cafdff6394555497937881364dd168fbc22f47825c16a273d9ff252edd2,metadata from modern tar wrapper
/usr/man/man1/set.1C,file,710,0600,508,20,540835101,common-installed-snapshot,unclassified-installed-snapshot,S8000-2.tar,usr/man/man1/set.1C,acae7cc58b48529b4ccf1522157d7325c95a889c523955e29573c5558d496e97,metadata from modern tar wrapper
/usr/man/man1/setenv.1C,file,557,0600,508,20,540835102,common-installed-snapshot,unclassified-installed-snapshot,S8000-2.tar,usr/man/man1/setenv.1C,263eabcc139abda02be2bc5dd6fc50aab7cbb25ec9cd15912766ba07e3e9f8f1,metadata from modern tar wrapper
/usr/man/man1/sh.1,file,23200,0600,508,20,540835104,common-installed-snapshot,unclassified-installed-snapshot,S8000-2.tar,usr/man/man1/sh.1,a7b13734a35afb3eed47a8d0d28b7cd2adf422268709e3e968dc0bceb135cd7c,metadata from modern tar wrapper
/usr/man/man1/size.1,file,593,0600,508,20,540835104,common-installed-snapshot,unclassified-installed-snapshot,S8000-2.tar,usr/man/man1/size.1,ceb29f71004700682d38241715974015ae720f7a73059aa6226f932d7f556044,metadata from modern tar wrapper
/usr/man/man1/sld.1,file,26704,0600,508,20,540835107,common-installed-snapshot,unclassified-installed-snapshot,S8000-2.tar,usr/man/man1/sld.1,a1b4e2787e1258836291224145a3a0cd9adb64927d00d76c3dad691a3ba85d85,metadata from modern tar wrapper
/usr/man/man1/sleep.1,file,556,0600,508,20,540835108,common-installed-snapshot,unclassified-installed-snapshot,S8000-2.tar,usr/man/man1/sleep.1,95757e64a5dce616c7573d1f9c1da66e3130965b42a3f32a40ac7bdf298f38ff,metadata from modern tar wrapper
/usr/man/man1/slink.1,file,3582,0600,508,20,540835109,common-installed-snapshot,unclassified-installed-snapshot,S8000-2.tar,usr/man/man1/slink.1,5b280d272a0f34554cb7c43fc601b4ac0c0b3ef7ef8367a0887c297a30bb79a5,metadata from modern tar wrapper
/usr/man/man1/sort.1,file,3884,0600,508,20,540835109,common-installed-snapshot,unclassified-installed-snapshot,S8000-2.tar,usr/man/man1/sort.1,3a25ead000112259e9a34dafef15d1e0bd2e0d16487bb1c06db6ad86dce40b63,metadata from modern tar wrapper
/usr/man/man1/source.1C,file,642,0600,508,20,540835110,common-installed-snapshot,unclassified-installed-snapshot,S8000-2.tar,usr/man/man1/source.1C,721cb487211d845135510f460f1ecdd9803bd7dc3078880ff254c4a6088d2b6a,metadata from modern tar wrapper
/usr/man/man1/spell.1,file,3107,0600,508,20,540835110,common-installed-snapshot,unclassified-installed-snapshot,S8000-2.tar,usr/man/man1/spell.1,924d8069498a2a01cbaea8b9f791269c13f56ab320d7221538ce8fa87accaeb1,metadata from modern tar wrapper
/usr/man/man1/split.1,file,1187,0600,508,20,540835111,common-installed-snapshot,unclassified-installed-snapshot,S8000-2.tar,usr/man/man1/split.1,509f3eb65fbb9f4f3cd7844e02c076be3114eea3d59c1610e7edcee0aea55b7d,metadata from modern tar wrapper
/usr/man/man1/sprof.1,file,1240,0600,508,20,540835111,common-installed-snapshot,unclassified-installed-snapshot,S8000-2.tar,usr/man/man1/sprof.1,ad2d95e2c01c8df42411453ea2180c1deded445c0c31bbbe87be3a32a6c74aaa,metadata from modern tar wrapper
/usr/man/man1/strings.1,file,1755,0600,508,20,540835112,common-installed-snapshot,unclassified-installed-snapshot,S8000-2.tar,usr/man/man1/strings.1,1154e80c87d8f8418330fcf74edb44eb41463570ad3c533cf9fb211760626569,metadata from modern tar wrapper
/usr/man/man1/strip.1,file,947,0600,508,20,540835112,common-installed-snapshot,unclassified-installed-snapshot,S8000-2.tar,usr/man/man1/strip.1,7f94f87a531be319745aa76332303fa4f79ecc5b33c8c9e51a5e84863b62b89f,metadata from modern tar wrapper
/usr/man/man1/stty.1,file,6789,0600,508,20,540835113,common-installed-snapshot,unclassified-installed-snapshot,S8000-2.tar,usr/man/man1/stty.1,13e4913679036f27a794f2473ab319c0aa6d1a4e3d742a84788fbdee3e082c17,metadata from modern tar wrapper
/usr/man/man1/su.1,file,1410,0600,508,20,540835113,common-installed-snapshot,unclassified-installed-snapshot,S8000-2.tar,usr/man/man1/su.1,3077c70ce8b482ffd721009d7c7fbc76e408090d4f51478553cd4f9f62e42abf,metadata from modern tar wrapper
/usr/man/man1/sum.1,file,673,0600,508,20,540835114,common-installed-snapshot,unclassified-installed-snapshot,S8000-2.tar,usr/man/man1/sum.1,b00df67855b4b39c3a8700ae801f4e98e9db5f679b08477acfbff6b9d69083dd,metadata from modern tar wrapper
/usr/man/man1/switch.1C,file,1307,0600,508,20,540835114,common-installed-snapshot,unclassified-installed-snapshot,S8000-2.tar,usr/man/man1/switch.1C,2fbada914cc4eb2a76c26261562ef2a72b8b5e080bd34e4aa6fabca3730f00de,metadata from modern tar wrapper
/usr/man/man1/tabs.1,file,5973,0600,508,20,540835115,common-installed-snapshot,unclassified-installed-snapshot,S8000-2.tar,usr/man/man1/tabs.1,c2a55318bb571288e1a5aca20323a917d8681b540f1ca69b8cbc92490c93497c,metadata from modern tar wrapper
/usr/man/man1/tail.1,file,1686,0600,508,20,540835115,common-installed-snapshot,unclassified-installed-snapshot,S8000-2.tar,usr/man/man1/tail.1,6b52c749263b4a9115ef62110a9ca079e45b2a2ae14f72604bb286dbd52d9a1b,metadata from modern tar wrapper
/usr/man/man1/talk.1,file,1820,0600,508,20,540835116,common-installed-snapshot,unclassified-installed-snapshot,S8000-2.tar,usr/man/man1/talk.1,a939b89602a3e4faa9ad49e1b722f041c8a99fec1050a8bb8ff327d7e4cbac95,metadata from modern tar wrapper
/usr/man/man1/tar.1,file,5086,0600,508,20,540835117,common-installed-snapshot,unclassified-installed-snapshot,S8000-2.tar,usr/man/man1/tar.1,d1c14cd89b04705b7bbc86603c6b565a0bf5362a3bc0dcf33abfa87aec142be6,metadata from modern tar wrapper
/usr/man/man1/tbl.1,file,1651,0600,508,20,540835117,common-installed-snapshot,unclassified-installed-snapshot,S8000-2.tar,usr/man/man1/tbl.1,0d660adefa425679cd00302ff11f4981bfa238c0c00a427b87119ef49071f7ad,metadata from modern tar wrapper
/usr/man/man1/tee.1,file,679,0600,508,20,540835117,common-installed-snapshot,unclassified-installed-snapshot,S8000-2.tar,usr/man/man1/tee.1,37878acf6ac5ae0b5c712de4611bea30309a5907dbd307654fb9e9cae0417e95,metadata from modern tar wrapper
/usr/man/man1/test.1,file,2419,0600,508,20,540835118,common-installed-snapshot,unclassified-installed-snapshot,S8000-2.tar,usr/man/man1/test.1,b82333c0579da92f2ad22414a472344b9bb31f49de00189a057147defd3b2015,metadata from modern tar wrapper
/usr/man/man1/time.1,file,1078,0600,508,20,540835118,common-installed-snapshot,unclassified-installed-snapshot,S8000-2.tar,usr/man/man1/time.1,1bf30ba7969a4728942a8da23257859656d544eaee21e7da7fb4c8a88fd55a9f,metadata from modern tar wrapper
/usr/man/man1/time.1C,file,1120,0600,508,20,540835118,common-installed-snapshot,unclassified-installed-snapshot,S8000-2.tar,usr/man/man1/time.1C,9b1ef20f76a494de2239b7504aaf9ceb1d556cb3b803ff91a080865e7f63beb7,metadata from modern tar wrapper
/usr/man/man1/timex.1,file,751,0600,508,20,540835119,common-installed-snapshot,unclassified-installed-snapshot,S8000-2.tar,usr/man/man1/timex.1,c05084281235f59cde30d687bc71d5e416c5d23de295808fd7d9e4154f1040a6,metadata from modern tar wrapper
/usr/man/man1/touch.1,file,1698,0600,508,20,540835119,common-installed-snapshot,unclassified-installed-snapshot,S8000-2.tar,usr/man/man1/touch.1,8713ae7b42a99aef9eb1ed8dabb7c16042cc178fd6e60a0ad3d7f35813cd3031,metadata from modern tar wrapper
/usr/man/man1/tr.1,file,1957,0600,508,20,540835120,common-installed-snapshot,unclassified-installed-snapshot,S8000-2.tar,usr/man/man1/tr.1,f841e00be0e0402ad672dcda2aa3d90370c49bdd49f8c8a6c4da3fec8514a367,metadata from modern tar wrapper
/usr/man/man1/troff.1,file,6557,0600,508,20,540835121,common-installed-snapshot,unclassified-installed-snapshot,S8000-2.tar,usr/man/man1/troff.1,7db603d25d46d9a6c57b59f9556898a182cfcdeb46f0648a5f534c1414a374d4,metadata from modern tar wrapper
/usr/man/man1/true.1,file,648,0600,508,20,540835121,common-installed-snapshot,unclassified-installed-snapshot,S8000-2.tar,usr/man/man1/true.1,1510ea14440c233e3db244c5b18e180920a7b3153e0f90039670a03f0d2bf1ce,metadata from modern tar wrapper
/usr/man/man1/tsort.1,file,664,0600,508,20,540835121,common-installed-snapshot,unclassified-installed-snapshot,S8000-2.tar,usr/man/man1/tsort.1,5b2f6bb615eda7d6e1cdf8ee476b616ca6a340a39e8dd2192a1c751c0638dd9c,metadata from modern tar wrapper
/usr/man/man1/tty.1,file,334,0600,508,20,540835122,common-installed-snapshot,unclassified-installed-snapshot,S8000-2.tar,usr/man/man1/tty.1,ff21c2bcd792c3b5cf28568a9ff5c56150e66a182774014fae7219989ec37e7c,metadata from modern tar wrapper
/usr/man/man1/umask.1C,file,2200,0600,508,20,540835122,common-installed-snapshot,unclassified-installed-snapshot,S8000-2.tar,usr/man/man1/umask.1C,8e4c026ab7163ab312da3f51788e1fbb8f22dd1ac4c20864c4c985200f002b13,metadata from modern tar wrapper
/usr/man/man1/uname.1,file,663,0600,508,20,540835123,common-installed-snapshot,unclassified-installed-snapshot,S8000-2.tar,usr/man/man1/uname.1,302ce76ffbf6b242a0fb02db4f3bd391d4094543e6f163cdc141e27017319c6a,metadata from modern tar wrapper
/usr/man/man1/unget.1,file,1536,0600,508,20,540835124,common-installed-snapshot,unclassified-installed-snapshot,S8000-2.tar,usr/man/man1/unget.1,3e913be32298ba0e1cebfb626956b17731b98f800ead91809587bdd2ecfc6dcf,metadata from modern tar wrapper
/usr/man/man1/uniq.1,file,1348,0600,508,20,540835124,common-installed-snapshot,unclassified-installed-snapshot,S8000-2.tar,usr/man/man1/uniq.1,84d7ba4e2e3b2b215ad55b16ec48cb02e3709c046436b5b36b75c4d7a24f4d48,metadata from modern tar wrapper
/usr/man/man1/units.1,file,1576,0600,508,20,540835124,common-installed-snapshot,unclassified-installed-snapshot,S8000-2.tar,usr/man/man1/units.1,58137f792b9a449df400412c93b9d615bf72eb25724bd580cd4ef5f08b48b59a,metadata from modern tar wrapper
/usr/man/man1/unsetenv.1C,file,461,0600,508,20,540835125,common-installed-snapshot,unclassified-installed-snapshot,S8000-2.tar,usr/man/man1/unsetenv.1C,93dd4308172fade6770be7d0052c478611dc425f971700888c60230237543aa9,metadata from modern tar wrapper
/usr/man/man1/users.1,file,376,0600,508,20,540835125,common-installed-snapshot,unclassified-installed-snapshot,S8000-2.tar,usr/man/man1/users.1,322c9f08880c1715eb79c28f80831c33f421ff012e2c52d3891a26bc933977f3,metadata from modern tar wrapper
/usr/man/man1/uucp.1,file,3967,0600,508,20,540835125,common-installed-snapshot,unclassified-installed-snapshot,S8000-2.tar,usr/man/man1/uucp.1,020122f418cf578269d22c9e0d3af3a38a45d78b8e39278f2b85c638c93944a7,metadata from modern tar wrapper
/usr/man/man1/uulog.1,file,129,0600,508,20,540835125,common-installed-snapshot,unclassified-installed-snapshot,S8000-2.tar,usr/man/man1/uulog.1,d39ee6157656d3248b6f2ab8b9394743731bdd902056f8050bf287159cffcb45,metadata from modern tar wrapper
/usr/man/man1/uuname.1,file,133,0600,508,20,540835126,common-installed-snapshot,unclassified-installed-snapshot,S8000-2.tar,usr/man/man1/uuname.1,d58e2c7abe634ec4976fa02d9fa23147112c0915a8de595df6cb3a09d683612c,metadata from modern tar wrapper
/usr/man/man1/uupick.1,file,132,0600,508,20,540835126,common-installed-snapshot,unclassified-installed-snapshot,S8000-2.tar,usr/man/man1/uupick.1,aebb3d030bd18d00132bb94931397c6c64a9473addd3807fb4285d4a23fb481a,metadata from modern tar wrapper
/usr/man/man1/uustat.1,file,3263,0600,508,20,540835127,common-installed-snapshot,unclassified-installed-snapshot,S8000-2.tar,usr/man/man1/uustat.1,a4d160a741776ef11cad52153bb7f2b24325dd9a14d211b5093e994b1aaf6182,metadata from modern tar wrapper
/usr/man/man1/uuto.1,file,2408,0600,508,20,540835127,common-installed-snapshot,unclassified-installed-snapshot,S8000-2.tar,usr/man/man1/uuto.1,5b8a7c418ecad2fd8a270157185f8e03af6419b9501a14b90ab7cb0e63d918aa,metadata from modern tar wrapper
/usr/man/man1/uux.1,file,2548,0600,508,20,540835127,common-installed-snapshot,unclassified-installed-snapshot,S8000-2.tar,usr/man/man1/uux.1,d85efc28aadf50cec24b39e43b76fa05d1bc870facc5ae88ff534c13d8b9e1e9,metadata from modern tar wrapper
/usr/man/man1/val.1,file,3045,0600,508,20,540835128,common-installed-snapshot,unclassified-installed-snapshot,S8000-2.tar,usr/man/man1/val.1,598cc618f36845d49cb65ff39343c30d0e66fe55aac6e9bdc391644c1ec34016,metadata from modern tar wrapper
/usr/man/man1/vi.1,file,3134,0600,508,20,540835128,common-installed-snapshot,unclassified-installed-snapshot,S8000-2.tar,usr/man/man1/vi.1,9a55a6efff1bcdc36597af122a43318747476d2a68301c1af05925de32120303,metadata from modern tar wrapper
/usr/man/man1/vls.1,file,1668,0600,508,20,540835128,common-installed-snapshot,unclassified-installed-snapshot,S8000-2.tar,usr/man/man1/vls.1,02617fc65db1a5241c91b93229f00227bf83c17485de28018d8167b847197a0c,metadata from modern tar wrapper
/usr/man/man1/vnews.1,file,1132,0600,508,20,540835129,common-installed-snapshot,unclassified-installed-snapshot,S8000-2.tar,usr/man/man1/vnews.1,427192ec6ae8b96d8ae6e1f9e72ce043ddd53bb1537919ace8aeb28e248490fb,metadata from modern tar wrapper
/usr/man/man1/vtzset.1,file,1962,0600,508,20,540835129,common-installed-snapshot,unclassified-installed-snapshot,S8000-2.tar,usr/man/man1/vtzset.1,d83bc8ef04d14f2e3961143b43b78b1f24d635872248e5c094e50d256f9ea3d2,metadata from modern tar wrapper
/usr/man/man1/wait.1C,file,814,0600,508,20,540835129,common-installed-snapshot,unclassified-installed-snapshot,S8000-2.tar,usr/man/man1/wait.1C,b2362d3fc6ad86b985141675771d473836cd10c522bb2f3ff215d55d99eb77da,metadata from modern tar wrapper
/usr/man/man1/wc.1,file,1483,0600,508,20,540835130,common-installed-snapshot,unclassified-installed-snapshot,S8000-2.tar,usr/man/man1/wc.1,c0988ff282e60e51363f326f813ff1e5ea7c02ab158f5e3cd9d1d7d8abde60e9,metadata from modern tar wrapper
/usr/man/man1/what.1,file,1301,0600,508,20,540835130,common-installed-snapshot,unclassified-installed-snapshot,S8000-2.tar,usr/man/man1/what.1,bd5c21f93498cb9e38ed9d13a361f07d4751091e9becc8633db53d447335a35d,metadata from modern tar wrapper
/usr/man/man1/whatis.1,file,619,0600,508,20,540835131,common-installed-snapshot,unclassified-installed-snapshot,S8000-2.tar,usr/man/man1/whatis.1,5c745c69b5f2be77ee112ae571bbe6f5c33e4e360fa7baa95df7e5b9cbc17067,metadata from modern tar wrapper
/usr/man/man1/whereis.1,file,1600,0600,508,20,540835131,common-installed-snapshot,unclassified-installed-snapshot,S8000-2.tar,usr/man/man1/whereis.1,ce512d1d1e53b64a2347ab0d6dcc7c5b0516842cee1dd37e64cbeff822df2de5,metadata from modern tar wrapper
/usr/man/man1/which.1,file,906,0600,508,20,540835131,common-installed-snapshot,unclassified-installed-snapshot,S8000-2.tar,usr/man/man1/which.1,271d2f30f35e9284cb07003b57c00795dd47a39d057c2a264eac4305d2ec588e,metadata from modern tar wrapper
/usr/man/man1/while.1C,file,1057,0600,508,20,540835132,common-installed-snapshot,unclassified-installed-snapshot,S8000-2.tar,usr/man/man1/while.1C,5eb738cb86d16112b8c880e6a37b7ce80ffd1b23d5d685fca4d06e982a1ca104,metadata from modern tar wrapper
/usr/man/man1/who.1,file,1636,0600,508,20,540835132,common-installed-snapshot,unclassified-installed-snapshot,S8000-2.tar,usr/man/man1/who.1,c94a59575aea89ad2dad0f5ff820d98dbcb6202bb7708c9e93cdbc18eeb5c6cf,metadata from modern tar wrapper
/usr/man/man1/whoami.1,file,765,0600,508,20,540835133,common-installed-snapshot,unclassified-installed-snapshot,S8000-2.tar,usr/man/man1/whoami.1,77180ab08bb3279649213522355f97110ec5819867f547cf0e1fa79dd6a4aeda,metadata from modern tar wrapper
/usr/man/man1/whodo.1,file,839,0600,508,20,540835133,common-installed-snapshot,unclassified-installed-snapshot,S8000-2.tar,usr/man/man1/whodo.1,37debb9d65b686255c936d2dd381d4a0b936e64a42703b841507b58b40b39261,metadata from modern tar wrapper
/usr/man/man1/whois.1,file,4279,0600,508,20,540835134,common-installed-snapshot,unclassified-installed-snapshot,S8000-2.tar,usr/man/man1/whois.1,0e04f840140c01cd0d32232c67df8d4c8a7400eb87a0765eda5308adf5299ded,metadata from modern tar wrapper
/usr/man/man1/write.1,file,1710,0600,508,20,540835134,common-installed-snapshot,unclassified-installed-snapshot,S8000-2.tar,usr/man/man1/write.1,9f5a5c48bc5ffa8f419162aa04e725854a4aa26c597ff81df7289c97a60c1cd2,metadata from modern tar wrapper
/usr/man/man1/xargs.1,file,5818,0600,508,20,540835135,common-installed-snapshot,unclassified-installed-snapshot,S8000-2.tar,usr/man/man1/xargs.1,81d8cfe0ed230acab4f38ed201a502f555a91ca4240cca97fe329a27454d8efa,metadata from modern tar wrapper
/usr/man/man1/xq.1,file,4033,0600,508,20,540835136,common-installed-snapshot,unclassified-installed-snapshot,S8000-2.tar,usr/man/man1/xq.1,d64afa6488ffef835a9387ec5da2d2b9439f45efd154a35f41c215f5132bbda8,metadata from modern tar wrapper
/usr/man/man1/xstr.1,file,2576,0600,508,20,540835136,common-installed-snapshot,unclassified-installed-snapshot,S8000-2.tar,usr/man/man1/xstr.1,3fccb71a02b514781445ee524a36c798c9725b9abe2922592760a0a5a8fbcb6a,metadata from modern tar wrapper
/usr/man/man1/yacc.1,file,1983,0600,508,20,540835137,common-installed-snapshot,unclassified-installed-snapshot,S8000-2.tar,usr/man/man1/yacc.1,68be3361c417d104a0c835a30d64fcde3fdd7bdc2b0d3abfb3e72ca6659bc5ec,metadata from modern tar wrapper
/usr/man/man1/zmenu.1,file,7334,0600,508,20,540835138,common-installed-snapshot,unclassified-installed-snapshot,S8000-2.tar,usr/man/man1/zmenu.1,b8b3a8d08972c65971cdf72547f1aa1ccacab851c6313eea4f3de11f9a1421f1,metadata from modern tar wrapper
/usr/man/man1/zmprint.1,file,1239,0600,508,20,540835138,common-installed-snapshot,unclassified-installed-snapshot,S8000-2.tar,usr/man/man1/zmprint.1,2721aa2e9f428dfd84f69f595e089f8fab5b5babede7cc23a9e400b9caa3404e,metadata from modern tar wrapper
/usr/man/man1/~300.1,file,4735,0600,508,20,540835139,common-installed-snapshot,unclassified-installed-snapshot,S8000-2.tar,usr/man/man1/~300.1,a45ce68f6c175ebeef41f77174b530c3f110516ae27a75c643a44bb727c58085,metadata from modern tar wrapper
/usr/man/man1/~450.1,file,2346,0600,508,20,540835140,common-installed-snapshot,unclassified-installed-snapshot,S8000-2.tar,usr/man/man1/~450.1,a9cae8159151e384234342de08176d3b4f693e1a2af9fa91c67cde20715de1d7,metadata from modern tar wrapper
/usr/man/man2,directory,0,0775,5,0,1498803204,common-installed-snapshot,base-dump-inventory,S8000-2.tar,usr/man/man2,,mode/uid/gid recovered from parent .contents
/usr/man/man2/.contents,file,1210,0664,3,0,469764545,common-installed-snapshot,base-dump-inventory,S8000-2.tar,usr/man/man2/.contents,3a8ad57036d87d6b3fd06b50ec263fcacaf74c16c583556b20ee024ff7693e6c,mode/uid/gid recovered from parent .contents
/usr/man/man2/INTRO.2,file,8926,0644,5,0,469764256,common-installed-snapshot,base-dump-inventory,S8000-2.tar,usr/man/man2/INTRO.2,8ba34abd965372bc6479ff7cdb681ea5fa01616c8fe4cbe8f69955be562dea0f,mode/uid/gid recovered from parent .contents
/usr/man/man2/access.2,file,2221,0644,5,0,469764256,common-installed-snapshot,base-dump-inventory,S8000-2.tar,usr/man/man2/access.2,6b977942b4fe107bed28845ed0cebf3bfff4fdd91c448f5d559cdd39f8400409,mode/uid/gid recovered from parent .contents
/usr/man/man2/acct.2,file,2269,0644,5,0,469764257,common-installed-snapshot,base-dump-inventory,S8000-2.tar,usr/man/man2/acct.2,64bd0604ce50c72328e6e82d9cb4ec6d19975d41524f06ffc8fbc3f1f6a263c5,mode/uid/gid recovered from parent .contents
/usr/man/man2/alarm.2,file,1088,0644,5,0,469764257,common-installed-snapshot,base-dump-inventory,S8000-2.tar,usr/man/man2/alarm.2,7902c8be898b14979c98fe3db8d740fb0ba59c5d89a74607f6fbc734d94c9627,mode/uid/gid recovered from parent .contents
/usr/man/man2/brk.2,file,2567,0644,5,0,469764257,common-installed-snapshot,base-dump-inventory,S8000-2.tar,usr/man/man2/brk.2,3c55ee0bfc93d3e9d51ab7bdc9719baf1e7a1968018318ff21b5cfda08b22674,mode/uid/gid recovered from parent .contents
/usr/man/man2/chdir.2,file,1263,0644,5,0,469764257,common-installed-snapshot,base-dump-inventory,S8000-2.tar,usr/man/man2/chdir.2,8eb4a39d574bad7fc6972b3566ccd9e83519a5db64c1171fb5ad71e599f78ea6,mode/uid/gid recovered from parent .contents
/usr/man/man2/chmod.2,file,2232,0644,5,0,469764258,common-installed-snapshot,base-dump-inventory,S8000-2.tar,usr/man/man2/chmod.2,6d1505a9c543057fbb01e0a432f9a31956b12331a3d95475dbda7985e1b1b612,mode/uid/gid recovered from parent .contents
/usr/man/man2/chown.2,file,1894,0644,5,0,469764258,common-installed-snapshot,base-dump-inventory,S8000-2.tar,usr/man/man2/chown.2,16f9915b3c456fc6ded7b0e689de4b08314b67429c996d9678a705f71290c2ee,mode/uid/gid recovered from parent .contents
/usr/man/man2/chroot.2,file,1223,0644,5,0,469764258,common-installed-snapshot,base-dump-inventory,S8000-2.tar,usr/man/man2/chroot.2,bb5826d358017e2a180e5a7df94012a20966bb91df059cb6236fe28b5c9f425e,mode/uid/gid recovered from parent .contents
/usr/man/man2/close.2,file,1147,0644,5,0,469764258,common-installed-snapshot,base-dump-inventory,S8000-2.tar,usr/man/man2/close.2,6d5f42c164ee2c559f6891ce34b0fb8ccf8a2b2afaf67eb0be5acf62b81ade74,mode/uid/gid recovered from parent .contents
/usr/man/man2/creat.2,file,2758,0644,5,0,469764258,common-installed-snapshot,base-dump-inventory,S8000-2.tar,usr/man/man2/creat.2,b81db71567507eac8f89452ac5885925c3ffc0a43afb9dd238e869195acfe7a9,mode/uid/gid recovered from parent .contents
/usr/man/man2/dup.2,file,1978,0644,5,0,469764259,common-installed-snapshot,base-dump-inventory,S8000-2.tar,usr/man/man2/dup.2,b707c83f3053d728ac0b3cd12e45916a7aca2a4018007b4aabc7c863056ce847,mode/uid/gid recovered from parent .contents
/usr/man/man2/exec.2,file,10233,0644,5,0,469764259,common-installed-snapshot,base-dump-inventory,S8000-2.tar,usr/man/man2/exec.2,0313552bf991a4de3dc144687fc4d69a2a3f6c011c2f75214f2e47616c3f3900,mode/uid/gid recovered from parent .contents
/usr/man/man2/exit.2,file,1853,0644,5,0,469764260,common-installed-snapshot,base-dump-inventory,S8000-2.tar,usr/man/man2/exit.2,90de80cca915b49571978d47a803d5336a3c128dbd430a9d9f50dc0405a6dd3b,mode/uid/gid recovered from parent .contents
/usr/man/man2/fcntl.2,file,2485,0644,5,0,469764260,common-installed-snapshot,base-dump-inventory,S8000-2.tar,usr/man/man2/fcntl.2,831b2108d3e0ade0d57540bfcb591e6b88533d221101fbab30a2ef405212a1c3,mode/uid/gid recovered from parent .contents
/usr/man/man2/fork.2,file,2045,0644,5,0,469764260,common-installed-snapshot,base-dump-inventory,S8000-2.tar,usr/man/man2/fork.2,a3053f839ced36079637433c9b28ea250e18fa5c754908f3f43f68257fe0d4b2,mode/uid/gid recovered from parent .contents
/usr/man/man2/getpid.2,file,831,0644,5,0,469764260,common-installed-snapshot,base-dump-inventory,S8000-2.tar,usr/man/man2/getpid.2,a16b770f06c2cc3301254dc30eb72b45d6d18958d1a37271d39e0d9ded9b6767,mode/uid/gid recovered from parent .contents
/usr/man/man2/getuid.2,file,903,0644,5,0,469764261,common-installed-snapshot,base-dump-inventory,S8000-2.tar,usr/man/man2/getuid.2,bcdb8138aff7111cd53ad6a1c9e5f434bcc260dfb8ce0ef606b25b8fceb29ae5,mode/uid/gid recovered from parent .contents
/usr/man/man2/ioctl.2,file,1012,0644,5,0,469764261,common-installed-snapshot,base-dump-inventory,S8000-2.tar,usr/man/man2/ioctl.2,48e7c969e2018f72232cbfe3ec4767268e68ec66c55de06b81af3350511cf51f,mode/uid/gid recovered from parent .contents
/usr/man/man2/kill.2,file,2216,0644,5,0,469764261,common-installed-snapshot,base-dump-inventory,S8000-2.tar,usr/man/man2/kill.2,b3f2e0c0eeb3bbd08d1d6923de2689391568076dc4525171113af878388ca608,mode/uid/gid recovered from parent .contents
/usr/man/man2/link.2,file,1844,0644,5,0,469764261,common-installed-snapshot,base-dump-inventory,S8000-2.tar,usr/man/man2/link.2,c07b2b0aaf75dfca8b7f99e68c838117284be599beee6d93e055d2008b925455,mode/uid/gid recovered from parent .contents
/usr/man/man2/lkdata.2,file,7797,0644,5,0,469764262,common-installed-snapshot,base-dump-inventory,S8000-2.tar,usr/man/man2/lkdata.2,486f6fa62791172c1574055539482450b80275292a1e63fd9bceb90ed3cd3bf5,mode/uid/gid recovered from parent .contents
/usr/man/man2/lock.2,file,785,0644,5,0,469764262,common-installed-snapshot,base-dump-inventory,S8000-2.tar,usr/man/man2/lock.2,882e1caf0cb8db818414084d3c62b794d23912c60b91847c65eb985d1e6ce709,mode/uid/gid recovered from parent .contents
/usr/man/man2/lseek.2,file,2027,0644,5,0,469764263,common-installed-snapshot,base-dump-inventory,S8000-2.tar,usr/man/man2/lseek.2,c730cc6a93320d7e25104adf102398c65491b2d6e394e219bc068664baad124a,mode/uid/gid recovered from parent .contents
/usr/man/man2/mdmctl.2,file,3011,0644,5,0,469764264,common-installed-snapshot,base-dump-inventory,S8000-2.tar,usr/man/man2/mdmctl.2,0599c3f1344884a1d980b2f3334008e224c78e2d6f925f1761770cbafe579e07,mode/uid/gid recovered from parent .contents
/usr/man/man2/mknod.2,file,2953,0644,5,0,469764264,common-installed-snapshot,base-dump-inventory,S8000-2.tar,usr/man/man2/mknod.2,46e5094f16c4cc3824e35efb97d1048341447c8c435b2a49440a6d9ad5496d16,mode/uid/gid recovered from parent .contents
/usr/man/man2/mkseg.2,file,1262,0644,5,0,469764264,common-installed-snapshot,base-dump-inventory,S8000-2.tar,usr/man/man2/mkseg.2,dde784afea6a1cd1c17f9330aaba1a5f77ece10cd5847d70142c7f7fb97a1297,mode/uid/gid recovered from parent .contents
/usr/man/man2/mount.2,file,2749,0644,5,0,469764264,common-installed-snapshot,base-dump-inventory,S8000-2.tar,usr/man/man2/mount.2,a417f9d0176575bbcd7450aa51545e787f3ba97a2774853a93502124fd5c537e,mode/uid/gid recovered from parent .contents
/usr/man/man2/nice.2,file,1393,0644,5,0,469764264,common-installed-snapshot,base-dump-inventory,S8000-2.tar,usr/man/man2/nice.2,91e9552c2fa90cae5986d584ac3f7aa8ee9131a43437774c4ab87a9c4115368e,mode/uid/gid recovered from parent .contents
/usr/man/man2/open.2,file,4711,0644,5,0,469764265,common-installed-snapshot,base-dump-inventory,S8000-2.tar,usr/man/man2/open.2,f618644c0fff1f44cc4eb055cde6bf1098f01cf54a55c2f43c841df56e95b33a,mode/uid/gid recovered from parent .contents
/usr/man/man2/pause.2,file,802,0644,5,0,469764265,common-installed-snapshot,base-dump-inventory,S8000-2.tar,usr/man/man2/pause.2,7720a85d8499e56d54ebaafaf6e372152f17dbf223721d764ef162a88ac425c5,mode/uid/gid recovered from parent .contents
/usr/man/man2/pipe.2,file,1655,0644,5,0,469764265,common-installed-snapshot,base-dump-inventory,S8000-2.tar,usr/man/man2/pipe.2,b38f8b2ee6de4e40e89ef310447e869d606cb27430f56ff04eabb23c214a3c50,mode/uid/gid recovered from parent .contents
/usr/man/man2/profil.2,file,2428,0644,5,0,469764266,common-installed-snapshot,base-dump-inventory,S8000-2.tar,usr/man/man2/profil.2,8f9ec83ad285437308c3f07ecf279abf0cd6ccef7eb8eece34df7ffd01fcf70f,mode/uid/gid recovered from parent .contents
/usr/man/man2/ptrace.2,file,5501,0644,5,0,469764267,common-installed-snapshot,base-dump-inventory,S8000-2.tar,usr/man/man2/ptrace.2,eb3d9b2a6e3985a971e9c09329831d60f73a7b13ebaba3dca2af720a8f84ba2d,mode/uid/gid recovered from parent .contents
/usr/man/man2/read.2,file,2095,0644,5,0,469764267,common-installed-snapshot,base-dump-inventory,S8000-2.tar,usr/man/man2/read.2,414832da0793a27ac112c8ef70ca5f41419acc6aa3c5b69c75d290bcae392fba,mode/uid/gid recovered from parent .contents
/usr/man/man2/setpgrp.2,file,610,0644,5,0,469764267,common-installed-snapshot,base-dump-inventory,S8000-2.tar,usr/man/man2/setpgrp.2,06f300c736b3d56c6876db913e6969467ffe866232287ae3106d2e5a41ab2ce7,mode/uid/gid recovered from parent .contents
/usr/man/man2/setuid.2,file,1021,0644,5,0,469764268,common-installed-snapshot,base-dump-inventory,S8000-2.tar,usr/man/man2/setuid.2,7e4110c2fc6ef63d5b0c80f802fcc18d2787b105d2a49d8c0c24a7ca7ae9e922,mode/uid/gid recovered from parent .contents
/usr/man/man2/sgbrk.2,file,2228,0644,5,0,469764268,common-installed-snapshot,base-dump-inventory,S8000-2.tar,usr/man/man2/sgbrk.2,53ca4b624f4d497c0e54ba0f254bcda927d26d187143ffa7e57d0ab731d924fa,mode/uid/gid recovered from parent .contents
/usr/man/man2/sgstat.2,file,989,0644,5,0,469764268,common-installed-snapshot,base-dump-inventory,S8000-2.tar,usr/man/man2/sgstat.2,924db12984bd5293d451930d6b947432a1811ae38a95bc37cdaa92cacdefb4d0,mode/uid/gid recovered from parent .contents
/usr/man/man2/signal.2,file,11156,0644,5,0,469764271,common-installed-snapshot,base-dump-inventory,S8000-2.tar,usr/man/man2/signal.2,c016513a10ce505ae2de24a16ebacaad9ac8bf50c10f6db7aeed2c5d60f393f0,mode/uid/gid recovered from parent .contents
/usr/man/man2/stat.2,file,4177,0644,5,0,469764278,common-installed-snapshot,base-dump-inventory,S8000-2.tar,usr/man/man2/stat.2,a4e9f4449736834f88f4c55adda97914512b3d8964852c2fdf24140e1cba0479,mode/uid/gid recovered from parent .contents
/usr/man/man2/stime.2,file,784,0644,5,0,469764278,common-installed-snapshot,base-dump-inventory,S8000-2.tar,usr/man/man2/stime.2,21fbbf14704367387edcdf0366a5157c4e7ff3f545814e55a7284f0ec6832c2e,mode/uid/gid recovered from parent .contents
/usr/man/man2/sync.2,file,674,0644,5,0,469764278,common-installed-snapshot,base-dump-inventory,S8000-2.tar,usr/man/man2/sync.2,c7535869a668e70f23625aec2754eee3fcff741864a9e436a68438eae2e2cf2f,mode/uid/gid recovered from parent .contents
/usr/man/man2/time.2,file,1721,0644,5,0,469764278,common-installed-snapshot,base-dump-inventory,S8000-2.tar,usr/man/man2/time.2,806ab9606cbc535914df338009f340d9e0f64774aae6db13601299ff817579f2,mode/uid/gid recovered from parent .contents
/usr/man/man2/times.2,file,1732,0644,5,0,469764279,common-installed-snapshot,base-dump-inventory,S8000-2.tar,usr/man/man2/times.2,e86d660c5003084d77fea2994ecb8ba3d80ea98f1b71e12c887a6d3d6d840dc6,mode/uid/gid recovered from parent .contents
/usr/man/man2/ulimit.2,file,1420,0644,5,0,469764279,common-installed-snapshot,base-dump-inventory,S8000-2.tar,usr/man/man2/ulimit.2,00868888ff5358b5b9668c6b0a926f9a51716cb37701aaaf9f92926339a0a7ed,mode/uid/gid recovered from parent .contents
/usr/man/man2/umask.2,file,1392,0644,5,0,469764279,common-installed-snapshot,base-dump-inventory,S8000-2.tar,usr/man/man2/umask.2,77a108e655e74bbcd17afd596bdafc5a7aedb5222b8609d4e7adf8d0be38d127,mode/uid/gid recovered from parent .contents
/usr/man/man2/umount.2,file,1376,0644,5,0,469764279,common-installed-snapshot,base-dump-inventory,S8000-2.tar,usr/man/man2/umount.2,c3db87eb299fc4c9743509871411a17b1ce6a07e6cbc7a211f5ddf14a081b63f,mode/uid/gid recovered from parent .contents
/usr/man/man2/uname.2,file,1341,0644,5,0,469764280,common-installed-snapshot,base-dump-inventory,S8000-2.tar,usr/man/man2/uname.2,f5680787724b5fc401aaee0e9d8b3a24faccdc497245077f7df02be1ade2df84,mode/uid/gid recovered from parent .contents
/usr/man/man2/unlink.2,file,2101,0644,5,0,469764280,common-installed-snapshot,base-dump-inventory,S8000-2.tar,usr/man/man2/unlink.2,cb5dc560ced76a0ca48603469d4ed8462482db8928b97a87eaa211b870e2eb3c,mode/uid/gid recovered from parent .contents
/usr/man/man2/ustat.2,file,1182,0644,5,0,469764280,common-installed-snapshot,base-dump-inventory,S8000-2.tar,usr/man/man2/ustat.2,d9572453c6a755b792fffb88af9cf3f12a2be89621c3b744e63cd1124f02f13b,mode/uid/gid recovered from parent .contents
/usr/man/man2/utime.2,file,2458,0644,5,0,469764280,common-installed-snapshot,base-dump-inventory,S8000-2.tar,usr/man/man2/utime.2,84f195339c6fa637f3cbb30313889000a18a52a9934bb1a856995fe31c7b2457,mode/uid/gid recovered from parent .contents
/usr/man/man2/wait.2,file,2159,0644,5,0,469764281,common-installed-snapshot,base-dump-inventory,S8000-2.tar,usr/man/man2/wait.2,f78f966743a58d0e1554f07618b8a6125e4f442fd1a40653bf0696ef4eb6b435,mode/uid/gid recovered from parent .contents
/usr/man/man2/write.2,file,2446,0644,5,0,469764281,common-installed-snapshot,base-dump-inventory,S8000-2.tar,usr/man/man2/write.2,3d1f52e5edf83ab3fab25febae6674558483a269a9263f41148b4d75d150f24b,mode/uid/gid recovered from parent .contents
/usr/man/man3,directory,0,0775,5,0,1498803204,common-installed-snapshot,base-dump-inventory,S8000-2.tar,usr/man/man3,,mode/uid/gid recovered from parent .contents
/usr/man/man3/.contents,file,2288,0664,3,0,469764554,common-installed-snapshot,base-dump-inventory,S8000-2.tar,usr/man/man3/.contents,6a8fbdd6ead85f9d2fffe8e89b9e8b984846dfa562cb55fa82648c92d8b1a42e,mode/uid/gid recovered from parent .contents
/usr/man/man3/INTRO.3,file,1295,0644,5,0,469764283,common-installed-snapshot,base-dump-inventory,S8000-2.tar,usr/man/man3/INTRO.3,890e4f4fc321986e41ec97fb2958a48d6898d2caf8826d9699a4fc4c82321568,mode/uid/gid recovered from parent .contents
/usr/man/man3/a64l.3,file,1030,0644,5,0,469764283,common-installed-snapshot,base-dump-inventory,S8000-2.tar,usr/man/man3/a64l.3,75160109d1d797d31cec826cd9d570b0f58b6abbc1fc48753a76fd42bbc551c4,mode/uid/gid recovered from parent .contents
/usr/man/man3/abort.3,file,443,0644,5,0,469764284,common-installed-snapshot,base-dump-inventory,S8000-2.tar,usr/man/man3/abort.3,31d4940fdb448ab20b28541470024ac1e30341eaad0c99ada4abb2bb520bdd89,mode/uid/gid recovered from parent .contents
/usr/man/man3/abs.3,file,443,0644,5,0,469764284,common-installed-snapshot,base-dump-inventory,S8000-2.tar,usr/man/man3/abs.3,b2753e0093423895120e8cc02addbb41b2de8d2121a32b6d3cf451b1990e6d89,mode/uid/gid recovered from parent .contents
/usr/man/man3/aculib.3,file,3336,0644,5,0,469764285,common-installed-snapshot,base-dump-inventory,S8000-2.tar,usr/man/man3/aculib.3,1d03258cd687dc4a10cc6a729203c5a573d5e12c0e973853ed2ae419ed40152a,mode/uid/gid recovered from parent .contents
/usr/man/man3/assert.3,file,717,0644,5,0,469764285,common-installed-snapshot,base-dump-inventory,S8000-2.tar,usr/man/man3/assert.3,28adf47baa64cbdea0dfd7779c258c876c26c82814bae83721399bfb60470fc8,mode/uid/gid recovered from parent .contents
/usr/man/man3/atof.3,file,1892,0644,5,0,469764285,common-installed-snapshot,base-dump-inventory,S8000-2.tar,usr/man/man3/atof.3,879d2cd5f275954c3415d2bd3fa196a4002c374e89a61440c4b66190dfa78fb4,mode/uid/gid recovered from parent .contents
/usr/man/man3/bsearch.3,file,1291,0644,5,0,469764285,common-installed-snapshot,base-dump-inventory,S8000-2.tar,usr/man/man3/bsearch.3,6b24d31a204e0437fa70be98f774c1424a2aa5e700ebb61459cf4961d83ce1d1,mode/uid/gid recovered from parent .contents
/usr/man/man3/conv.3,file,1501,0644,5,0,469764287,common-installed-snapshot,base-dump-inventory,S8000-2.tar,usr/man/man3/conv.3,2573681376812ba8f764b04bbe8cde8ba530ab226ae08b36b1936e523c91f545,mode/uid/gid recovered from parent .contents
/usr/man/man3/crypt.3,file,1629,0644,5,0,469764287,common-installed-snapshot,base-dump-inventory,S8000-2.tar,usr/man/man3/crypt.3,469d00dd4e500a36230f9bebf6eb8f39c7ea39e0bbd81ab7abf62e8461fb62d4,mode/uid/gid recovered from parent .contents
/usr/man/man3/ctermid.3,file,1291,0644,5,0,469764287,common-installed-snapshot,base-dump-inventory,S8000-2.tar,usr/man/man3/ctermid.3,a134027f856939b9e5fbe8c1bcb5ee160d740dea5bd63363c885f22c5e762177,mode/uid/gid recovered from parent .contents
/usr/man/man3/ctime.3,file,3273,0644,5,0,469764288,common-installed-snapshot,base-dump-inventory,S8000-2.tar,usr/man/man3/ctime.3,cf115c3cf27d3bd257fd707b332181c605b16d507a06ff0b200491096d2c6fe4,mode/uid/gid recovered from parent .contents
/usr/man/man3/ctype.3,file,1522,0644,5,0,469764288,common-installed-snapshot,base-dump-inventory,S8000-2.tar,usr/man/man3/ctype.3,02fdb46a976e0214a692d2d40697c604e47bd75c0cd528be838849ad69344fc5,mode/uid/gid recovered from parent .contents
/usr/man/man3/curses.3,file,3036,0644,5,0,469764289,common-installed-snapshot,base-dump-inventory,S8000-2.tar,usr/man/man3/curses.3,57894a250a5654052efbf6fdf9ac1b6b8f760b97633ebd770e8c123d9d036a87,mode/uid/gid recovered from parent .contents
/usr/man/man3/cuserid.3,file,1130,0644,5,0,469764289,common-installed-snapshot,base-dump-inventory,S8000-2.tar,usr/man/man3/cuserid.3,9a984d96efa62fa007cfb4436f86f65487918d9bb85483328846b9dc3d2b6448,mode/uid/gid recovered from parent .contents
/usr/man/man3/dial.3,file,5674,0644,5,0,469764290,common-installed-snapshot,base-dump-inventory,S8000-2.tar,usr/man/man3/dial.3,f0901db2899783274ee5ef27fa724e92284eb3efb01f39843efbee7d329070bc,mode/uid/gid recovered from parent .contents
/usr/man/man3/disasm.3,file,5388,0644,5,0,469764290,common-installed-snapshot,base-dump-inventory,S8000-2.tar,usr/man/man3/disasm.3,22052cd83bfbc9c137e573cf29891d33aaf20373e835d7e52f234ca098972f99,mode/uid/gid recovered from parent .contents
/usr/man/man3/dm.3,file,3845,0644,5,0,469764291,common-installed-snapshot,base-dump-inventory,S8000-2.tar,usr/man/man3/dm.3,b19b4907294e9124e8332b8982029117fa474859381ba6a5d18a3c5ab1edfdfe,mode/uid/gid recovered from parent .contents
/usr/man/man3/ecvt.3,file,1693,0644,5,0,469764291,common-installed-snapshot,base-dump-inventory,S8000-2.tar,usr/man/man3/ecvt.3,763d8f5044db5efd4dd1ccf61b0450089b7c63feafe4049299e7c6cfd0387baf,mode/uid/gid recovered from parent .contents
/usr/man/man3/end.3,file,790,0644,5,0,469764291,common-installed-snapshot,base-dump-inventory,S8000-2.tar,usr/man/man3/end.3,16e3287dfff4f730f228d3535df41d0fe2127aa1697faf47d6e6548480c48792,mode/uid/gid recovered from parent .contents
/usr/man/man3/exp.3,file,1178,0644,5,0,469764291,common-installed-snapshot,base-dump-inventory,S8000-2.tar,usr/man/man3/exp.3,e3ff98205de76f67bfc080aa6c5ce0fc4fe2a640b6f8c02e3d74710f23c81439,mode/uid/gid recovered from parent .contents
/usr/man/man3/fclose.3,file,872,0644,5,0,469764292,common-installed-snapshot,base-dump-inventory,S8000-2.tar,usr/man/man3/fclose.3,cc8d3b190d5264661d2136b434b405db75de85157b80ebdbd03d38122fa3ebbd,mode/uid/gid recovered from parent .contents
/usr/man/man3/ferror.3,file,1203,0644,5,0,469764292,common-installed-snapshot,base-dump-inventory,S8000-2.tar,usr/man/man3/ferror.3,23fb6e438b46f2a580dd5a02bdd0c007ff865aa7ca910bbaecb2900658d35635,mode/uid/gid recovered from parent .contents
/usr/man/man3/floor.3,file,764,0644,5,0,469764292,common-installed-snapshot,base-dump-inventory,S8000-2.tar,usr/man/man3/floor.3,2e3ce0bdfcd44d038ee2c82ed88c6e3b72e2b67609bee352700c15e45d4a5c57,mode/uid/gid recovered from parent .contents
/usr/man/man3/fopen.3,file,2136,0644,5,0,469764292,common-installed-snapshot,base-dump-inventory,S8000-2.tar,usr/man/man3/fopen.3,fbf9e882387536364ffee7c886dcdb9d04946e2467f01169b43f529cd66b92d3,mode/uid/gid recovered from parent .contents
/usr/man/man3/fread.3,file,963,0644,5,0,469764293,common-installed-snapshot,base-dump-inventory,S8000-2.tar,usr/man/man3/fread.3,18a790dad60e34165a2c53872b4025cff1df6f5a0fd5de1b480984400d465352,mode/uid/gid recovered from parent .contents
/usr/man/man3/frexp.3,file,813,0644,5,0,469764294,common-installed-snapshot,base-dump-inventory,S8000-2.tar,usr/man/man3/frexp.3,f14218bec2c4c160116145b94b6b2c4e8e9c6a2f2c630cbaf0340915968be842,mode/uid/gid recovered from parent .contents
/usr/man/man3/fseek.3,file,1155,0644,5,0,469764294,common-installed-snapshot,base-dump-inventory,S8000-2.tar,usr/man/man3/fseek.3,f67b1464493d78d6c44b6d86b9ad9a8d747f81355e9b91135f40263812fed9ed,mode/uid/gid recovered from parent .contents
/usr/man/man3/gamma.3,file,712,0644,5,0,469764294,common-installed-snapshot,base-dump-inventory,S8000-2.tar,usr/man/man3/gamma.3,47de657a345e5ed4bd4920e731eafff567dbf8881d8a035247bcf88bc7e453f7,mode/uid/gid recovered from parent .contents
/usr/man/man3/getc.3,file,1544,0644,5,0,469764294,common-installed-snapshot,base-dump-inventory,S8000-2.tar,usr/man/man3/getc.3,30875e30f7d0019bc15b1481814c1659c1d34dc92a72891e1e0b51fa3676da3f,mode/uid/gid recovered from parent .contents
/usr/man/man3/getenv.3,file,453,0644,5,0,469764294,common-installed-snapshot,base-dump-inventory,S8000-2.tar,usr/man/man3/getenv.3,04959873090bb6a06b825313bd10d143f6dd8ad1b09c639d083b457944286711,mode/uid/gid recovered from parent .contents
/usr/man/man3/getgrent.3,file,2039,0644,5,0,469764295,common-installed-snapshot,base-dump-inventory,S8000-2.tar,usr/man/man3/getgrent.3,e253f0720bef0121af7b41ce48e69ab8c5d0df11b0fa18f21dbb704ce5676f7d,mode/uid/gid recovered from parent .contents
/usr/man/man3/getlogin.3,file,854,0644,5,0,469764295,common-installed-snapshot,base-dump-inventory,S8000-2.tar,usr/man/man3/getlogin.3,3b35213e0c2329c70297e46c9cc82bc7680a44d0eef960ef300ee0b7621888fa,mode/uid/gid recovered from parent .contents
/usr/man/man3/getopt.3,file,2569,0644,5,0,469764295,common-installed-snapshot,base-dump-inventory,S8000-2.tar,usr/man/man3/getopt.3,611de4279bab5658271659a198d4e43276c94d4045f6bab2d297227c4098886c,mode/uid/gid recovered from parent .contents
/usr/man/man3/getpass.3,file,655,0644,5,0,469764295,common-installed-snapshot,base-dump-inventory,S8000-2.tar,usr/man/man3/getpass.3,8c1a401b9a7bad36bab7a3bf56cb1bae82b4643dbe7a2eb9424138badf468c8b,mode/uid/gid recovered from parent .contents
/usr/man/man3/getpw.3,file,534,0644,5,0,469764295,common-installed-snapshot,base-dump-inventory,S8000-2.tar,usr/man/man3/getpw.3,c1d3243ccef2c24e5b37c41694ec1cac1dc6f578ea9edafc4e9cae87acb5f0a5,mode/uid/gid recovered from parent .contents
/usr/man/man3/getpwent.3,file,1562,0644,5,0,469764295,common-installed-snapshot,base-dump-inventory,S8000-2.tar,usr/man/man3/getpwent.3,91d3175cf6638686aecef97f950d518aec7575970c641eb97f14ec09dbedf6fa,mode/uid/gid recovered from parent .contents
/usr/man/man3/gets.3,file,1021,0644,5,0,469764296,common-installed-snapshot,base-dump-inventory,S8000-2.tar,usr/man/man3/gets.3,de68b94a5d84a0bfccac7e13788de8bfe5bcb573afba9f062b7072b0a8c30375,mode/uid/gid recovered from parent .contents
/usr/man/man3/goodmagic.3,file,860,0644,5,0,469764296,common-installed-snapshot,base-dump-inventory,S8000-2.tar,usr/man/man3/goodmagic.3,fd54b618216e85976bfe07821da8ae328198e85853f9b4f45af93ddd162a7df6,mode/uid/gid recovered from parent .contents
/usr/man/man3/hypot.3,file,475,0644,5,0,469764296,common-installed-snapshot,base-dump-inventory,S8000-2.tar,usr/man/man3/hypot.3,22e5756a5162bd29a2290d01a32a591eb106ce6e02f75c9ebeffa7f45eda77c2,mode/uid/gid recovered from parent .contents
/usr/man/man3/isaddindex.3,file,966,0644,5,0,469764296,common-installed-snapshot,base-dump-inventory,S8000-2.tar,usr/man/man3/isaddindex.3,2c762cd12d97df2410aba0cfdc8c9c9ff1594229054b822b5cb0f25994fcc473,mode/uid/gid recovered from parent .contents
/usr/man/man3/isaudit.3,file,2901,0644,5,0,469764296,common-installed-snapshot,base-dump-inventory,S8000-2.tar,usr/man/man3/isaudit.3,578c7285b30da2232175d658cf45f2109c607aad74460f7443c72a933c8a8b7d,mode/uid/gid recovered from parent .contents
/usr/man/man3/isbuild.3,file,1695,0644,5,0,469764297,common-installed-snapshot,base-dump-inventory,S8000-2.tar,usr/man/man3/isbuild.3,3c408eee096ca5727ff07b9749211732901752b966dcd3fc17c67d21f479e53a,mode/uid/gid recovered from parent .contents
/usr/man/man3/isclose.3,file,571,0644,5,0,469764297,common-installed-snapshot,base-dump-inventory,S8000-2.tar,usr/man/man3/isclose.3,4910b5c93a39ed0bc7d6b9636beac8b74b260fcfd84842742afba8a2d6bc75c6,mode/uid/gid recovered from parent .contents
/usr/man/man3/isdelete.3,file,1240,0644,5,0,469764297,common-installed-snapshot,base-dump-inventory,S8000-2.tar,usr/man/man3/isdelete.3,de3debf6b342c011f5a07851a6d593631ad9398bd7c4d4cc69755b76cd6a324b,mode/uid/gid recovered from parent .contents
/usr/man/man3/isdelindex.3,file,772,0644,5,0,469764297,common-installed-snapshot,base-dump-inventory,S8000-2.tar,usr/man/man3/isdelindex.3,d62b3a9f35fe8cccf0bd01ce672baeda7692f16cd882b2c7f81953f8aaac3300,mode/uid/gid recovered from parent .contents
/usr/man/man3/iserase.3,file,675,0644,5,0,469764297,common-installed-snapshot,base-dump-inventory,S8000-2.tar,usr/man/man3/iserase.3,33f3769e1a980c9e7e98d4bbf704018440cd9bdf48ee4c023d12cbe800bbd719,mode/uid/gid recovered from parent .contents
/usr/man/man3/isindexinfo.3,file,1498,0644,5,0,469764298,common-installed-snapshot,base-dump-inventory,S8000-2.tar,usr/man/man3/isindexinfo.3,df83f1a18ef44282ae4666752dd1ab3bced6ea9f93d89d8928f64908aad09791,mode/uid/gid recovered from parent .contents
/usr/man/man3/isld.3,file,760,0644,5,0,469764298,common-installed-snapshot,base-dump-inventory,S8000-2.tar,usr/man/man3/isld.3,501cfb783ad291a825469a2762a088b7c97fafd4a55440823dd44a07eefc1f64,mode/uid/gid recovered from parent .contents
/usr/man/man3/islock.3,file,752,0644,5,0,469764298,common-installed-snapshot,base-dump-inventory,S8000-2.tar,usr/man/man3/islock.3,394e2f72abba32a5766f17e8e6575517fb2b61b71a8ffcda2116739c84f3a304,mode/uid/gid recovered from parent .contents
/usr/man/man3/isopen.3,file,1236,0644,5,0,469764298,common-installed-snapshot,base-dump-inventory,S8000-2.tar,usr/man/man3/isopen.3,28ca3eb48e36dba7b85ce3b2c2aa42e55cca842a51075e311225a8eef6e6cea9,mode/uid/gid recovered from parent .contents
/usr/man/man3/isread.3,file,1760,0644,5,0,469764299,common-installed-snapshot,base-dump-inventory,S8000-2.tar,usr/man/man3/isread.3,dd6833b852b50b0e9b2ad2ed12ff65a13110f89d09ab35fdd43780f2b8c075f6,mode/uid/gid recovered from parent .contents
/usr/man/man3/isrelease.3,file,612,0644,5,0,469764299,common-installed-snapshot,base-dump-inventory,S8000-2.tar,usr/man/man3/isrelease.3,ac3e12496bc9da81c345c9a10922aa8ab505ece46ffa1500a5637c72c2dda150,mode/uid/gid recovered from parent .contents
/usr/man/man3/isrename.3,file,668,0644,5,0,469764299,common-installed-snapshot,base-dump-inventory,S8000-2.tar,usr/man/man3/isrename.3,af04b8ef2a21c4e93043cd525954c68db8a0306a86d08ddaf011f85bd220923c,mode/uid/gid recovered from parent .contents
/usr/man/man3/isrewrite.3,file,1287,0644,5,0,469764299,common-installed-snapshot,base-dump-inventory,S8000-2.tar,usr/man/man3/isrewrite.3,d9d4a9fa58c3c39e7593ff983d44644f65791190b48188b0131813de67a9a9ab,mode/uid/gid recovered from parent .contents
/usr/man/man3/isst.3,file,749,0644,5,0,469764300,common-installed-snapshot,base-dump-inventory,S8000-2.tar,usr/man/man3/isst.3,736f039ad730c72f5c574df135b477a57fb069dbc5273ed810d7615c7d8d093d,mode/uid/gid recovered from parent .contents
/usr/man/man3/isstart.3,file,2094,0644,5,0,469764300,common-installed-snapshot,base-dump-inventory,S8000-2.tar,usr/man/man3/isstart.3,2302ea6aca0e76ce13ff1b81815bd536e954eaf9dafd3c9f889c16e4c64edc44,mode/uid/gid recovered from parent .contents
/usr/man/man3/isuniqueid.3,file,1117,0644,5,0,469764300,common-installed-snapshot,base-dump-inventory,S8000-2.tar,usr/man/man3/isuniqueid.3,7527d165fc8781643d051899642329fcf06390ecec9ca51cfb26dc4c26267baa,mode/uid/gid recovered from parent .contents
/usr/man/man3/isunlock.3,file,524,0644,5,0,469764301,common-installed-snapshot,base-dump-inventory,S8000-2.tar,usr/man/man3/isunlock.3,25c16ee0843103ba73b5cf3839f0bd94f8b13be77e102b68a3427e58c9823c19,mode/uid/gid recovered from parent .contents
/usr/man/man3/iswrite.3,file,695,0644,5,0,469764301,common-installed-snapshot,base-dump-inventory,S8000-2.tar,usr/man/man3/iswrite.3,539c7eea24a2ee74fdde87247abe76a6a71f5193ec5b061a844c231ef2c72017,mode/uid/gid recovered from parent .contents
/usr/man/man3/j0.3,file,714,0644,5,0,469764301,common-installed-snapshot,base-dump-inventory,S8000-2.tar,usr/man/man3/j0.3,cb1130c7b863f791e82fe73b7ce03314d5d2df726de84da42ba5d9cbf7a9cd72,mode/uid/gid recovered from parent .contents
/usr/man/man3/l3tol.3,file,787,0644,5,0,469764302,common-installed-snapshot,base-dump-inventory,S8000-2.tar,usr/man/man3/l3tol.3,713568f2378342b38d17b7c4418a467d0d9fadfa2533d88efec0f77c1e6bf41a,mode/uid/gid recovered from parent .contents
/usr/man/man3/logname.3,file,477,0644,5,0,469764302,common-installed-snapshot,base-dump-inventory,S8000-2.tar,usr/man/man3/logname.3,f237ad5cb72c0195e557a10249ec5db5566297fd286e5ec101510a766f5e4792,mode/uid/gid recovered from parent .contents
/usr/man/man3/lsearch.3,file,1331,0644,5,0,469764302,common-installed-snapshot,base-dump-inventory,S8000-2.tar,usr/man/man3/lsearch.3,4f5e129afb3d4f1104dea480a244406e4dd2e82c157517c097381fa08efb1ed7,mode/uid/gid recovered from parent .contents
/usr/man/man3/malloc.3,file,2373,0644,5,0,469764302,common-installed-snapshot,base-dump-inventory,S8000-2.tar,usr/man/man3/malloc.3,926da24b043c04250ff99bd57f760e4f47658747bed423fc2b8cbc741dc6b918,mode/uid/gid recovered from parent .contents
/usr/man/man3/mktemp.3,file,599,0644,5,0,469764303,common-installed-snapshot,base-dump-inventory,S8000-2.tar,usr/man/man3/mktemp.3,53f285aba96771b78c5de6928eeaaef8ccaf01f45c33cf3ccbd0c47d93bc33c1,mode/uid/gid recovered from parent .contents
/usr/man/man3/monitor.3,file,1752,0644,5,0,469764303,common-installed-snapshot,base-dump-inventory,S8000-2.tar,usr/man/man3/monitor.3,5aa8651f6e4e61da1eaa56d3b8e0efdec94308a998491dc523dfb24bc543aa78,mode/uid/gid recovered from parent .contents
/usr/man/man3/mp.3,file,1741,0644,5,0,469764303,common-installed-snapshot,base-dump-inventory,S8000-2.tar,usr/man/man3/mp.3,c02a0ba6f27e4678e538042704f8f5b6ed211a6ffc309b140b736b3c686aee4d,mode/uid/gid recovered from parent .contents
/usr/man/man3/nlist.3,file,1275,0644,5,0,469764303,common-installed-snapshot,base-dump-inventory,S8000-2.tar,usr/man/man3/nlist.3,06bce6631f517162097c7dbd6d7eb05eb914055cdd7f9c68d8b582b8d462150f,mode/uid/gid recovered from parent .contents
/usr/man/man3/perror.3,file,1261,0644,5,0,469764303,common-installed-snapshot,base-dump-inventory,S8000-2.tar,usr/man/man3/perror.3,0e23dda3d6476e0c373967c46715a8c750c5a482fcade8632e78447116f110fe,mode/uid/gid recovered from parent .contents
/usr/man/man3/popen.3,file,1539,0644,5,0,469764304,common-installed-snapshot,base-dump-inventory,S8000-2.tar,usr/man/man3/popen.3,6a558c30bc21dedaff35d074bedb98730c340d03217c6db0cf2e3f6b91d99c3f,mode/uid/gid recovered from parent .contents
/usr/man/man3/printf.3,file,7796,0644,5,0,469764304,common-installed-snapshot,base-dump-inventory,S8000-2.tar,usr/man/man3/printf.3,8af694ad85e568dacff331716ac6788d6e9d3ec4dea0663e4448a877d3396300,mode/uid/gid recovered from parent .contents
/usr/man/man3/printf.x.3,file,7958,0644,5,0,469764305,common-installed-snapshot,base-dump-inventory,S8000-2.tar,usr/man/man3/printf.x.3,34e8da0d4383e655e38b38b2615a264b8cb0afcd005efa80cf9d5823bdf112f5,mode/uid/gid recovered from parent .contents
/usr/man/man3/putc.3,file,1852,0644,5,0,469764305,common-installed-snapshot,base-dump-inventory,S8000-2.tar,usr/man/man3/putc.3,7b3a728fd968c511e5c7722fd68dba507424c43eaaa85db723793390c975517f,mode/uid/gid recovered from parent .contents
/usr/man/man3/putpwent.3,file,676,0644,5,0,469764305,common-installed-snapshot,base-dump-inventory,S8000-2.tar,usr/man/man3/putpwent.3,569e4482d416664fce33fa4b20f540ba89d64368c04bca66f99a8fcdb209e5db,mode/uid/gid recovered from parent .contents
/usr/man/man3/puts.3,file,725,0644,5,0,469764306,common-installed-snapshot,base-dump-inventory,S8000-2.tar,usr/man/man3/puts.3,797bb1b27b43270af0e166910050fdd6abec7feb9d5df88243129b1352a0f363,mode/uid/gid recovered from parent .contents
/usr/man/man3/pwb.3,file,18146,0644,5,0,469764307,common-installed-snapshot,base-dump-inventory,S8000-2.tar,usr/man/man3/pwb.3,1d58a2d3e11891b0119e489ee65a426122cc2adf72ba2056ec6500d50053aeeb,mode/uid/gid recovered from parent .contents
/usr/man/man3/qsort.3,file,848,0644,5,0,469764307,common-installed-snapshot,base-dump-inventory,S8000-2.tar,usr/man/man3/qsort.3,de53572956393f2ec582d08b1494fbd0b16d98ea83e01d78c9af32d1ce96433c,mode/uid/gid recovered from parent .contents
/usr/man/man3/rand.3,file,552,0644,5,0,469764308,common-installed-snapshot,base-dump-inventory,S8000-2.tar,usr/man/man3/rand.3,0ee670783cc361a608c55c031dea858d49e6c52c212a0f185ca2707c1037dfc8,mode/uid/gid recovered from parent .contents
/usr/man/man3/readsym.3,file,1037,0644,5,0,469764308,common-installed-snapshot,base-dump-inventory,S8000-2.tar,usr/man/man3/readsym.3,5210989f589120cae86c47883620c58aa652a443ddc8d0bc50fd39120d0f6caf,mode/uid/gid recovered from parent .contents
/usr/man/man3/regex.3,file,4331,0644,5,0,469764308,common-installed-snapshot,base-dump-inventory,S8000-2.tar,usr/man/man3/regex.3,df9f6c5ffd5510c0f334dd4c6547b1d2c9c0e64e36c735b2de95c7a876f9f526,mode/uid/gid recovered from parent .contents
/usr/man/man3/scanf.3,file,5566,0644,5,0,469764309,common-installed-snapshot,base-dump-inventory,S8000-2.tar,usr/man/man3/scanf.3,266054faf39dd7b89f7860645ee86ce77a1890c2bc30882d332d475f8f37cb43,mode/uid/gid recovered from parent .contents
/usr/man/man3/screen.3,file,13110,0644,5,0,469764310,common-installed-snapshot,base-dump-inventory,S8000-2.tar,usr/man/man3/screen.3,3ca260aff50e31833fe9c14b65d3ab832a70204dd7c36982a61aea0ee2e15d6b,mode/uid/gid recovered from parent .contents
/usr/man/man3/segmon.3,file,2370,0644,5,0,469764310,common-installed-snapshot,base-dump-inventory,S8000-2.tar,usr/man/man3/segmon.3,165ece554838a78fa07ea370d09e0f62fbe58c860ae449906b21195049b0a580,mode/uid/gid recovered from parent .contents
/usr/man/man3/setbuf.3,file,914,0644,5,0,469764314,common-installed-snapshot,base-dump-inventory,S8000-2.tar,usr/man/man3/setbuf.3,8bb39b2e0ee3877c6b311571ec122a41c308ea1a210cd2ad1e5b5378a39b80b0,mode/uid/gid recovered from parent .contents
/usr/man/man3/setret.3,file,1113,0644,5,0,469764314,common-installed-snapshot,base-dump-inventory,S8000-2.tar,usr/man/man3/setret.3,f74411008d2b164c84deca690fbfe4e8e187854da3e19623ff6aa2cdec39a63d,mode/uid/gid recovered from parent .contents
/usr/man/man3/sin.3,file,1230,0644,5,0,469764315,common-installed-snapshot,base-dump-inventory,S8000-2.tar,usr/man/man3/sin.3,cff42a89c02ffee7e8a4f3000f2a6aa02ed3aa088dd80fea0f2ea45b55cac06a,mode/uid/gid recovered from parent .contents
/usr/man/man3/sinh.3,file,531,0644,5,0,469764315,common-installed-snapshot,base-dump-inventory,S8000-2.tar,usr/man/man3/sinh.3,c695d8c0245dfa5be7aab0e5364b47830890a4ccfd3c5178ff7d2f2cae5f0c86,mode/uid/gid recovered from parent .contents
/usr/man/man3/sleep.3,file,1711,0644,5,0,469764315,common-installed-snapshot,base-dump-inventory,S8000-2.tar,usr/man/man3/sleep.3,3bf6e2b069d9185f765993fabdc8f74a0745b892d49f86bd2a9e544e8e8c97c9,mode/uid/gid recovered from parent .contents
/usr/man/man3/ssignal.3,file,2421,0644,5,0,469764315,common-installed-snapshot,base-dump-inventory,S8000-2.tar,usr/man/man3/ssignal.3,6667f8b6b9d8e8752b699ff5f447f5c3a2b0333382649ab7b6b1677fc6af4970,mode/uid/gid recovered from parent .contents
/usr/man/man3/stdio.3,file,2157,0644,5,0,469764315,common-installed-snapshot,base-dump-inventory,S8000-2.tar,usr/man/man3/stdio.3,679baa872ce8f25099ec37d1416c34cfe3882696518bf22bc624c1fcbe082d18,mode/uid/gid recovered from parent .contents
/usr/man/man3/string.3,file,3930,0644,5,0,469764316,common-installed-snapshot,base-dump-inventory,S8000-2.tar,usr/man/man3/string.3,d4e7b616d1f8f770e4cf10296618d6b4bc6ec06d94a29d25e0091fd57e10991b,mode/uid/gid recovered from parent .contents
/usr/man/man3/swab.3,file,484,0644,5,0,469764316,common-installed-snapshot,base-dump-inventory,S8000-2.tar,usr/man/man3/swab.3,71c09a9a8a6959fa2f6cd02a9d40efef939668aae803e22bcd8d59b106978494,mode/uid/gid recovered from parent .contents
/usr/man/man3/swap.3,file,1393,0644,5,0,469764316,common-installed-snapshot,base-dump-inventory,S8000-2.tar,usr/man/man3/swap.3,1b8bfbc6a2f011f6305e86c428bf2477eb563521ea9fce215ec85208b7f09e4e,mode/uid/gid recovered from parent .contents
/usr/man/man3/symscan.3,file,1235,0644,5,0,469764316,common-installed-snapshot,base-dump-inventory,S8000-2.tar,usr/man/man3/symscan.3,9256f7467f416bf0130cb21a3c419cf58b522ae41c09805847a5fecc68f48b56,mode/uid/gid recovered from parent .contents
/usr/man/man3/sys.3,file,770,0644,5,0,469764316,common-installed-snapshot,base-dump-inventory,S8000-2.tar,usr/man/man3/sys.3,4b2c602bf4a27f8228f51dfbc06bb33767ab010104bca074f774a0add85b08bb,mode/uid/gid recovered from parent .contents
/usr/man/man3/system.3,file,842,0644,5,0,469764317,common-installed-snapshot,base-dump-inventory,S8000-2.tar,usr/man/man3/system.3,450a50ce32eb73bf8526f62a5335eebba35bf70a6d375798e0e324bf5231b574,mode/uid/gid recovered from parent .contents
/usr/man/man3/termlib.3,file,3625,0644,5,0,469764317,common-installed-snapshot,base-dump-inventory,S8000-2.tar,usr/man/man3/termlib.3,6763b4e677cfd8da11e1ac7e8689a0249e6a2d1859c946e0e67b62e2662ac476,mode/uid/gid recovered from parent .contents
/usr/man/man3/tmpfile.3,file,580,0644,5,0,469764317,common-installed-snapshot,base-dump-inventory,S8000-2.tar,usr/man/man3/tmpfile.3,283a56c650ce760b8b3b4d32f722ab003378d1755f517f376a6601965c1d1394,mode/uid/gid recovered from parent .contents
/usr/man/man3/tmpnam.3,file,1598,0644,5,0,469764317,common-installed-snapshot,base-dump-inventory,S8000-2.tar,usr/man/man3/tmpnam.3,9487e5a5475486cc76b425fe059f6b37c95ccf8ee71090ab2526b87b33efe742,mode/uid/gid recovered from parent .contents
/usr/man/man3/ttyname.3,file,941,0644,5,0,469764318,common-installed-snapshot,base-dump-inventory,S8000-2.tar,usr/man/man3/ttyname.3,9ae3d776da382358d7b2151b6b18a1419dccb5a5a4208cfb2b254c33fc144bf2,mode/uid/gid recovered from parent .contents
/usr/man/man3/tzset.3,file,41,0644,5,0,469764318,common-installed-snapshot,base-dump-inventory,S8000-2.tar,usr/man/man3/tzset.3,f7ba3e28cdc2527198f72f2cb2c5fe30897f8d4e1685ead793c096963e2eed47,mode/uid/gid recovered from parent .contents
/usr/man/man3/ungetc.3,file,769,0644,5,0,469764318,common-installed-snapshot,base-dump-inventory,S8000-2.tar,usr/man/man3/ungetc.3,987125527fd8334ae92b29ad25e7e3e44c6235875b10648966c55e6690e8eb10,mode/uid/gid recovered from parent .contents
/usr/man/man4,directory,0,0775,5,0,1498803204,common-installed-snapshot,base-dump-inventory,S8000-2.tar,usr/man/man4,,mode/uid/gid recovered from parent .contents
/usr/man/man4/.contents,file,264,0664,3,0,469764560,common-installed-snapshot,base-dump-inventory,S8000-2.tar,usr/man/man4/.contents,629dfd6ffcfda6310d1d891fccb433352c1e97c6ff8e931334e1ae4bda14a511,mode/uid/gid recovered from parent .contents
/usr/man/man4/ct.4,file,5148,0644,5,0,469764319,common-installed-snapshot,base-dump-inventory,S8000-2.tar,usr/man/man4/ct.4,cd85f8e2a9f50074753a18b4c54260318660605390136984c703f3158fd560a8,mode/uid/gid recovered from parent .contents
/usr/man/man4/devnames.4,file,1746,0644,5,0,469764320,common-installed-snapshot,base-dump-inventory,S8000-2.tar,usr/man/man4/devnames.4,7f9bdcc7ef17e52b9eef3dba84cf0cfafb1185ef1764b0a36ed660d395404a78,mode/uid/gid recovered from parent .contents
/usr/man/man4/icp.4,file,4423,0644,5,0,469764320,common-installed-snapshot,base-dump-inventory,S8000-2.tar,usr/man/man4/icp.4,8c5ada6dec96cae0d9bb93095d63caab3e3c5117cb316519579b770ee460ce7f,mode/uid/gid recovered from parent .contents
/usr/man/man4/lp.4,file,4102,0644,5,0,469764321,common-installed-snapshot,base-dump-inventory,S8000-2.tar,usr/man/man4/lp.4,c76c4d18b10dfd95ff7ddb6d892f17c41286dcbf9dbd0630e3c7bcbd2143b9c9,mode/uid/gid recovered from parent .contents
/usr/man/man4/md.4,file,1356,0644,5,0,469764321,common-installed-snapshot,base-dump-inventory,S8000-2.tar,usr/man/man4/md.4,56ad94901828383c401075271e8e15d56dfd08437abb952c976d902ab33b9eeb,mode/uid/gid recovered from parent .contents
/usr/man/man4/mem.4,file,925,0644,5,0,469764321,common-installed-snapshot,base-dump-inventory,S8000-2.tar,usr/man/man4/mem.4,5578dc3071238c1c839bcd56414d48458a4e82a7b3107ddfe4a14ba5ec3af2d4,mode/uid/gid recovered from parent .contents
/usr/man/man4/mt.4,file,5850,0644,5,0,469764321,common-installed-snapshot,base-dump-inventory,S8000-2.tar,usr/man/man4/mt.4,b770eac998f13e1d9671818a8bf1e8196de665e7474415dadc6d2552c8a66753,mode/uid/gid recovered from parent .contents
/usr/man/man4/null.4,file,272,0644,5,0,469764321,common-installed-snapshot,base-dump-inventory,S8000-2.tar,usr/man/man4/null.4,5ae4dfbb014392d01cb26ce21a24c449ecf74f8d9c8092183c2ae8c8c7b25fc2,mode/uid/gid recovered from parent .contents
/usr/man/man4/smd.4,file,1403,0644,5,0,469764322,common-installed-snapshot,base-dump-inventory,S8000-2.tar,usr/man/man4/smd.4,a2f89b284592970fa46dbc4b57f646c228e3702d3aa99eb69f581ac811419d68,mode/uid/gid recovered from parent .contents
/usr/man/man4/tty.4,file,21428,0644,5,0,469764324,common-installed-snapshot,base-dump-inventory,S8000-2.tar,usr/man/man4/tty.4,1c01078b4264520ee4f1859ba069dfda748e6107933082e3a8e41c3ef419f9b4,mode/uid/gid recovered from parent .contents
/usr/man/man4/zd.4,file,1413,0644,5,0,469764324,common-installed-snapshot,base-dump-inventory,S8000-2.tar,usr/man/man4/zd.4,6b1af9fb862aaa2374280014b1f8670ab3d33178e7b71f5a878a70857fcc9ae6,mode/uid/gid recovered from parent .contents
/usr/man/man5,directory,0,0775,5,0,1498803204,common-installed-snapshot,base-dump-inventory,S8000-2.tar,usr/man/man5,,mode/uid/gid recovered from parent .contents
/usr/man/man5/.contents,file,748,0664,3,0,469764566,common-installed-snapshot,base-dump-inventory,S8000-2.tar,usr/man/man5/.contents,a8e7abe8d834469797b0fb7322f11d4943eb44c86c311cc0e2373d30933f6d94,mode/uid/gid recovered from parent .contents
/usr/man/man5/a.out.5,file,18225,0644,5,0,469764325,common-installed-snapshot,base-dump-inventory,S8000-2.tar,usr/man/man5/a.out.5,8bb7739eee49cdff6514107527677c9b39017941496daf95e532b05ff82211d9,mode/uid/gid recovered from parent .contents
/usr/man/man5/acct.5,file,3175,0644,5,0,469764326,common-installed-snapshot,base-dump-inventory,S8000-2.tar,usr/man/man5/acct.5,f1e684a2d8eef46418308e8f8ec1754f8e6bce73b9e31c5fcff01d59b889fe76,mode/uid/gid recovered from parent .contents
/usr/man/man5/acucap.5,file,8493,0644,5,0,469764326,common-installed-snapshot,base-dump-inventory,S8000-2.tar,usr/man/man5/acucap.5,2bd416756d87a7146e98bcffbb4bb4acd14966f723417a39c869c5b3dd10e255,mode/uid/gid recovered from parent .contents
/usr/man/man5/acutype.5,file,2732,0644,5,0,469764327,common-installed-snapshot,base-dump-inventory,S8000-2.tar,usr/man/man5/acutype.5,aafcaeca16e23f46cd1e70c3a58ea2d2bbb96ae4c44f4077276a8689af4fe591,mode/uid/gid recovered from parent .contents
/usr/man/man5/ar.5,file,1311,0644,5,0,469764327,common-installed-snapshot,base-dump-inventory,S8000-2.tar,usr/man/man5/ar.5,8ec592b6f3380646f7765ab118cfbf209fe50a826666cd51f1f468359501afb3,mode/uid/gid recovered from parent .contents
/usr/man/man5/checklist.5,file,697,0644,5,0,469764327,common-installed-snapshot,base-dump-inventory,S8000-2.tar,usr/man/man5/checklist.5,e5bcef24e05e457222494e378981d3042a62d28503d7346e047cae6e2457fe9b,mode/uid/gid recovered from parent .contents
/usr/man/man5/core.5,file,1165,0644,5,0,469764327,common-installed-snapshot,base-dump-inventory,S8000-2.tar,usr/man/man5/core.5,7fde67a15188cf83b04071ae04d3bb6f01be03aaea386d822a5f25a03b274a36,mode/uid/gid recovered from parent .contents
/usr/man/man5/cpio.5,file,1473,0644,5,0,469764327,common-installed-snapshot,base-dump-inventory,S8000-2.tar,usr/man/man5/cpio.5,de5480f2b7029097aed21b5ea67eaadf2e0336c5e5b77c5d5e4b29090da94308,mode/uid/gid recovered from parent .contents
/usr/man/man5/cshrc.5,file,985,0644,5,0,469764328,common-installed-snapshot,base-dump-inventory,S8000-2.tar,usr/man/man5/cshrc.5,ae78fbbc750c73ead84384dc24928ee5059929a6171fa4e2f10c00d98d3c4869,mode/uid/gid recovered from parent .contents
/usr/man/man5/dir.5,file,1204,0644,5,0,469764328,common-installed-snapshot,base-dump-inventory,S8000-2.tar,usr/man/man5/dir.5,edcefd50c2922d4cc53a31d83031e79125645af88abd95241606397da6e6d404,mode/uid/gid recovered from parent .contents
/usr/man/man5/dotmenu.5,file,5771,0644,5,0,469764328,common-installed-snapshot,base-dump-inventory,S8000-2.tar,usr/man/man5/dotmenu.5,728e11760040cb24e6734c34ca1ae1750362d12dc4e22a08f22bf224c7bc7c00,mode/uid/gid recovered from parent .contents
/usr/man/man5/dump.5,file,4051,0644,5,0,469764329,common-installed-snapshot,base-dump-inventory,S8000-2.tar,usr/man/man5/dump.5,c6d5d6ba1b8462b2e521d3c014d04028f1c94fccc890fb788a9d40bff6c81035,mode/uid/gid recovered from parent .contents
/usr/man/man5/environ.5,file,1737,0644,5,0,469764329,common-installed-snapshot,base-dump-inventory,S8000-2.tar,usr/man/man5/environ.5,7d29b7600e55ed667bd304080117a78a4f1694f811bc1367285375c526839709,mode/uid/gid recovered from parent .contents
/usr/man/man5/filsys.5,file,7507,0644,5,0,469764330,common-installed-snapshot,base-dump-inventory,S8000-2.tar,usr/man/man5/filsys.5,5abd6e34a6b42c114ef16b1135a72ce8ef569a35a46f3ca1880c0adff2f8ccd3,mode/uid/gid recovered from parent .contents
/usr/man/man5/group.5,file,813,0644,5,0,469764330,common-installed-snapshot,base-dump-inventory,S8000-2.tar,usr/man/man5/group.5,fd4b29eb308b8fc8cacac3310798838a457b8f82674712aaeaafa35a5986d26f,mode/uid/gid recovered from parent .contents
/usr/man/man5/inittab.5,file,953,0644,5,0,469764330,common-installed-snapshot,base-dump-inventory,S8000-2.tar,usr/man/man5/inittab.5,d684961d0c3f1df1b6b8024770ef458f15cda964999e0bae29075da48820bbb4,mode/uid/gid recovered from parent .contents
/usr/man/man5/menupath.5,file,2367,0644,5,0,469764331,common-installed-snapshot,base-dump-inventory,S8000-2.tar,usr/man/man5/menupath.5,fafb1e26b204066ac48d3accb9b147f483f79ff9621248651590eebac4304d8f,mode/uid/gid recovered from parent .contents
/usr/man/man5/mnttab.5,file,927,0644,5,0,469764331,common-installed-snapshot,base-dump-inventory,S8000-2.tar,usr/man/man5/mnttab.5,4c7e68692cfa4f3ac674bed2fbd9c50da25ec83bb3ac27cc2b6034043d2b268d,mode/uid/gid recovered from parent .contents
/usr/man/man5/mon.out.5,file,3900,0644,5,0,469764331,common-installed-snapshot,base-dump-inventory,S8000-2.tar,usr/man/man5/mon.out.5,130a7085fdcdb700a9f31570bae8a1caeb6bc8417c151f6a403fdd06c785701d,mode/uid/gid recovered from parent .contents
/usr/man/man5/motd.5,file,1081,0644,5,0,469764331,common-installed-snapshot,base-dump-inventory,S8000-2.tar,usr/man/man5/motd.5,ec5abb8d8d631de3ad3cc3752fb83213093c286a9aa84bfa1ece1f2a899fe3a5,mode/uid/gid recovered from parent .contents
/usr/man/man5/passwd.5,file,2438,0644,5,0,469764332,common-installed-snapshot,base-dump-inventory,S8000-2.tar,usr/man/man5/passwd.5,13d69f18a4f80caca7cd34456ed13be151d44d26697ca360f126e099d4452057,mode/uid/gid recovered from parent .contents
/usr/man/man5/profile.5,file,1547,0644,5,0,469764332,common-installed-snapshot,base-dump-inventory,S8000-2.tar,usr/man/man5/profile.5,f880d030882ecd2415124fa46ee84409c4247ee9401c58de773a231810292d09,mode/uid/gid recovered from parent .contents
/usr/man/man5/remotelines.5,file,2560,0644,5,0,469764332,common-installed-snapshot,base-dump-inventory,S8000-2.tar,usr/man/man5/remotelines.5,6ac3ff13458a9f95cc351c5f46b13e56f5ba0e8afdd1f0aee985ecad3294629e,mode/uid/gid recovered from parent .contents
/usr/man/man5/sccsfile.5,file,5806,0644,5,0,469764333,common-installed-snapshot,base-dump-inventory,S8000-2.tar,usr/man/man5/sccsfile.5,a2d0712479be8fe79cc5cefeb095a93474430d422ad88a7d90f516b85e7bb402,mode/uid/gid recovered from parent .contents
/usr/man/man5/spool.5,file,9036,0644,5,0,469764334,common-installed-snapshot,base-dump-inventory,S8000-2.tar,usr/man/man5/spool.5,eff716c0c4eaff5710151f5c85814ec28d4f774ea2d442aedb64566932d433e1,mode/uid/gid recovered from parent .contents
/usr/man/man5/strfile.5,file,647,0644,5,0,469764334,common-installed-snapshot,base-dump-inventory,S8000-2.tar,usr/man/man5/strfile.5,4c84987cd5b3884ddad0d2b5af9fd727259a8564a072be88ac27da1e1edc4914,mode/uid/gid recovered from parent .contents
/usr/man/man5/tar.5,file,1293,0644,5,0,469764334,common-installed-snapshot,base-dump-inventory,S8000-2.tar,usr/man/man5/tar.5,a46d89a4954dcdd73b0f9f1c946210429f27fdab71c0a0d9466104b55bcaf574,mode/uid/gid recovered from parent .contents
/usr/man/man5/termcap.5,file,25668,0644,5,0,469764336,common-installed-snapshot,base-dump-inventory,S8000-2.tar,usr/man/man5/termcap.5,ff695e329e30042c7f9a723610f73a932930c49d8df2f080abb9c21fe2e4a5ce,mode/uid/gid recovered from parent .contents
/usr/man/man5/ttytype.5,file,930,0644,5,0,469764336,common-installed-snapshot,base-dump-inventory,S8000-2.tar,usr/man/man5/ttytype.5,c182718340fac467244e60247419d264b26a7826e9ccf042202a3ffbfe628c02,mode/uid/gid recovered from parent .contents
/usr/man/man5/types.5,file,1821,0644,5,0,469764336,common-installed-snapshot,base-dump-inventory,S8000-2.tar,usr/man/man5/types.5,41790a709ad114a958f71258f3b048771774c454ff287c952f03f77117f2b40c,mode/uid/gid recovered from parent .contents
/usr/man/man5/utmp.5,file,1356,0644,5,0,469764337,common-installed-snapshot,base-dump-inventory,S8000-2.tar,usr/man/man5/utmp.5,248e18ed742a3aa67d9663cc80cbfa2d007d7c33208ae791fee735a7ec526c8c,mode/uid/gid recovered from parent .contents
/usr/man/man5/whois.5,file,650,0644,5,0,469764337,common-installed-snapshot,base-dump-inventory,S8000-2.tar,usr/man/man5/whois.5,60fec8cecd152b34dfa0fe8719679decf3d8a34e24cf1947bd011e675d1d5117,mode/uid/gid recovered from parent .contents
/usr/man/man5/zsc.5,file,5531,0644,5,0,469764337,common-installed-snapshot,base-dump-inventory,S8000-2.tar,usr/man/man5/zsc.5,6ddb822cc7b94dffcb2895262d50e184ecf26a88ded4894b25d785d96ecd57ee,mode/uid/gid recovered from parent .contents
/usr/man/man6,directory,0,0775,5,0,1498803204,common-installed-snapshot,base-dump-inventory,S8000-2.tar,usr/man/man6,,mode/uid/gid recovered from parent .contents
/usr/man/man6/.contents,file,198,0664,3,0,469764571,common-installed-snapshot,base-dump-inventory,S8000-2.tar,usr/man/man6/.contents,f3a094fefa0bba318705426ce1699833926b38a1eca08bc625c194f02775593d,mode/uid/gid recovered from parent .contents
/usr/man/man6/adventure.6,file,756,0644,5,0,469764338,common-installed-snapshot,base-dump-inventory,S8000-2.tar,usr/man/man6/adventure.6,0e5ba3e5085daa758c95f293ba5a03917347c03167cf29c95437ed95c0ea6fc3,mode/uid/gid recovered from parent .contents
/usr/man/man6/arithmetic.6,file,1792,0644,5,0,469764339,common-installed-snapshot,base-dump-inventory,S8000-2.tar,usr/man/man6/arithmetic.6,0c0ec09f8e7b993d81230e3ab0c8278fb58e7fd600df0c937f5e7cc8204f3683,mode/uid/gid recovered from parent .contents
/usr/man/man6/backgammon.6,file,312,0644,5,0,469764339,common-installed-snapshot,base-dump-inventory,S8000-2.tar,usr/man/man6/backgammon.6,2e1627f82c2edef98d24e7101da1422507f3f90b05bd72b94d790b2c17f9ce6d,mode/uid/gid recovered from parent .contents
/usr/man/man6/craps.6,file,3364,0644,5,0,469764339,common-installed-snapshot,base-dump-inventory,S8000-2.tar,usr/man/man6/craps.6,3b2d56228ec955ccaf60b4c1894d14fd257910682929becc55453ab92f8da125,mode/uid/gid recovered from parent .contents
/usr/man/man6/fortune.6,file,518,0644,5,0,469764339,common-installed-snapshot,base-dump-inventory,S8000-2.tar,usr/man/man6/fortune.6,3b1be24c2ebacdbe6db7bd30814885c85f2beeefdee19167a4207a05796bcb3e,mode/uid/gid recovered from parent .contents
/usr/man/man6/hangman.6,file,751,0644,5,0,469764340,common-installed-snapshot,base-dump-inventory,S8000-2.tar,usr/man/man6/hangman.6,d2fc8081c17e5b895f8640f18a4e86f88a473ca3cbc1f02f1822d21f7884e774,mode/uid/gid recovered from parent .contents
/usr/man/man6/quiz.6,file,1731,0644,5,0,469764340,common-installed-snapshot,base-dump-inventory,S8000-2.tar,usr/man/man6/quiz.6,5ac8f52bdd29c04be2aad1447927e8ca313e9d35bb91d4c42dedb28b8a30150a,mode/uid/gid recovered from parent .contents
/usr/man/man6/wump.6,file,870,0644,5,0,469764340,common-installed-snapshot,base-dump-inventory,S8000-2.tar,usr/man/man6/wump.6,c2d36906208f126d0689f4ad86d5c09aee58471ee3a764068dd068f71c6f56a1,mode/uid/gid recovered from parent .contents
/usr/man/man7,directory,0,0775,5,0,1498803204,common-installed-snapshot,base-dump-inventory,S8000-2.tar,usr/man/man7,,mode/uid/gid recovered from parent .contents
/usr/man/man7/.contents,file,374,0664,3,0,469764576,common-installed-snapshot,base-dump-inventory,S8000-2.tar,usr/man/man7/.contents,1867ff079645ecccdd47f9544a0400ee51de63c7777f76b549a50d66d7179955,mode/uid/gid recovered from parent .contents
/usr/man/man7/ascii.7,file,1391,0644,5,0,469764341,common-installed-snapshot,base-dump-inventory,S8000-2.tar,usr/man/man7/ascii.7,14365abe40881462e6adac4fb18e272162f69e6bdc3304bcb6f4af15297aa021,mode/uid/gid recovered from parent .contents
/usr/man/man7/dmalias.7,file,507,0644,5,0,469764341,common-installed-snapshot,base-dump-inventory,S8000-2.tar,usr/man/man7/dmalias.7,d031631032b94543aea9b9f25a0e310a0020da588161df15b9919f13d43d4f31,mode/uid/gid recovered from parent .contents
/usr/man/man7/environ.7,file,1587,0644,5,0,469764341,common-installed-snapshot,base-dump-inventory,S8000-2.tar,usr/man/man7/environ.7,27752f2c63aec2bb86f4ca452202c6847f2f022f98393a1d20f043d305e116e7,mode/uid/gid recovered from parent .contents
/usr/man/man7/fcntl.7,file,1331,0644,5,0,469764342,common-installed-snapshot,base-dump-inventory,S8000-2.tar,usr/man/man7/fcntl.7,1a525b5c9d5f17e26c5a379dc343b2865d92c0f03d3109e0563b521418e709f6,mode/uid/gid recovered from parent .contents
/usr/man/man7/greek.7,file,1179,0644,5,0,469764342,common-installed-snapshot,base-dump-inventory,S8000-2.tar,usr/man/man7/greek.7,e763e95249c472bf4eeb27ab49a002c0af2f15dad971faa03cebe5674203cf90,mode/uid/gid recovered from parent .contents
/usr/man/man7/hier.7,file,3414,0644,5,0,469764342,common-installed-snapshot,base-dump-inventory,S8000-2.tar,usr/man/man7/hier.7,71c8b27188b3dbeb25aa9f9b3b477e91c96c59815c9b2083b04beb18cce78388,mode/uid/gid recovered from parent .contents
/usr/man/man7/man.7,file,3236,0644,5,0,469764342,common-installed-snapshot,base-dump-inventory,S8000-2.tar,usr/man/man7/man.7,b2f2d7e17fd06252d0efc9008298c932b55b7edceb9e6f0c2f01c3a27aa374c2,mode/uid/gid recovered from parent .contents
/usr/man/man7/me.7,file,1352,0644,5,0,469764343,common-installed-snapshot,base-dump-inventory,S8000-2.tar,usr/man/man7/me.7,e148cda29cc72f09ce776d4a2f4dcceabe93ff2d502f1b0ea8e04f11cd1cdef5,mode/uid/gid recovered from parent .contents
/usr/man/man7/mm.7,file,1454,0644,5,0,469764343,common-installed-snapshot,base-dump-inventory,S8000-2.tar,usr/man/man7/mm.7,ea0dc75098b130acd4729daf6378e416eead89ec378cafaf5cd2c8bd191114a2,mode/uid/gid recovered from parent .contents
/usr/man/man7/ms.7,file,5355,0644,5,0,469764343,common-installed-snapshot,base-dump-inventory,S8000-2.tar,usr/man/man7/ms.7,28cd4a07373d09bd70476f996e3aa962e13378890921a2d00a86bdf26e73ecbd,mode/uid/gid recovered from parent .contents
/usr/man/man7/mv.7,file,846,0644,5,0,469764344,common-installed-snapshot,base-dump-inventory,S8000-2.tar,usr/man/man7/mv.7,6c232999324240aabe49ea1f125154fc99919053b13fcd849da7ad8aa74fbcc6,mode/uid/gid recovered from parent .contents
/usr/man/man7/regexp.7,file,8317,0644,5,0,469764344,common-installed-snapshot,base-dump-inventory,S8000-2.tar,usr/man/man7/regexp.7,8e2a36640a0810733d7fe79efb95273a38a432f00560ded9456ac42830386eee,mode/uid/gid recovered from parent .contents
/usr/man/man7/stat.7,file,1586,0644,5,0,469764344,common-installed-snapshot,base-dump-inventory,S8000-2.tar,usr/man/man7/stat.7,e7b88869d1502eb14a639bed0fa904cd0351ee299cdb163311483d93b6543f6c,mode/uid/gid recovered from parent .contents
/usr/man/man7/term.7,file,1320,0644,5,0,469764345,common-installed-snapshot,base-dump-inventory,S8000-2.tar,usr/man/man7/term.7,db283d1c131a634a3ca18d730988ae114de234233890419f1a896e0fea320f40,mode/uid/gid recovered from parent .contents
/usr/man/man7/termlist.7,file,1296,0644,5,0,469764345,common-installed-snapshot,base-dump-inventory,S8000-2.tar,usr/man/man7/termlist.7,22495bde136022ef4671fe90486d0f48762642ee998791c6f5d77fe0a515365d,mode/uid/gid recovered from parent .contents
/usr/man/man7/types.7,file,1212,0644,5,0,469764345,common-installed-snapshot,base-dump-inventory,S8000-2.tar,usr/man/man7/types.7,272ccf03b8bb590add81ba03daab0473e630111a00a50a6ce7fe5b4d6bdd1e69,mode/uid/gid recovered from parent .contents
/usr/man/manM,directory,0,0775,5,0,1498803204,common-installed-snapshot,base-dump-inventory,S8000-2.tar,usr/man/manM,,mode/uid/gid recovered from parent .contents
/usr/man/manM/.contents,file,1738,0664,3,0,469764583,common-installed-snapshot,base-dump-inventory,S8000-2.tar,usr/man/manM/.contents,8ad034b2a3d17ec98a2e748f77274200b857b243a30cc764a549608e201670df,mode/uid/gid recovered from parent .contents
/usr/man/manM/acct.M,file,3327,0644,5,0,469764346,common-installed-snapshot,base-dump-inventory,S8000-2.tar,usr/man/manM/acct.M,582508da8f401bb4f9693e2a9f44e15366baca04ae71459bf41078690ff0a10e,mode/uid/gid recovered from parent .contents
/usr/man/manM/acctcms.M,file,1535,0644,5,0,469764346,common-installed-snapshot,base-dump-inventory,S8000-2.tar,usr/man/manM/acctcms.M,99bcb027b35ac47b6535457160015b4e2eab7dc609fe71ca375f4916da4fb981,mode/uid/gid recovered from parent .contents
/usr/man/manM/acctcom.M,file,4225,0644,5,0,469764347,common-installed-snapshot,base-dump-inventory,S8000-2.tar,usr/man/manM/acctcom.M,3cab3f096a644d4592373b9b4b02143272e3e6ad81c1114d6189aa3103049e46,mode/uid/gid recovered from parent .contents
/usr/man/manM/acctcon.M,file,2518,0644,5,0,469764351,common-installed-snapshot,base-dump-inventory,S8000-2.tar,usr/man/manM/acctcon.M,ec4034bcf83f8744161fc98014e568ffdfec0ddc214eba0665f2fa076f3926a1,mode/uid/gid recovered from parent .contents
/usr/man/manM/acctmerg.M,file,1267,0644,5,0,469764352,common-installed-snapshot,base-dump-inventory,S8000-2.tar,usr/man/manM/acctmerg.M,03c4e98076baff05d535207d8bc1aaa28da149a9c1d40e55e889f62520352e3f,mode/uid/gid recovered from parent .contents
/usr/man/manM/acctprc.M,file,1623,0644,5,0,469764352,common-installed-snapshot,base-dump-inventory,S8000-2.tar,usr/man/manM/acctprc.M,9c67d7e62a047c44e7f288137957afbc6bd7ff56153f12977d3f9ffe238abef5,mode/uid/gid recovered from parent .contents
/usr/man/manM/acctsh.M,file,3579,0644,5,0,469764352,common-installed-snapshot,base-dump-inventory,S8000-2.tar,usr/man/manM/acctsh.M,0635201952c43f4308a9ca3e137faf9ed526fb7edcdd0cc876874d9b95221f2f,mode/uid/gid recovered from parent .contents
/usr/man/manM/adduser.M,file,2351,0644,5,0,469764352,common-installed-snapshot,base-dump-inventory,S8000-2.tar,usr/man/manM/adduser.M,49ae23227dcba39e7cdbfb6dbf9f5ae1e9381c49f2c3005d9c152d24e847f947,mode/uid/gid recovered from parent .contents
/usr/man/manM/backend.M,file,3531,0644,5,0,469764352,common-installed-snapshot,base-dump-inventory,S8000-2.tar,usr/man/manM/backend.M,a7b18e997fc86fa1a5efc183aff923507d2a4574af6f8bed14fd77d412e5c0b2,mode/uid/gid recovered from parent .contents
/usr/man/manM/boot.M,file,953,0644,5,0,469764352,common-installed-snapshot,base-dump-inventory,S8000-2.tar,usr/man/manM/boot.M,791132a7089a0cf2f2a6ba80eb7f26440cd59d9010e91afeca4a128325429848,mode/uid/gid recovered from parent .contents
/usr/man/manM/chmog.M,file,678,0644,5,0,469764353,common-installed-snapshot,base-dump-inventory,S8000-2.tar,usr/man/manM/chmog.M,35f258c9141e914682bca10fca8b4e3109f9764bf854e8517640cafd6d5a028a,mode/uid/gid recovered from parent .contents
/usr/man/manM/chown.M,file,720,0644,5,0,469764353,common-installed-snapshot,base-dump-inventory,S8000-2.tar,usr/man/manM/chown.M,335888d9378562b4bd51075692d141a08a9a80ba5aabd996f387c234826e5ecb,mode/uid/gid recovered from parent .contents
/usr/man/manM/chroot.M,file,1016,0644,5,0,469764353,common-installed-snapshot,base-dump-inventory,S8000-2.tar,usr/man/manM/chroot.M,ef6cbb9bea35df38c9e10944f5419c6bbc4e934109d5ef39d1f9b5a9bef1580f,mode/uid/gid recovered from parent .contents
/usr/man/manM/clri.M,file,1168,0644,5,0,469764353,common-installed-snapshot,base-dump-inventory,S8000-2.tar,usr/man/manM/clri.M,103d5c5f1c87db74aaeb1d4832e81b34fe1ef76ff8a33aa086ea3ce2318f4aae,mode/uid/gid recovered from parent .contents
/usr/man/manM/crash.M,file,5923,0644,5,0,469764354,common-installed-snapshot,base-dump-inventory,S8000-2.tar,usr/man/manM/crash.M,175ac6f65889ccb41c8a0633456afad961f13e265396b0c8d45fe22da3ed1621,mode/uid/gid recovered from parent .contents
/usr/man/manM/cron.M,file,1958,0644,5,0,469764354,common-installed-snapshot,base-dump-inventory,S8000-2.tar,usr/man/manM/cron.M,54eb2988267c81b6dcdd1ebd3bcea6afa847cb7b88960c338c46da32933733d8,mode/uid/gid recovered from parent .contents
/usr/man/manM/date.M,file,2560,0644,5,0,469764354,common-installed-snapshot,base-dump-inventory,S8000-2.tar,usr/man/manM/date.M,d66220aa9b03b17252689913b78ee90cbaeb9d91b6b54399be47cae7a5fc3be3,mode/uid/gid recovered from parent .contents
/usr/man/manM/datem.M,file,1283,0644,5,0,469764354,common-installed-snapshot,base-dump-inventory,S8000-2.tar,usr/man/manM/datem.M,94a528206d049ac7f3ad07d915f33587eb889f2e6d7d31c3e346c5820bef948c,mode/uid/gid recovered from parent .contents
/usr/man/manM/dcheck.M,file,1591,0644,5,0,469764354,common-installed-snapshot,base-dump-inventory,S8000-2.tar,usr/man/manM/dcheck.M,ae6f45e0c4193e82a88d63cdc10e65f34d0272d2eb581439267bea749b45c139,mode/uid/gid recovered from parent .contents
/usr/man/manM/devnm.M,file,656,0644,5,0,469764355,common-installed-snapshot,base-dump-inventory,S8000-2.tar,usr/man/manM/devnm.M,d4f5436204a109b6880d01e9d8e03e24227b5d6cdb13c7c94dcc655b09bb5d51,mode/uid/gid recovered from parent .contents
/usr/man/manM/df.M,file,989,0644,5,0,469764355,common-installed-snapshot,base-dump-inventory,S8000-2.tar,usr/man/manM/df.M,43a25dd56d6d55a606f78d4c90bea3900e7feb6c8aec43a27254e01f471541a8,mode/uid/gid recovered from parent .contents
/usr/man/manM/down.M,file,1495,0644,5,0,469764355,common-installed-snapshot,base-dump-inventory,S8000-2.tar,usr/man/manM/down.M,fe2a8255536787d2b88968f4fc51b7777a3d9cb376e6690b348fb87ff0e06289,mode/uid/gid recovered from parent .contents
/usr/man/manM/dqueuer.M,file,2905,0644,5,0,469764355,common-installed-snapshot,base-dump-inventory,S8000-2.tar,usr/man/manM/dqueuer.M,f2d5bbff471e138772ed9dd28a4787ad05819b9c2411be4e5e507d390e2c964c,mode/uid/gid recovered from parent .contents
/usr/man/manM/dump.M,file,3661,0644,5,0,469764356,common-installed-snapshot,base-dump-inventory,S8000-2.tar,usr/man/manM/dump.M,fe9ae7f66de11fcfa415dc3552a782b6ffa3044797d3235ddcfc11f176d2bbd5,mode/uid/gid recovered from parent .contents
/usr/man/manM/ff.M,file,2798,0644,5,0,469764356,common-installed-snapshot,base-dump-inventory,S8000-2.tar,usr/man/manM/ff.M,e0a3b3fdd93bdde8f3c2f9184bfd53a37bfde4bed879d58d8b9bfc2ee2df6a04,mode/uid/gid recovered from parent .contents
/usr/man/manM/frec.M,file,1958,0644,5,0,469764356,common-installed-snapshot,base-dump-inventory,S8000-2.tar,usr/man/manM/frec.M,658af777250ce6d22b25c721f53f91282addde4fcf6f3f220146152946e95d38,mode/uid/gid recovered from parent .contents
/usr/man/manM/fsck.M,file,4503,0644,5,0,469764357,common-installed-snapshot,base-dump-inventory,S8000-2.tar,usr/man/manM/fsck.M,f0fd3afbfe4bee0d31ef98385da37ccde9a9291bc2e33e9dfa1ac6491b830f3f,mode/uid/gid recovered from parent .contents
/usr/man/manM/fsdb.M,file,5885,0644,5,0,469764357,common-installed-snapshot,base-dump-inventory,S8000-2.tar,usr/man/manM/fsdb.M,78454f7001b2325f7cac6e9af48d21751b691411e196fc835872128225e36c68,mode/uid/gid recovered from parent .contents
/usr/man/manM/fwtmp.M,file,1533,0644,5,0,469764357,common-installed-snapshot,base-dump-inventory,S8000-2.tar,usr/man/manM/fwtmp.M,02f9f77dfad05898406cffde52ce374cded6d4655159defa840a30643044dd55,mode/uid/gid recovered from parent .contents
/usr/man/manM/getty.M,file,3362,0644,5,0,469764358,common-installed-snapshot,base-dump-inventory,S8000-2.tar,usr/man/manM/getty.M,772761de13c2e02778579152086ccbf5a7b8da828ad6a7ae4846823b5b33b75c,mode/uid/gid recovered from parent .contents
/usr/man/manM/halt.M,file,719,0644,5,0,469764358,common-installed-snapshot,base-dump-inventory,S8000-2.tar,usr/man/manM/halt.M,b1bbd90fb7b9bb99bf750d50abf4b922857bc1dd7528a55df568273c5807353c,mode/uid/gid recovered from parent .contents
/usr/man/manM/icheck.M,file,2712,0644,5,0,469764358,common-installed-snapshot,base-dump-inventory,S8000-2.tar,usr/man/manM/icheck.M,91786941b3043c6d50591bd39fd1e301380f1cb1da5c22226edca00d2e12ab31,mode/uid/gid recovered from parent .contents
/usr/man/manM/icpcntrl.M,file,1685,0644,5,0,469764359,common-installed-snapshot,base-dump-inventory,S8000-2.tar,usr/man/manM/icpcntrl.M,a281ac5281c83b9cf34183ee8c80a67758f8509b2a33876667eb718c1dfdb088,mode/uid/gid recovered from parent .contents
/usr/man/manM/icpload.M,file,2208,0644,5,0,469764359,common-installed-snapshot,base-dump-inventory,S8000-2.tar,usr/man/manM/icpload.M,1e8130a0223bf6a2957666154623fc7911ac84c19a0afa1d8369a91a85ee179f,mode/uid/gid recovered from parent .contents
/usr/man/manM/init.M,file,4453,0644,5,0,469764359,common-installed-snapshot,base-dump-inventory,S8000-2.tar,usr/man/manM/init.M,029f9b582f7a7dda269e64473ede6c6c71c07f0df2297464e63eeb85ea5e73ba,mode/uid/gid recovered from parent .contents
/usr/man/manM/install.M,file,3447,0644,5,0,469764360,common-installed-snapshot,base-dump-inventory,S8000-2.tar,usr/man/manM/install.M,0e97c1d85be9fae83ea711c188d156c2b69953453cdcea7acc4c2a643e193ede,mode/uid/gid recovered from parent .contents
/usr/man/manM/kdb.M,file,922,0644,5,0,469764360,common-installed-snapshot,base-dump-inventory,S8000-2.tar,usr/man/manM/kdb.M,2cc2a2b9bdcc245d681c9fcbf2127929aa66d3eede94dfad8f0682bb85bc9ec0,mode/uid/gid recovered from parent .contents
/usr/man/manM/killall.M,file,716,0644,5,0,469764360,common-installed-snapshot,base-dump-inventory,S8000-2.tar,usr/man/manM/killall.M,170584ecefe4155cda65ceed9aa0e477d642e6ffbedb08f3e6d1480058a9ff7c,mode/uid/gid recovered from parent .contents
/usr/man/manM/labelit.M,file,1731,0644,5,0,469764361,common-installed-snapshot,base-dump-inventory,S8000-2.tar,usr/man/manM/labelit.M,1da61a4637a63d9086f7bbb0c3e9a37accab3be047cfc6adb53d4724c970ac7b,mode/uid/gid recovered from parent .contents
/usr/man/manM/link.M,file,576,0644,5,0,469764361,common-installed-snapshot,base-dump-inventory,S8000-2.tar,usr/man/manM/link.M,9796197a391f823d7942fd9115edbf2c41427446b0572e3578fc72ffe897e4be,mode/uid/gid recovered from parent .contents
/usr/man/manM/lp.M,file,3521,0644,5,0,469764361,common-installed-snapshot,base-dump-inventory,S8000-2.tar,usr/man/manM/lp.M,0de345ba254eb5866bc7817884072f07376584aab8b6ea745ccfae4cf75c4567,mode/uid/gid recovered from parent .contents
/usr/man/manM/makekey.M,file,1661,0644,5,0,469764361,common-installed-snapshot,base-dump-inventory,S8000-2.tar,usr/man/manM/makekey.M,7b69d30a4bbff6eed6e17118fdc415b9d26dad84f23dfd69da19ac35b61f484f,mode/uid/gid recovered from parent .contents
/usr/man/manM/makenewfs.M,file,2190,0644,5,0,469764362,common-installed-snapshot,base-dump-inventory,S8000-2.tar,usr/man/manM/makenewfs.M,1d3f5d1246b2538db847d3c0e97be2b85ba005e3ea134bc95769d9d9e4e64d07,mode/uid/gid recovered from parent .contents
/usr/man/manM/makewhatis.M,file,657,0644,5,0,469764362,common-installed-snapshot,base-dump-inventory,S8000-2.tar,usr/man/manM/makewhatis.M,033de867339d4417c9e671055219569c1f18074ee550211efba59e1cf0f12198,mode/uid/gid recovered from parent .contents
/usr/man/manM/mfs.M,file,1202,0644,5,0,469764362,common-installed-snapshot,base-dump-inventory,S8000-2.tar,usr/man/manM/mfs.M,f5cde1a5ee0b3c4ae74cabe9e5d13c64254e2508dbc40570b9f17eee2f49c979,mode/uid/gid recovered from parent .contents
/usr/man/manM/mkfs.M,file,2844,0644,5,0,469764362,common-installed-snapshot,base-dump-inventory,S8000-2.tar,usr/man/manM/mkfs.M,47857435e7893e1283991d5214575d65562cbc0f5b4aad810c8d5f2aa62cec17,mode/uid/gid recovered from parent .contents
/usr/man/manM/mkmt.M,file,792,0644,5,0,469764363,common-installed-snapshot,base-dump-inventory,S8000-2.tar,usr/man/manM/mkmt.M,33782a6332f1b1c4e7d5c57ae576d648f4a545dfe46abac87b68bdc740b4f1d8,mode/uid/gid recovered from parent .contents
/usr/man/manM/mknod.M,file,2904,0644,5,0,469764363,common-installed-snapshot,base-dump-inventory,S8000-2.tar,usr/man/manM/mknod.M,82feb89680f99faff223d531aa4ad60d4dad0ca32ef9507456ae7e195b9470aa,mode/uid/gid recovered from parent .contents
/usr/man/manM/mktape.M,file,966,0644,5,0,469764363,common-installed-snapshot,base-dump-inventory,S8000-2.tar,usr/man/manM/mktape.M,91308402c1db4c553483218beb53c3e23342d751909853d165cbf307b13fbdce,mode/uid/gid recovered from parent .contents
/usr/man/manM/model.M,file,611,0644,5,0,469764363,common-installed-snapshot,base-dump-inventory,S8000-2.tar,usr/man/manM/model.M,94e9eff273cf1cfb187ad5e37bf55702b3a6bf04091ccd97daf874800f7323c8,mode/uid/gid recovered from parent .contents
/usr/man/manM/mount.M,file,1508,0644,5,0,469764364,common-installed-snapshot,base-dump-inventory,S8000-2.tar,usr/man/manM/mount.M,8d0c5073bbb9e150034c3f5d86ee2112640e013b75e807cbfe711b9996c60445,mode/uid/gid recovered from parent .contents
/usr/man/manM/mvdir.M,file,569,0644,5,0,469764364,common-installed-snapshot,base-dump-inventory,S8000-2.tar,usr/man/manM/mvdir.M,55fb9e7eded0de615a5849fa3740b6921b708f1d542763fb24b8894d5cc33f11,mode/uid/gid recovered from parent .contents
/usr/man/manM/ncheck.M,file,1004,0644,5,0,469764364,common-installed-snapshot,base-dump-inventory,S8000-2.tar,usr/man/manM/ncheck.M,3c630359cd4ef569b96d995eb0d2f16b1c2c54e22f8004a9e1a144c7f5a1b582,mode/uid/gid recovered from parent .contents
/usr/man/manM/package.M,file,1675,0644,5,0,469764364,common-installed-snapshot,base-dump-inventory,S8000-2.tar,usr/man/manM/package.M,3b9b7a96f88fcc691ff2db5f25ca2682f58ee443a9f16fd57c811cc135021772,mode/uid/gid recovered from parent .contents
/usr/man/manM/pstat.M,file,5129,0644,5,0,469764365,common-installed-snapshot,base-dump-inventory,S8000-2.tar,usr/man/manM/pstat.M,dc4dd5a56907416887ed0a919876a02b1bd41d9632a1c030965910bce86fd134,mode/uid/gid recovered from parent .contents
/usr/man/manM/quot.M,file,1126,0644,5,0,469764365,common-installed-snapshot,base-dump-inventory,S8000-2.tar,usr/man/manM/quot.M,639f39bccd463f2689c26879a90f50ebd2308d8f6783ef709b4b9c2b5183bf96,mode/uid/gid recovered from parent .contents
/usr/man/manM/rc.M,file,2817,0644,5,0,469764365,common-installed-snapshot,base-dump-inventory,S8000-2.tar,usr/man/manM/rc.M,aa0932c4426e5a871e2e76cf36f33650e6204dbee1e28f136bded1beda167846,mode/uid/gid recovered from parent .contents
/usr/man/manM/reservrc.M,file,2175,0644,5,0,469764366,common-installed-snapshot,base-dump-inventory,S8000-2.tar,usr/man/manM/reservrc.M,695fb0cc892a341b0d29e801a29bd895c240a4cba8e2539d304b06ca418a3cf7,mode/uid/gid recovered from parent .contents
/usr/man/manM/restor.M,file,4644,0644,5,0,469764366,common-installed-snapshot,base-dump-inventory,S8000-2.tar,usr/man/manM/restor.M,d778a01875c1baebcaab7f1957b5a81522fa7d1550995b952c62a4eff7d806f9,mode/uid/gid recovered from parent .contents
/usr/man/manM/rmuser.M,file,1261,0644,5,0,469764366,common-installed-snapshot,base-dump-inventory,S8000-2.tar,usr/man/manM/rmuser.M,fdeea83456da2213229ec41e58a9585ee89b5569be0e7583b277497ac6e149f0,mode/uid/gid recovered from parent .contents
/usr/man/manM/runacct.M,file,4165,0644,5,0,469764367,common-installed-snapshot,base-dump-inventory,S8000-2.tar,usr/man/manM/runacct.M,dbf743c3ed16fddfe2d1d817308616ba20db1dcb20b7f1773f19bfc6189ef993,mode/uid/gid recovered from parent .contents
/usr/man/manM/setlp.M,file,886,0644,5,0,469764367,common-installed-snapshot,base-dump-inventory,S8000-2.tar,usr/man/manM/setlp.M,60d68ff54c1885deb2a6e38855b0afe3f18b25815c740b4607d2bfefafda2d5b,mode/uid/gid recovered from parent .contents
/usr/man/manM/setmnt.M,file,987,0644,5,0,469764368,common-installed-snapshot,base-dump-inventory,S8000-2.tar,usr/man/manM/setmnt.M,bda9419513bb1359c07ce1af6552d146d5bb60ce024063ab241f4740593e9ddd,mode/uid/gid recovered from parent .contents
/usr/man/manM/shut.M,file,822,0644,5,0,469764368,common-installed-snapshot,base-dump-inventory,S8000-2.tar,usr/man/manM/shut.M,75a83455781e533aa437d882ac2e676614a340d029c5b4d6ac23fc9e17da44bb,mode/uid/gid recovered from parent .contents
/usr/man/manM/str.M,file,1110,0644,5,0,469764368,common-installed-snapshot,base-dump-inventory,S8000-2.tar,usr/man/manM/str.M,9594fe8b3118e59ca558a4bb2394a13e6d3c6ad5c409c68ea3a2357cf5abc4a9,mode/uid/gid recovered from parent .contents
/usr/man/manM/strprint.M,file,904,0644,5,0,469764368,common-installed-snapshot,base-dump-inventory,S8000-2.tar,usr/man/manM/strprint.M,698496069b535620cd89412b56aad9741a595299bba8b131d7dca1d96ac24020,mode/uid/gid recovered from parent .contents
/usr/man/manM/sync.M,file,377,0644,5,0,469764369,common-installed-snapshot,base-dump-inventory,S8000-2.tar,usr/man/manM/sync.M,17c3f3b186ba3d5a1bd1d10f26c4069003f3f2a8252ab842b3bd6e036c61c9ac,mode/uid/gid recovered from parent .contents
/usr/man/manM/sysgen.M,file,1296,0644,5,0,469764369,common-installed-snapshot,base-dump-inventory,S8000-2.tar,usr/man/manM/sysgen.M,6b78828eca32de276efc431a45430d0aa78af159b8343cc4382189adbd6f3c1d,mode/uid/gid recovered from parent .contents
/usr/man/manM/text.M,file,3514,0644,5,0,469764369,common-installed-snapshot,base-dump-inventory,S8000-2.tar,usr/man/manM/text.M,0f187f1d186f4cf3eec8603162277042dc3239e75fd3d36eb849aa81e9f8f76b,mode/uid/gid recovered from parent .contents
/usr/man/manM/ttyconfig.M,file,1381,0644,5,0,469764370,common-installed-snapshot,base-dump-inventory,S8000-2.tar,usr/man/manM/ttyconfig.M,5497ea884fb25a329ef3e54b159780a977837fdc78491000acbe22abb4969872,mode/uid/gid recovered from parent .contents
/usr/man/manM/update.M,file,438,0644,5,0,469764370,common-installed-snapshot,base-dump-inventory,S8000-2.tar,usr/man/manM/update.M,da1f17b6b739a80ac03a0f45aa16a30203dcc850073d23de8594c916211ee394,mode/uid/gid recovered from parent .contents
/usr/man/manM/upkeep.M,file,1762,0644,5,0,469764370,common-installed-snapshot,base-dump-inventory,S8000-2.tar,usr/man/manM/upkeep.M,b6d3294166be65ab87a63f151e1962247a5abc2ad3c671c4434dddc48910ff6e,mode/uid/gid recovered from parent .contents
/usr/man/manM/uuclean.M,file,1017,0644,5,0,469764370,common-installed-snapshot,base-dump-inventory,S8000-2.tar,usr/man/manM/uuclean.M,8f82060cb7006e6a21a8d8cd4acb657f1f3755245f451f01f0155c87b37c3dbc,mode/uid/gid recovered from parent .contents
/usr/man/manM/uusub.M,file,2400,0644,5,0,469764371,common-installed-snapshot,base-dump-inventory,S8000-2.tar,usr/man/manM/uusub.M,7d3f31ec9095c1212278a7621e23d35cdfe30db3ceb661c7c9ac1d785f82f2a6,mode/uid/gid recovered from parent .contents
/usr/man/manM/volcopy.M,file,2394,0644,5,0,469764371,common-installed-snapshot,base-dump-inventory,S8000-2.tar,usr/man/manM/volcopy.M,48687277d71a9ea1e7217f0049aa85d3346d6f1b62188c68eb715c774ace860c,mode/uid/gid recovered from parent .contents
/usr/man/manM/wall.M,file,727,0644,5,0,469764371,common-installed-snapshot,base-dump-inventory,S8000-2.tar,usr/man/manM/wall.M,1f586f69c05719a7be020c8b1d99ab1870e77c319656bffa6275bb9df8976f14,mode/uid/gid recovered from parent .contents
/usr/man/manM/wbz.M,file,905,0644,5,0,469764371,common-installed-snapshot,base-dump-inventory,S8000-2.tar,usr/man/manM/wbz.M,64902c10a03b1ca352be017f80d318967406a6e27847085f315923e2dad41378,mode/uid/gid recovered from parent .contents
/usr/man/manM/xq.M,file,6929,0644,5,0,469764372,common-installed-snapshot,base-dump-inventory,S8000-2.tar,usr/man/manM/xq.M,2f9cfabc23396606b47af36a86928717cd4152fca315f83f33ed434ba3096e99,mode/uid/gid recovered from parent .contents
/usr/mattis,directory,0,0700,508,20,1498803204,common-installed-snapshot,unclassified-installed-snapshot,S8000-2.tar,usr/mattis,,metadata from modern tar wrapper
/usr/mattis/.cshrc,file,1746,0600,508,20,661886455,common-installed-snapshot,unclassified-installed-snapshot,S8000-2.tar,usr/mattis/.cshrc,dc70fd60529ae0f289ca3f6e4ac2dc66583aee98f1c8d8413107992090af1516,metadata from modern tar wrapper
/usr/mattis/.news_time,file,0,0600,508,20,469763696,common-installed-snapshot,unclassified-installed-snapshot,S8000-2.tar,usr/mattis/.news_time,e3b0c44298fc1c149afbf4c8996fb92427ae41e4649b934ca495991b7852b855,metadata from modern tar wrapper
/usr/preserve,directory,0,0777,3,0,1498803204,common-installed-snapshot,base-dump-inventory,S8000-2.tar,usr/preserve,,mode/uid/gid recovered from parent .contents
/usr/preserve/.contents,file,22,0664,3,0,469763748,common-installed-snapshot,base-dump-inventory,S8000-2.tar,usr/preserve/.contents,d61fa2ad3da604d47b714c71be63320783c6cd3aebdf586ad62b4920c16cc8a6,mode/uid/gid recovered from parent .contents
/usr/preserve/Exaaa07818,file,10240,0600,508,20,563747340,common-installed-snapshot,unclassified-installed-snapshot,S8000-2.tar,usr/preserve/Exaaa07818,04fe68e8c1bb1c1f58921afa9d2c991359180f8c5988743a04d862916bbe0308,metadata from modern tar wrapper
/usr/pub,directory,0,0775,3,0,1498803204,common-installed-snapshot,base-dump-inventory,S8000-2.tar,usr/pub,,mode/uid/gid recovered from parent .contents
/usr/pub/.contents,file,132,0664,3,0,469764645,common-installed-snapshot,base-dump-inventory,S8000-2.tar,usr/pub/.contents,75275f74d43a0ea32cc811f5ccb44a2154515a6964c52c4c765200eabdd5c4d7,mode/uid/gid recovered from parent .contents
/usr/pub/ascii,file,1068,0644,3,0,469763459,common-installed-snapshot,base-dump-inventory,S8000-2.tar,usr/pub/ascii,0432bc9eb24d2ad008212be8c734c013be378a282455fa8d65c5f34f59632ef7,mode/uid/gid recovered from parent .contents
/usr/pub/dmalias,file,263,0644,3,0,469764497,common-installed-snapshot,base-dump-inventory,S8000-2.tar,usr/pub/dmalias,5d48d8d8944945f40add11bdf4600c7c833951905530e81589fc2c4499ab3c83,mode/uid/gid recovered from parent .contents
/usr/pub/eqnchar,file,2969,0644,3,0,469763459,common-installed-snapshot,base-dump-inventory,S8000-2.tar,usr/pub/eqnchar,f1e73150d28481e41ec62b6958a72d7416bc0cde9cab2ecd514356ef2eff589c,mode/uid/gid recovered from parent .contents
/usr/pub/greek,file,475,0644,3,0,469763459,common-installed-snapshot,base-dump-inventory,S8000-2.tar,usr/pub/greek,aac389e4e85782c3ca9c6085265ed214a9276eef5f23765a49ff9d9603caad8c,mode/uid/gid recovered from parent .contents
/usr/pub/termlist,file,10450,0644,3,0,469764498,common-installed-snapshot,base-dump-inventory,S8000-2.tar,usr/pub/termlist,d1fd2db438607cd4719fffa87bb9245f1be447d8fd4fe179fdbf5e72a4e9d052,mode/uid/gid recovered from parent .contents
/usr/rune,directory,0,0700,508,20,1498803204,common-installed-snapshot,unclassified-installed-snapshot,S8000-2.tar,usr/rune,,metadata from modern tar wrapper
/usr/rune/.cshrc,file,1746,0600,508,20,661886471,common-installed-snapshot,unclassified-installed-snapshot,S8000-2.tar,usr/rune/.cshrc,dc70fd60529ae0f289ca3f6e4ac2dc66583aee98f1c8d8413107992090af1516,metadata from modern tar wrapper
/usr/spool,directory,0,0775,3,0,1498803204,common-installed-snapshot,base-dump-inventory,S8000-2.tar,usr/spool,,mode/uid/gid recovered from parent .contents
/usr/spool/.contents,file,110,0664,3,0,469764626,common-installed-snapshot,base-dump-inventory,S8000-2.tar,usr/spool/.contents,7d6d6e8344a8df0ca0d08a7f669616cc319a49ac91913a1f9a9d1123fc3e6ed2,mode/uid/gid recovered from parent .contents
/usr/spool/at,directory,0,0777,1,0,1498803204,common-installed-snapshot,base-dump-inventory,S8000-2.tar,usr/spool/at,,mode/uid/gid recovered from parent .contents
/usr/spool/at/.contents,file,44,0664,3,0,469763620,common-installed-snapshot,base-dump-inventory,S8000-2.tar,usr/spool/at/.contents,c04f1badb86e557f370dd9cbec53d46bfc56157cfbb0f9f9e9764fe1e19c4b48,mode/uid/gid recovered from parent .contents
/usr/spool/at/lasttimedone,file,5,0600,508,20,664335303,common-installed-snapshot,unclassified-installed-snapshot,S8000-2.tar,usr/spool/at/lasttimedone,27b5eeeac5f8d710a0dd51e047fbfe9e59fad400b7269c7c8f36787ab72c9cfe,metadata from modern tar wrapper
/usr/spool/at/past,directory,0,0775,3,0,1498803204,common-installed-snapshot,base-dump-inventory,S8000-2.tar,usr/spool/at/past,,mode/uid/gid recovered from parent .contents
/usr/spool/at/past/.contents,file,22,0664,3,0,469763625,common-installed-snapshot,base-dump-inventory,S8000-2.tar,usr/spool/at/past/.contents,d61fa2ad3da604d47b714c71be63320783c6cd3aebdf586ad62b4920c16cc8a6,mode/uid/gid recovered from parent .contents
/usr/spool/mail,directory,0,0711,3,0,1498803204,common-installed-snapshot,base-dump-inventory,S8000-2.tar,usr/spool/mail,,mode/uid/gid recovered from parent .contents
/usr/spool/mail/.contents,file,22,0664,3,0,469763644,common-installed-snapshot,base-dump-inventory,S8000-2.tar,usr/spool/mail/.contents,d61fa2ad3da604d47b714c71be63320783c6cd3aebdf586ad62b4920c16cc8a6,mode/uid/gid recovered from parent .contents
/usr/spool/mail/cissi,file,0,0600,508,20,564783769,common-installed-snapshot,unclassified-installed-snapshot,S8000-2.tar,usr/spool/mail/cissi,e3b0c44298fc1c149afbf4c8996fb92427ae41e4649b934ca495991b7852b855,metadata from modern tar wrapper
/usr/spool/mail/gunnar,file,0,0600,508,20,557771986,common-installed-snapshot,unclassified-installed-snapshot,S8000-2.tar,usr/spool/mail/gunnar,e3b0c44298fc1c149afbf4c8996fb92427ae41e4649b934ca495991b7852b855,metadata from modern tar wrapper
/usr/spool/mail/ind,file,0,0600,508,20,569622625,common-installed-snapshot,unclassified-installed-snapshot,S8000-2.tar,usr/spool/mail/ind,e3b0c44298fc1c149afbf4c8996fb92427ae41e4649b934ca495991b7852b855,metadata from modern tar wrapper
/usr/spool/mail/lo,file,0,0600,508,20,557772037,common-installed-snapshot,unclassified-installed-snapshot,S8000-2.tar,usr/spool/mail/lo,e3b0c44298fc1c149afbf4c8996fb92427ae41e4649b934ca495991b7852b855,metadata from modern tar wrapper
/usr/spool/mail/mattis,file,0,0600,508,20,661854640,common-installed-snapshot,unclassified-installed-snapshot,S8000-2.tar,usr/spool/mail/mattis,e3b0c44298fc1c149afbf4c8996fb92427ae41e4649b934ca495991b7852b855,metadata from modern tar wrapper
/usr/spool/mail/ove,file,64,0600,508,20,557771828,common-installed-snapshot,unclassified-installed-snapshot,S8000-2.tar,usr/spool/mail/ove,8109b43898e8ee611b9ca171763d0cdf5c6095af6479fedd271d2241cdcab858,metadata from modern tar wrapper
/usr/spool/mail/patrik,file,0,0600,508,20,557772069,common-installed-snapshot,unclassified-installed-snapshot,S8000-2.tar,usr/spool/mail/patrik,e3b0c44298fc1c149afbf4c8996fb92427ae41e4649b934ca495991b7852b855,metadata from modern tar wrapper
/usr/spool/mail/peter,file,2,0600,508,20,578097562,common-installed-snapshot,unclassified-installed-snapshot,S8000-2.tar,usr/spool/mail/peter,e8a15f2a548393fe0930ea71039d2ccfd4b15429950cf4cfe89273c622f64de6,metadata from modern tar wrapper
/usr/spool/mail/rune,file,95,0600,508,20,661845316,common-installed-snapshot,unclassified-installed-snapshot,S8000-2.tar,usr/spool/mail/rune,e4df618ae1e8f82db2835c9db5c6f79b60001ab27b383b6e48c24ba68d1fb2cc,metadata from modern tar wrapper
/usr/spool/mail/tmp,file,0,0600,508,20,535393359,common-installed-snapshot,unclassified-installed-snapshot,S8000-2.tar,usr/spool/mail/tmp,e3b0c44298fc1c149afbf4c8996fb92427ae41e4649b934ca495991b7852b855,metadata from modern tar wrapper
/usr/spool/queuer,directory,0,0775,1,0,1498803204,common-installed-snapshot,base-dump-inventory,S8000-2.tar,usr/spool/queuer,,mode/uid/gid recovered from parent .contents
/usr/spool/queuer/.contents,file,110,0664,3,0,469763630,common-installed-snapshot,base-dump-inventory,S8000-2.tar,usr/spool/queuer/.contents,df59e855ec3dd02adaaa73a7cf9f029d3fa02862cb11d3cf8d94e1cd8eb57cc4,mode/uid/gid recovered from parent .contents
/usr/spool/queuer/activeconfig,file,742,0600,508,20,664332700,common-installed-snapshot,unclassified-installed-snapshot,S8000-2.tar,usr/spool/queuer/activeconfig,fbf9745f0674d56bb7ca671eba47ca0228626b04cd43728da98f5322e3ef7ee1,metadata from modern tar wrapper
/usr/spool/queuer/config,file,211,0664,1,0,663666513,common-installed-snapshot,base-dump-inventory,S8000-2.tar,usr/spool/queuer/config,c48877a5fca6fdff4adfc5c2ef9aac589cfababbf472bb8eb400aa9b1eb452f6,mode/uid/gid recovered from parent .contents
/usr/spool/queuer/logfile,file,19914,0640,0,0,663666549,common-installed-snapshot,base-dump-inventory,S8000-2.tar,usr/spool/queuer/logfile,103e45b8dfcf3336d7ae2dfb658469b01dea2ea2d9e12ed12fe663a7b33e2402,mode/uid/gid recovered from parent .contents
/usr/spool/queuer/requestdir,directory,0,0775,1,0,1498803204,common-installed-snapshot,base-dump-inventory,S8000-2.tar,usr/spool/queuer/requestdir,,mode/uid/gid recovered from parent .contents
/usr/spool/queuer/requestdir/.contents,file,22,0664,3,0,469763634,common-installed-snapshot,base-dump-inventory,S8000-2.tar,usr/spool/queuer/requestdir/.contents,d61fa2ad3da604d47b714c71be63320783c6cd3aebdf586ad62b4920c16cc8a6,mode/uid/gid recovered from parent .contents
/usr/spool/queuer/requestdir/R000141,file,474,0600,508,20,664333153,common-installed-snapshot,unclassified-installed-snapshot,S8000-2.tar,usr/spool/queuer/requestdir/R000141,f2b88431b9fee0c9f236721ff723e984b38afea9d5e00a337a365dc97d35ebba,metadata from modern tar wrapper
/usr/spool/queuer/requestdir/R000158,file,474,0600,508,20,663664877,common-installed-snapshot,unclassified-installed-snapshot,S8000-2.tar,usr/spool/queuer/requestdir/R000158,773f33c92440d87a527b6149a892a84fb3f82622446d62150e5c06d43b70ca40,metadata from modern tar wrapper
/usr/spool/queuer/requestdir/R000170,file,474,0600,508,20,663664963,common-installed-snapshot,unclassified-installed-snapshot,S8000-2.tar,usr/spool/queuer/requestdir/R000170,00adc45e7fc60c5df558f08e39af922404536a95189665c6c7eaae80326b8c9f,metadata from modern tar wrapper
/usr/spool/queuer/requestdir/R000493,file,474,0600,508,20,664326962,common-installed-snapshot,unclassified-installed-snapshot,S8000-2.tar,usr/spool/queuer/requestdir/R000493,c7dcf8e6f55daeefc6f67ec4e3333e6a0d497db15cb140bd5bf22c7dbf866e00,metadata from modern tar wrapper
/usr/spool/queuer/requestdir/r016419,file,0,0600,508,20,567129215,common-installed-snapshot,unclassified-installed-snapshot,S8000-2.tar,usr/spool/queuer/requestdir/r016419,e3b0c44298fc1c149afbf4c8996fb92427ae41e4649b934ca495991b7852b855,metadata from modern tar wrapper
/usr/spool/queuer/requestdir/ra16419,file,0,0600,508,20,567129214,common-installed-snapshot,unclassified-installed-snapshot,S8000-2.tar,usr/spool/queuer/requestdir/ra16419,e3b0c44298fc1c149afbf4c8996fb92427ae41e4649b934ca495991b7852b855,metadata from modern tar wrapper
/usr/spool/queuer/statusdir,directory,0,0775,1,0,1498803204,common-installed-snapshot,base-dump-inventory,S8000-2.tar,usr/spool/queuer/statusdir,,mode/uid/gid recovered from parent .contents
/usr/spool/queuer/statusdir/.contents,file,22,0664,3,0,469763639,common-installed-snapshot,base-dump-inventory,S8000-2.tar,usr/spool/queuer/statusdir/.contents,d61fa2ad3da604d47b714c71be63320783c6cd3aebdf586ad62b4920c16cc8a6,mode/uid/gid recovered from parent .contents
/usr/spool/queuer/statusdir/lpr,file,6,0600,508,20,534430931,common-installed-snapshot,unclassified-installed-snapshot,S8000-2.tar,usr/spool/queuer/statusdir/lpr,455071e814aec9e8a1d13d4e7d1941ac9862746eedc5c1ed2cc52fe3faffaf51,metadata from modern tar wrapper
/usr/spool/queuer/statusdir/lpr:1,file,30,0600,508,20,664326962,common-installed-snapshot,unclassified-installed-snapshot,S8000-2.tar,usr/spool/queuer/statusdir/lpr:1,9b4a3e4b5059175c552b20bcca22fbd31753da24cf25351dc90a3eaff9da6016,metadata from modern tar wrapper
/usr/spool/queuer/statusdir/text,file,6,0600,508,20,534430931,common-installed-snapshot,unclassified-installed-snapshot,S8000-2.tar,usr/spool/queuer/statusdir/text,455071e814aec9e8a1d13d4e7d1941ac9862746eedc5c1ed2cc52fe3faffaf51,metadata from modern tar wrapper
/usr/spool/queuer/statusdir/text:1,file,30,0600,508,20,663733218,common-installed-snapshot,unclassified-installed-snapshot,S8000-2.tar,usr/spool/queuer/statusdir/text:1,60959fcc46d41ac7774868f8488629be1e5e07a0b10fc29e425d3018d8c7a0aa,metadata from modern tar wrapper
/usr/spool/uucp,directory,0,0777,3,0,1498803204,common-installed-snapshot,base-dump-inventory,S8000-2.tar,usr/spool/uucp,,mode/uid/gid recovered from parent .contents
/usr/spool/uucp/.contents,file,66,0664,3,0,469763649,common-installed-snapshot,base-dump-inventory,S8000-2.tar,usr/spool/uucp/.contents,0ed0a2ff96cf01e11fbd99685f99d0e0b7b206192778e80a003a0657d6d367f6,mode/uid/gid recovered from parent .contents
/usr/spool/uucp/AUDIT,file,23,0600,508,20,546146187,common-installed-snapshot,unclassified-installed-snapshot,S8000-2.tar,usr/spool/uucp/AUDIT,aa2d8498184d19daed794f09d74950a0db657ae3724c4f417f0324eb426e14f2,metadata from modern tar wrapper
/usr/spool/uucp/LOGFILE,file,0,0666,2,0,469763458,common-installed-snapshot,base-dump-inventory,S8000-2.tar,usr/spool/uucp/LOGFILE,e3b0c44298fc1c149afbf4c8996fb92427ae41e4649b934ca495991b7852b855,mode/uid/gid recovered from parent .contents
/usr/spool/uucp/remotelines,file,21,0664,3,0,469763458,common-installed-snapshot,base-dump-inventory,S8000-2.tar,usr/spool/uucp/remotelines,f6ca978decf91a615a552344ef45af79632b4aeb1ba78ac2c7189d2a389811f5,mode/uid/gid recovered from parent .contents
/usr/src,directory,0,0775,3,0,1498803204,common-installed-snapshot,base-dump-inventory,S8000-2.tar,usr/src,,mode/uid/gid recovered from parent .contents
/usr/src/.contents,file,132,0664,3,0,469764650,common-installed-snapshot,base-dump-inventory,S8000-2.tar,usr/src/.contents,7d5fa22102b27dbe10dd03e0a190e457af80aa298693153714f9e1184707d509,mode/uid/gid recovered from parent .contents
/usr/src/Makefile,file,2271,0664,3,0,469764499,common-installed-snapshot,base-dump-inventory,S8000-2.tar,usr/src/Makefile,aa61bbac7eed94781157b30ad404421fbc9bf52edfca0063c11e6fd4082e5843,mode/uid/gid recovered from parent .contents
/usr/src/getfile.c,file,9814,0664,3,0,469764500,common-installed-snapshot,base-dump-inventory,S8000-2.tar,usr/src/getfile.c,7ae713703efe5ac2f377c36d66c4026ecea7cee83ede8a6e34608ded4262ad13,mode/uid/gid recovered from parent .contents
/usr/src/local.c,file,2207,0664,3,0,469764500,common-installed-snapshot,base-dump-inventory,S8000-2.tar,usr/src/local.c,f2b883ffd6e4fa3958cb52a80b55ff4ca991ee08aa6f43acbef128109d5e743e,mode/uid/gid recovered from parent .contents
/usr/src/putfile.c,file,8193,0664,3,0,469764501,common-installed-snapshot,base-dump-inventory,S8000-2.tar,usr/src/putfile.c,0387989be0e0294a13b4097dc93182a996da13632b9d61eddbca44ddf859b97c,mode/uid/gid recovered from parent .contents
/usr/src/remote.c,file,27525,0664,3,0,469764503,common-installed-snapshot,base-dump-inventory,S8000-2.tar,usr/src/remote.c,f4706e7b00983b19f802b2a113a6b23ffff31faf260be1c8d6c24b548c762d43,mode/uid/gid recovered from parent .contents
/usr/stand,directory,0,0775,3,0,1498803204,common-installed-snapshot,base-dump-inventory,S8000-2.tar,usr/stand,,mode/uid/gid recovered from parent .contents
/usr/stand/.contents,file,44,0664,3,0,469763841,common-installed-snapshot,base-dump-inventory,S8000-2.tar,usr/stand/.contents,19eae07a5934d9c034d6f55c598c1edb172107d1cff29a3e6d3bc7b20eb11cad,mode/uid/gid recovered from parent .contents
/usr/stand/boot,file,22786,0444,0,0,469763593,common-installed-snapshot,base-dump-inventory,S8000-2.tar,usr/stand/boot,9064564f79f97580fb1e3f517da3cb8fa529e07d31c904b64f8c4f3c401e320e,mode/uid/gid recovered from parent .contents
/usr/sys,directory,0,0770,0,0,1498803204,common-installed-snapshot,base-dump-inventory,S8000-2.tar,usr/sys,,mode/uid/gid recovered from parent .contents
/usr/sys/.contents,file,154,0664,3,0,469763757,common-installed-snapshot,base-dump-inventory,S8000-2.tar,usr/sys/.contents,272beafefe6e0e895c91d0539ace7e25cd0bb715ed8d842b4cd917bfba14b82e,mode/uid/gid recovered from parent .contents
/usr/sys/conf,directory,0,0775,3,0,1498803204,common-installed-snapshot,base-dump-inventory,S8000-2.tar,usr/sys/conf,,mode/uid/gid recovered from parent .contents
/usr/sys/conf/.contents,file,198,0664,3,0,469763767,common-installed-snapshot,base-dump-inventory,S8000-2.tar,usr/sys/conf/.contents,ee9491e1bb30c2e1d01708f91f0102019fbd88f92c3b834b7c78e1c52a8bdf80,mode/uid/gid recovered from parent .contents
/usr/sys/conf/conf1.o,file,5554,0644,3,0,469763562,common-installed-snapshot,base-dump-inventory,S8000-2.tar,usr/sys/conf/conf1.o,c9e6a3e9bebfc67c9f6ca7bfb5f3f82bd7d108f9352113b3f2c78fa07ff8fbfe,mode/uid/gid recovered from parent .contents
/usr/sys/conf/conf2.icp.o,file,2380,0644,3,0,469763562,common-installed-snapshot,base-dump-inventory,S8000-2.tar,usr/sys/conf/conf2.icp.o,edb43b38d051e5f753b7e0f294ad06a1c6628b63fda40f2ddc74d94442153988,mode/uid/gid recovered from parent .contents
/usr/sys/conf/conf2.nicp.o,file,2380,0644,3,0,469763563,common-installed-snapshot,base-dump-inventory,S8000-2.tar,usr/sys/conf/conf2.nicp.o,b60ef84b4188cea0ecea76cf309d32dcc484e514e355d2f6d5e9c987b7356750,mode/uid/gid recovered from parent .contents
/usr/sys/conf/event.icp.o,file,2994,0644,3,0,469763563,common-installed-snapshot,base-dump-inventory,S8000-2.tar,usr/sys/conf/event.icp.o,393d5d2c704915cfdf47932a1d3aa4fca822176155458b094284118eb8f79ecc,mode/uid/gid recovered from parent .contents
/usr/sys/conf/event.nicp.o,file,2994,0644,3,0,469763563,common-installed-snapshot,base-dump-inventory,S8000-2.tar,usr/sys/conf/event.nicp.o,0ab4dcdf7eaa0443f9883cf37f2c0a261e1f868e9f86d057312f795767cafdbd,mode/uid/gid recovered from parent .contents
/usr/sys/conf/mch.o,file,5980,0644,3,0,469763564,common-installed-snapshot,base-dump-inventory,S8000-2.tar,usr/sys/conf/mch.o,0cafc9dda17b4445de958074617b416a2d87bc63a97f74b6101340716722b293,mode/uid/gid recovered from parent .contents
/usr/sys/conf/ver.c+,file,1687,0644,0,0,469763564,common-installed-snapshot,base-dump-inventory,S8000-2.tar,usr/sys/conf/ver.c+,84098ac8f7883ebd28bcdd5e1e6c7affc128d02afc68f259878dfb50b75f6210,mode/uid/gid recovered from parent .contents
/usr/sys/conf/z.c,file,2672,0644,0,0,469763564,common-installed-snapshot,base-dump-inventory,S8000-2.tar,usr/sys/conf/z.c,1b8aadf32bd6886a1b1917b73d599c585dc2bf66c929e83d815d24191534e6da,mode/uid/gid recovered from parent .contents
/usr/sys/dev,directory,0,0775,3,0,1498803204,common-installed-snapshot,base-dump-inventory,S8000-2.tar,usr/sys/dev,,mode/uid/gid recovered from parent .contents
/usr/sys/dev/.contents,file,462,0664,3,0,469763772,common-installed-snapshot,base-dump-inventory,S8000-2.tar,usr/sys/dev/.contents,0229f302f03fbb1cd45539db0419a7a67f3a886d3aea01216e51703175024f5e,mode/uid/gid recovered from parent .contents
/usr/sys/dev/LIB2,file,58908,0644,3,0,469763575,common-installed-snapshot,base-dump-inventory,S8000-2.tar,usr/sys/dev/LIB2,efd1fc5a50a45ef493f9bd22e0e59e0be6e84a8942a9f90d5252262ea67101ed,mode/uid/gid recovered from parent .contents
/usr/sys/dev/ct.d.o,file,1152,0644,3,0,469763565,common-installed-snapshot,base-dump-inventory,S8000-2.tar,usr/sys/dev/ct.d.o,aaaaf681b9d3db0af0efde4de529204fc057a8a2e2658a56ed12c9dcfbc77d4e,mode/uid/gid recovered from parent .contents
/usr/sys/dev/ct.o,file,8234,0644,3,0,469763566,common-installed-snapshot,base-dump-inventory,S8000-2.tar,usr/sys/dev/ct.o,f691cabed4d7bad2ea69faa614cc9d1b89f86c4c1b743ead525fd5ea9e26d879,mode/uid/gid recovered from parent .contents
/usr/sys/dev/lpr.c,file,21859,0644,3,0,469763577,common-installed-snapshot,base-dump-inventory,S8000-2.tar,usr/sys/dev/lpr.c,0b361ee1d967622b1ac5924481cb83f53aca8160ab19b6901adef242208cabbc,mode/uid/gid recovered from parent .contents
/usr/sys/dev/lpr.d.o,file,1148,0644,3,0,469763566,common-installed-snapshot,base-dump-inventory,S8000-2.tar,usr/sys/dev/lpr.d.o,eeaf894680bf2aae0f5a5a64d5572538f582b608ef365d39d93a7e85885e2bac,mode/uid/gid recovered from parent .contents
/usr/sys/dev/lpr.o,file,6596,0644,3,0,469763566,common-installed-snapshot,base-dump-inventory,S8000-2.tar,usr/sys/dev/lpr.o,8d16c62bae6750d77e7d2f8af99d07c9b832edaf86f8159105ff2ba348b689f9,mode/uid/gid recovered from parent .contents
/usr/sys/dev/md.d.o,file,1184,0644,3,0,469763567,common-installed-snapshot,base-dump-inventory,S8000-2.tar,usr/sys/dev/md.d.o,8ca78049bb501099edbd3f90452e3487a254c4559c9f07371ce26556f2d845e0,mode/uid/gid recovered from parent .contents
/usr/sys/dev/md.o,file,8748,0644,3,0,534374177,common-installed-snapshot,base-dump-inventory,S8000-2.tar,usr/sys/dev/md.o,6291ea429f669e4ead55b08ccb7fc1716b12831ccf4dc33050d13546c2df785c,mode/uid/gid recovered from parent .contents
/usr/sys/dev/mt.d.o,file,1188,0644,3,0,469763567,common-installed-snapshot,base-dump-inventory,S8000-2.tar,usr/sys/dev/mt.d.o,e78bd5c9f0db7c2293353c7e048d32f83322cc550e89cc8429b71e6ec5d760d5,mode/uid/gid recovered from parent .contents
/usr/sys/dev/mt.o,file,13974,0644,3,0,469763568,common-installed-snapshot,base-dump-inventory,S8000-2.tar,usr/sys/dev/mt.o,c7fc32ce46400ea263d4ca7eec7ffb581338cb94db6c572d349651a165db2a50,mode/uid/gid recovered from parent .contents
/usr/sys/dev/smd.d.o,file,1230,0644,3,0,469763569,common-installed-snapshot,base-dump-inventory,S8000-2.tar,usr/sys/dev/smd.d.o,fa9ac8a69adedb99cc6b7a921365da8fbfcb3254de08731164b0f9ca33f6988c,mode/uid/gid recovered from parent .contents
/usr/sys/dev/smd.o,file,12426,0644,3,0,469763570,common-installed-snapshot,base-dump-inventory,S8000-2.tar,usr/sys/dev/smd.o,54ce1f12deac57ae811de74448df6e74cc0b5a3211c757cd73931a8a0c9185d7,mode/uid/gid recovered from parent .contents
/usr/sys/dev/udev1.c,file,1106,0644,3,0,469763570,common-installed-snapshot,base-dump-inventory,S8000-2.tar,usr/sys/dev/udev1.c,024ce1926692c65a4cba226dc5182bc43fae0c49ef75d8e698f7fad281de0d72,mode/uid/gid recovered from parent .contents
/usr/sys/dev/udev2.c,file,1106,0644,3,0,469763570,common-installed-snapshot,base-dump-inventory,S8000-2.tar,usr/sys/dev/udev2.c,35944455db3f68f19e38383ceefb3cbf329c5530f3fa26a224148a553c94598c,mode/uid/gid recovered from parent .contents
/usr/sys/dev/udev3.c,file,1106,0644,3,0,469763570,common-installed-snapshot,base-dump-inventory,S8000-2.tar,usr/sys/dev/udev3.c,f4e29d3e945fb8e59f6ba96aeb571e6bf268eecebaf3d9be52ce24a6838d5334,mode/uid/gid recovered from parent .contents
/usr/sys/dev/udev4.c,file,1106,0644,3,0,469763570,common-installed-snapshot,base-dump-inventory,S8000-2.tar,usr/sys/dev/udev4.c,1a3eb386f25352792a2b12b88e14c645424567d62f4d9b88601e7a7fc42e1257,mode/uid/gid recovered from parent .contents
/usr/sys/dev/udev5.c,file,1106,0644,3,0,469763571,common-installed-snapshot,base-dump-inventory,S8000-2.tar,usr/sys/dev/udev5.c,156aa3af20b0b4f5c952a91c6e8ea3fd19a86c938cc55191ba5c9c25d80ad624,mode/uid/gid recovered from parent .contents
/usr/sys/dev/udev6.c,file,1106,0644,3,0,469763571,common-installed-snapshot,base-dump-inventory,S8000-2.tar,usr/sys/dev/udev6.c,ebed5cba795d3e3f1bebdcd478e9ce85b9380d6019c7060b1e0adff25d0467db,mode/uid/gid recovered from parent .contents
/usr/sys/dev/zd.d.o,file,1150,0644,3,0,469763571,common-installed-snapshot,base-dump-inventory,S8000-2.tar,usr/sys/dev/zd.d.o,779ddc929795193d79cc7b0d59344a094b610e1cf930a4f2e2d22f7b3177d38c,mode/uid/gid recovered from parent .contents
/usr/sys/dev/zd.o,file,6272,0644,3,0,469763572,common-installed-snapshot,base-dump-inventory,S8000-2.tar,usr/sys/dev/zd.o,d86c5315273e50eb2f092fc9b19c6da9ca5b04b8413beee27d2570b96144ee56,mode/uid/gid recovered from parent .contents
/usr/sys/fpe,directory,0,0775,3,0,1498803204,common-installed-snapshot,base-dump-inventory,S8000-2.tar,usr/sys/fpe,,mode/uid/gid recovered from parent .contents
/usr/sys/fpe/.contents,file,44,0664,3,0,469763782,common-installed-snapshot,base-dump-inventory,S8000-2.tar,usr/sys/fpe/.contents,b8d2fa37eb4d4420a3850ba3b00058e3ecd05fd4103ba45e09aacdd4aaf747b5,mode/uid/gid recovered from parent .contents
/usr/sys/fpe/fpe.o,file,14600,0644,3,0,469763580,common-installed-snapshot,base-dump-inventory,S8000-2.tar,usr/sys/fpe/fpe.o,9328adcf6700d093d475bba3932845b8ea37218f892a3cd8f025ba72e1fbcc9e,mode/uid/gid recovered from parent .contents
/usr/sys/h,directory,0,0775,3,0,1498803204,common-installed-snapshot,base-dump-inventory,S8000-2.tar,usr/sys/h,,mode/uid/gid recovered from parent .contents
/usr/sys/h/.contents,file,44,0664,3,0,469763777,common-installed-snapshot,base-dump-inventory,S8000-2.tar,usr/sys/h/.contents,a3e7edddde8f6f49a40d2771b13495839bb1bbcaf10b46994414937da0025f3b,mode/uid/gid recovered from parent .contents
/usr/sys/h/sysparm.h,file,1647,0644,3,0,534442050,common-installed-snapshot,base-dump-inventory,S8000-2.tar,usr/sys/h/sysparm.h,d0f9102e1e8f7bba9fbb8fb6dca625d1163d824b3ae647e9fad7d73908dc7834,mode/uid/gid recovered from parent .contents
/usr/sys/icp,directory,0,0775,3,0,1498803204,common-installed-snapshot,base-dump-inventory,S8000-2.tar,usr/sys/icp,,mode/uid/gid recovered from parent .contents
/usr/sys/icp/.contents,file,44,0664,3,0,469763787,common-installed-snapshot,base-dump-inventory,S8000-2.tar,usr/sys/icp/.contents,aa985085eff4dcc78e3838cef44147dc5e05de36e7e2197dea4b936fec24fbb4,mode/uid/gid recovered from parent .contents
/usr/sys/icp/zpd,directory,0,0777,3,0,1784920857.418398,common-installed-snapshot,base-dump-inventory,S8000-2.tar,usr/sys/icp/zpd,,mode/uid/gid recovered from parent .contents
/usr/sys/icp/zpd/.DS_Store,file,6148,0644,508,20,1784921093.7282565,common-installed-snapshot,unclassified-installed-snapshot,S8000-2.tar,usr/sys/icp/zpd/.DS_Store,46aeb30308c55085f389483135297e3f166fbc1b4ed5c4ab763e76b4a13eace1,metadata from modern tar wrapper
/usr/sys/icp/zpd/.contents,file,264,0664,3,0,469763792,common-installed-snapshot,base-dump-inventory,S8000-2.tar,usr/sys/icp/zpd/.contents,6c3c062922e5b22c8cd5f73e35ceb23cf8816cc14aefede009bca633bd81e2d5,mode/uid/gid recovered from parent .contents
/usr/sys/icp/zpd/acu,directory,0,0775,3,0,1498803204,common-installed-snapshot,base-dump-inventory,S8000-2.tar,usr/sys/icp/zpd/acu,,mode/uid/gid recovered from parent .contents
/usr/sys/icp/zpd/acu/.contents,file,44,0664,3,0,469763802,common-installed-snapshot,base-dump-inventory,S8000-2.tar,usr/sys/icp/zpd/acu/.contents,435188e3cbf27cb250152fe1909a88cc890c5f491736c38ea2ed38610a5a2dfe,mode/uid/gid recovered from parent .contents
/usr/sys/icp/zpd/acu/acu.d.o,file,982,0644,3,0,469763584,common-installed-snapshot,base-dump-inventory,S8000-2.tar,usr/sys/icp/zpd/acu/acu.d.o,a75cdcea6f36db22883476016f93eb8e0f172930bf77cfb289e3c729a1cc4b2d,mode/uid/gid recovered from parent .contents
/usr/sys/icp/zpd/apt,directory,0,0775,3,0,1498803204,common-installed-snapshot,base-dump-inventory,S8000-2.tar,usr/sys/icp/zpd/apt,,mode/uid/gid recovered from parent .contents
/usr/sys/icp/zpd/apt/.contents,file,44,0664,3,0,469763806,common-installed-snapshot,base-dump-inventory,S8000-2.tar,usr/sys/icp/zpd/apt/.contents,14b762e325ac0a42606003916951519ab32d8583db19e6fde89652b25f0a45c9,mode/uid/gid recovered from parent .contents
/usr/sys/icp/zpd/apt/apt.d.o,file,982,0644,3,0,469763585,common-installed-snapshot,base-dump-inventory,S8000-2.tar,usr/sys/icp/zpd/apt/apt.d.o,049755527e5f36ecce3a490fc62261278144215db6f20958f1dd9fdd5ab84b9b,mode/uid/gid recovered from parent .contents
/usr/sys/icp/zpd/bs3,directory,0,0775,3,0,1498803204,common-installed-snapshot,base-dump-inventory,S8000-2.tar,usr/sys/icp/zpd/bs3,,mode/uid/gid recovered from parent .contents
/usr/sys/icp/zpd/bs3/.contents,file,44,0664,3,0,469763811,common-installed-snapshot,base-dump-inventory,S8000-2.tar,usr/sys/icp/zpd/bs3/.contents,4b7ed5ff0c9b9d739ac1ae26245adefa957a0ed4a431d684ac11a3dcd3065dbb,mode/uid/gid recovered from parent .contents
/usr/sys/icp/zpd/bs3/bs3.d.o,file,982,0644,3,0,469763586,common-installed-snapshot,base-dump-inventory,S8000-2.tar,usr/sys/icp/zpd/bs3/bs3.d.o,f222b114c433986a1d1c5d13949f1370d4c66618877447f6e1ed60ecf39c9e40,mode/uid/gid recovered from parent .contents
/usr/sys/icp/zpd/bsc,directory,0,0775,3,0,1498803204,common-installed-snapshot,base-dump-inventory,S8000-2.tar,usr/sys/icp/zpd/bsc,,mode/uid/gid recovered from parent .contents
/usr/sys/icp/zpd/bsc/.contents,file,44,0664,3,0,469763817,common-installed-snapshot,base-dump-inventory,S8000-2.tar,usr/sys/icp/zpd/bsc/.contents,592dd8aa39090145fe3862fedd363309a0ad4b4ba1fe96bf55ac45dad24fdd41,mode/uid/gid recovered from parent .contents
/usr/sys/icp/zpd/bsc/bsc.d.o,file,982,0644,3,0,469763586,common-installed-snapshot,base-dump-inventory,S8000-2.tar,usr/sys/icp/zpd/bsc/bsc.d.o,70b6c60b7d22fdb20ddb2640c2285aab6d72629f5b0f0d733fb2a52917e696c6,mode/uid/gid recovered from parent .contents
/usr/sys/icp/zpd/icp.d.o,file,1192,0644,3,0,469763582,common-installed-snapshot,base-dump-inventory,S8000-2.tar,usr/sys/icp/zpd/icp.d.o,c847889b9ed8efd60646a26fd2cbb3ad23a5940636f472e960f0277330c72c05,mode/uid/gid recovered from parent .contents
/usr/sys/icp/zpd/icp.o,file,17272,0644,3,0,469763582,common-installed-snapshot,base-dump-inventory,S8000-2.tar,usr/sys/icp/zpd/icp.o,98090283eda046f45a41cc566ef7e7bf6d81321d31d9cceb28a329e3d2362ee6,mode/uid/gid recovered from parent .contents
/usr/sys/icp/zpd/ilp,directory,0,0775,3,0,1498803204,common-installed-snapshot,base-dump-inventory,S8000-2.tar,usr/sys/icp/zpd/ilp,,mode/uid/gid recovered from parent .contents
/usr/sys/icp/zpd/ilp/.contents,file,44,0664,3,0,469763822,common-installed-snapshot,base-dump-inventory,S8000-2.tar,usr/sys/icp/zpd/ilp/.contents,4b4134c3331e9f50a3e363474a2181050d1417c01ecc706a4a31e558b6eed291,mode/uid/gid recovered from parent .contents
/usr/sys/icp/zpd/ilp/ilp.d.o,file,948,0644,3,0,469763587,common-installed-snapshot,base-dump-inventory,S8000-2.tar,usr/sys/icp/zpd/ilp/ilp.d.o,295dddd7b1b7ec1f5ad5c4cda34217f5b3ebb96ba17e1879df57188142f8199d,mode/uid/gid recovered from parent .contents
/usr/sys/icp/zpd/itty,directory,0,0775,3,0,1498803204,common-installed-snapshot,base-dump-inventory,S8000-2.tar,usr/sys/icp/zpd/itty,,mode/uid/gid recovered from parent .contents
/usr/sys/icp/zpd/itty/.contents,file,44,0664,3,0,469763797,common-installed-snapshot,base-dump-inventory,S8000-2.tar,usr/sys/icp/zpd/itty/.contents,602cb892681a8765439d8ddd68317a7ca5668f47a0050e5c4a924ecf1e2cb0cd,mode/uid/gid recovered from parent .contents
/usr/sys/icp/zpd/itty/itty.d.o,file,996,0644,3,0,469763583,common-installed-snapshot,base-dump-inventory,S8000-2.tar,usr/sys/icp/zpd/itty/itty.d.o,d8779abc9b147ecc4d2241bda6055a91a2f3170314cdc6613bbbec7a63db0a70,mode/uid/gid recovered from parent .contents
/usr/sys/icp/zpd/oly,directory,0,0775,3,0,1498803204,common-installed-snapshot,base-dump-inventory,S8000-2.tar,usr/sys/icp/zpd/oly,,mode/uid/gid recovered from parent .contents
/usr/sys/icp/zpd/oly/.contents,file,44,0664,3,0,469763826,common-installed-snapshot,base-dump-inventory,S8000-2.tar,usr/sys/icp/zpd/oly/.contents,5646f1a85fb8e28044c9d8772b698d79ac03ce86c63e0964b95cd0c5e0d8bc22,mode/uid/gid recovered from parent .contents
/usr/sys/icp/zpd/oly/oly.d.o,file,982,0644,3,0,469763588,common-installed-snapshot,base-dump-inventory,S8000-2.tar,usr/sys/icp/zpd/oly/oly.d.o,ecc9a8f8bacc52e35d7423aaae9f8e6d2c12907da5e95f85cbedf85669f5b744,mode/uid/gid recovered from parent .contents
/usr/sys/icp/zpd/sna,directory,0,0775,3,0,1498803204,common-installed-snapshot,base-dump-inventory,S8000-2.tar,usr/sys/icp/zpd/sna,,mode/uid/gid recovered from parent .contents
/usr/sys/icp/zpd/sna/.contents,file,44,0664,3,0,469763831,common-installed-snapshot,base-dump-inventory,S8000-2.tar,usr/sys/icp/zpd/sna/.contents,2ca444c93e57850d39456ac4c08b80a2e31b3ee421daba089511b614d05a4ec5,mode/uid/gid recovered from parent .contents
/usr/sys/icp/zpd/sna/sna.d.o,file,982,0644,3,0,469763589,common-installed-snapshot,base-dump-inventory,S8000-2.tar,usr/sys/icp/zpd/sna/sna.d.o,e3cbd8846216085fd56b3924dea7249807ced26da9bfe949349f9fd6841f83db,mode/uid/gid recovered from parent .contents
/usr/sys/icp/zpd/x25,directory,0,0775,3,0,1498803204,common-installed-snapshot,base-dump-inventory,S8000-2.tar,usr/sys/icp/zpd/x25,,mode/uid/gid recovered from parent .contents
/usr/sys/icp/zpd/x25/.contents,file,44,0664,3,0,469763836,common-installed-snapshot,base-dump-inventory,S8000-2.tar,usr/sys/icp/zpd/x25/.contents,a4b11536265611bae665ac32b25159233c04a080985128355b9bdf589f539486,mode/uid/gid recovered from parent .contents
/usr/sys/icp/zpd/x25/x25.d.o,file,982,0644,3,0,469763592,common-installed-snapshot,base-dump-inventory,S8000-2.tar,usr/sys/icp/zpd/x25/x25.d.o,96aa0867bcff3efd2407494fe8d8469ad14e97fc1c33341d7c389d5c98810bea,mode/uid/gid recovered from parent .contents
/usr/sys/sys,directory,0,0775,3,0,1498803204,common-installed-snapshot,base-dump-inventory,S8000-2.tar,usr/sys/sys,,mode/uid/gid recovered from parent .contents
/usr/sys/sys/.contents,file,44,0664,3,0,469763762,common-installed-snapshot,base-dump-inventory,S8000-2.tar,usr/sys/sys/.contents,e8a5688e75a27a6f2221835c164e59dc83eb688e9417645c563e0cace4b4e3db,mode/uid/gid recovered from parent .contents
/usr/sys/sys/LIB1,file,150992,0644,3,0,534374227,common-installed-snapshot,base-dump-inventory,S8000-2.tar,usr/sys/sys/LIB1,1d2f4cda0ef86edc43ea61857799f206b5489fa543554fd280d81115c0331bdb,mode/uid/gid recovered from parent .contents
/usr/sys/sys/sys1.o,file,13976,0600,508,20,534374179,common-installed-snapshot,unclassified-installed-snapshot,S8000-2.tar,usr/sys/sys/sys1.o,87e2f5d3c121aa41b411d4d96ff2235f653c3c737dcb6d985b193f508c52beec,metadata from modern tar wrapper
/usr/tmp,directory,0,0777,3,0,1498803204,common-installed-snapshot,base-dump-inventory,S8000-2.tar,usr/tmp,,mode/uid/gid recovered from parent .contents
/usr/tmp/.contents,file,22,0664,3,0,469763743,common-installed-snapshot,base-dump-inventory,S8000-2.tar,usr/tmp/.contents,d61fa2ad3da604d47b714c71be63320783c6cd3aebdf586ad62b4920c16cc8a6,mode/uid/gid recovered from parent .contents
/dev/root,documented-overlay-entry,,,,,,model-21-overlay,documented-model-overlay,03-3246-04_ZeusAdmin_Oct83.pdf,3-3 (PDF 32),,Complete model-specific file list documented by Zilog
/dev/rroot,documented-overlay-entry,,,,,,model-21-overlay,documented-model-overlay,03-3246-04_ZeusAdmin_Oct83.pdf,3-3 (PDF 32),,Complete model-specific file list documented by Zilog
/dev/rtmp,documented-overlay-entry,,,,,,model-21-overlay,documented-model-overlay,03-3246-04_ZeusAdmin_Oct83.pdf,3-3 (PDF 32),,Complete model-specific file list documented by Zilog
/dev/rusr,documented-overlay-entry,,,,,,model-21-overlay,documented-model-overlay,03-3246-04_ZeusAdmin_Oct83.pdf,3-3 (PDF 32),,Complete model-specific file list documented by Zilog
/dev/rz,documented-overlay-entry,,,,,,model-21-overlay,documented-model-overlay,03-3246-04_ZeusAdmin_Oct83.pdf,3-3 (PDF 32),,Complete model-specific file list documented by Zilog
/dev/rzd0,documented-overlay-entry,,,,,,model-21-overlay,documented-model-overlay,03-3246-04_ZeusAdmin_Oct83.pdf,3-3 (PDF 32),,Complete model-specific file list documented by Zilog
/dev/rzd2,documented-overlay-entry,,,,,,model-21-overlay,documented-model-overlay,03-3246-04_ZeusAdmin_Oct83.pdf,3-3 (PDF 32),,Complete model-specific file list documented by Zilog
/dev/rzd3,documented-overlay-entry,,,,,,model-21-overlay,documented-model-overlay,03-3246-04_ZeusAdmin_Oct83.pdf,3-3 (PDF 32),,Complete model-specific file list documented by Zilog
/dev/rzd4,documented-overlay-entry,,,,,,model-21-overlay,documented-model-overlay,03-3246-04_ZeusAdmin_Oct83.pdf,3-3 (PDF 32),,Complete model-specific file list documented by Zilog
/dev/swap,documented-overlay-entry,,,,,,model-21-overlay,documented-model-overlay,03-3246-04_ZeusAdmin_Oct83.pdf,3-3 (PDF 32),,Complete model-specific file list documented by Zilog
/dev/tmp,documented-overlay-entry,,,,,,model-21-overlay,documented-model-overlay,03-3246-04_ZeusAdmin_Oct83.pdf,3-3 (PDF 32),,Complete model-specific file list documented by Zilog
/dev/usr,documented-overlay-entry,,,,,,model-21-overlay,documented-model-overlay,03-3246-04_ZeusAdmin_Oct83.pdf,3-3 (PDF 32),,Complete model-specific file list documented by Zilog
/dev/z,documented-overlay-entry,,,,,,model-21-overlay,documented-model-overlay,03-3246-04_ZeusAdmin_Oct83.pdf,3-3 (PDF 32),,Complete model-specific file list documented by Zilog
/dev/zd0,documented-overlay-entry,,,,,,model-21-overlay,documented-model-overlay,03-3246-04_ZeusAdmin_Oct83.pdf,3-3 (PDF 32),,Complete model-specific file list documented by Zilog
/dev/zd2,documented-overlay-entry,,,,,,model-21-overlay,documented-model-overlay,03-3246-04_ZeusAdmin_Oct83.pdf,3-3 (PDF 32),,Complete model-specific file list documented by Zilog
/dev/zd3,documented-overlay-entry,,,,,,model-21-overlay,documented-model-overlay,03-3246-04_ZeusAdmin_Oct83.pdf,3-3 (PDF 32),,Complete model-specific file list documented by Zilog
/dev/zd4,documented-overlay-entry,,,,,,model-21-overlay,documented-model-overlay,03-3246-04_ZeusAdmin_Oct83.pdf,3-3 (PDF 32),,Complete model-specific file list documented by Zilog
/etc/group,documented-overlay-entry,,,,,,model-21-overlay,documented-model-overlay,03-3246-04_ZeusAdmin_Oct83.pdf,3-3 (PDF 32),,Complete model-specific file list documented by Zilog
/zeus,documented-overlay-entry,,,,,,model-21-overlay,documented-model-overlay,03-3246-04_ZeusAdmin_Oct83.pdf,3-3 (PDF 32),,Complete model-specific file list documented by Zilog
/zeus2_Y.Z,documented-overlay-entry,,,,,,model-21-overlay,documented-model-overlay,03-3246-04_ZeusAdmin_Oct83.pdf,3-3 (PDF 32),,Complete model-specific file list documented by Zilog
/dev/root,documented-overlay-entry,,,,,,model-31-overlay,documented-model-overlay,03-3246-04_ZeusAdmin_Oct83.pdf,3-3 (PDF 32),,Complete model-specific file list documented by Zilog
/dev/rroot,documented-overlay-entry,,,,,,model-31-overlay,documented-model-overlay,03-3246-04_ZeusAdmin_Oct83.pdf,3-3 (PDF 32),,Complete model-specific file list documented by Zilog
/dev/rsmd0,documented-overlay-entry,,,,,,model-31-overlay,documented-model-overlay,03-3246-04_ZeusAdmin_Oct83.pdf,3-3 (PDF 32),,Complete model-specific file list documented by Zilog
/dev/rsmd2,documented-overlay-entry,,,,,,model-31-overlay,documented-model-overlay,03-3246-04_ZeusAdmin_Oct83.pdf,3-3 (PDF 32),,Complete model-specific file list documented by Zilog
/dev/rsmd3,documented-overlay-entry,,,,,,model-31-overlay,documented-model-overlay,03-3246-04_ZeusAdmin_Oct83.pdf,3-3 (PDF 32),,Complete model-specific file list documented by Zilog
/dev/rsmd4,documented-overlay-entry,,,,,,model-31-overlay,documented-model-overlay,03-3246-04_ZeusAdmin_Oct83.pdf,3-3 (PDF 32),,Complete model-specific file list documented by Zilog
/dev/rtmp,documented-overlay-entry,,,,,,model-31-overlay,documented-model-overlay,03-3246-04_ZeusAdmin_Oct83.pdf,3-3 (PDF 32),,Complete model-specific file list documented by Zilog
/dev/rusr,documented-overlay-entry,,,,,,model-31-overlay,documented-model-overlay,03-3246-04_ZeusAdmin_Oct83.pdf,3-3 (PDF 32),,Complete model-specific file list documented by Zilog
/dev/rz,documented-overlay-entry,,,,,,model-31-overlay,documented-model-overlay,03-3246-04_ZeusAdmin_Oct83.pdf,3-3 (PDF 32),,Complete model-specific file list documented by Zilog
/dev/smd0,documented-overlay-entry,,,,,,model-31-overlay,documented-model-overlay,03-3246-04_ZeusAdmin_Oct83.pdf,3-3 (PDF 32),,Complete model-specific file list documented by Zilog
/dev/smd2,documented-overlay-entry,,,,,,model-31-overlay,documented-model-overlay,03-3246-04_ZeusAdmin_Oct83.pdf,3-3 (PDF 32),,Complete model-specific file list documented by Zilog
/dev/smd3,documented-overlay-entry,,,,,,model-31-overlay,documented-model-overlay,03-3246-04_ZeusAdmin_Oct83.pdf,3-3 (PDF 32),,Complete model-specific file list documented by Zilog
/dev/smd4,documented-overlay-entry,,,,,,model-31-overlay,documented-model-overlay,03-3246-04_ZeusAdmin_Oct83.pdf,3-3 (PDF 32),,Complete model-specific file list documented by Zilog
/dev/swap,documented-overlay-entry,,,,,,model-31-overlay,documented-model-overlay,03-3246-04_ZeusAdmin_Oct83.pdf,3-3 (PDF 32),,Complete model-specific file list documented by Zilog
/dev/tmp,documented-overlay-entry,,,,,,model-31-overlay,documented-model-overlay,03-3246-04_ZeusAdmin_Oct83.pdf,3-3 (PDF 32),,Complete model-specific file list documented by Zilog
/dev/usr,documented-overlay-entry,,,,,,model-31-overlay,documented-model-overlay,03-3246-04_ZeusAdmin_Oct83.pdf,3-3 (PDF 32),,Complete model-specific file list documented by Zilog
/dev/z,documented-overlay-entry,,,,,,model-31-overlay,documented-model-overlay,03-3246-04_ZeusAdmin_Oct83.pdf,3-3 (PDF 32),,Complete model-specific file list documented by Zilog
/etc/group,documented-overlay-entry,,,,,,model-31-overlay,documented-model-overlay,03-3246-04_ZeusAdmin_Oct83.pdf,3-3 (PDF 32),,Complete model-specific file list documented by Zilog
/zeus,documented-overlay-entry,,,,,,model-31-overlay,documented-model-overlay,03-3246-04_ZeusAdmin_Oct83.pdf,3-3 (PDF 32),,Complete model-specific file list documented by Zilog
/zeus2_Y.Z,documented-overlay-entry,,,,,,model-31-overlay,documented-model-overlay,03-3246-04_ZeusAdmin_Oct83.pdf,3-3 (PDF 32),,Complete model-specific file list documented by Zilog
